merchant_id,sales_date,approved_transactions,sales_amount_cop
M001,2025-01-12,0,0
M001,2025-01-13,0,0
M001,2025-01-14,3,211404
M001,2025-01-15,2,312186
M001,2025-01-16,3,158583
M001,2025-01-17,0,0
M001,2025-01-18,0,0
M001,2025-01-19,3,199545
M001,2025-01-20,0,0
M001,2025-01-21,2,180720
M001,2025-01-22,6,1074648
M001,2025-01-23,6,416214
M001,2025-01-24,4,152188
M001,2025-01-25,5,533685
M001,2025-01-26,0,0
M001,2025-01-27,0,0
M001,2025-01-28,0,0
M001,2025-01-29,0,0
M001,2025-01-30,0,0
M001,2025-01-31,2,154440
M001,2025-02-01,8,631328
M001,2025-02-02,0,0
M001,2025-02-03,0,0
M001,2025-02-04,0,0
M001,2025-02-05,4,663864
M001,2025-02-06,1,75335
M001,2025-02-07,3,182139
M001,2025-02-08,3,303417
M001,2025-02-09,5,474910
M001,2025-02-10,5,779580
M001,2025-02-11,4,580836
M001,2025-02-12,0,0
M001,2025-02-13,7,535220
M001,2025-02-14,0,0
M001,2025-02-15,5,277030
M001,2025-02-16,4,497284
M001,2025-02-17,2,186556
M001,2025-02-18,2,255400
M001,2025-02-19,0,0
M001,2025-02-20,4,419104
M001,2025-02-21,0,0
M001,2025-02-22,0,0
M001,2025-02-23,5,576245
M001,2025-02-24,2,198056
M001,2025-02-25,7,565971
M001,2025-02-26,0,0
M001,2025-02-27,1,167692
M001,2025-02-28,4,382076
M001,2025-03-01,0,0
M001,2025-03-02,7,770273
M001,2025-03-03,4,150768
M001,2025-03-04,2,256410
M001,2025-03-05,6,810252
M001,2025-03-06,0,0
M001,2025-03-07,7,1213527
M001,2025-03-08,0,0
M001,2025-03-09,3,525513
M001,2025-03-10,0,0
M001,2025-03-11,0,0
M001,2025-03-12,5,489360
M001,2025-03-13,0,0
M001,2025-03-14,0,0
M001,2025-03-15,6,869088
M001,2025-03-16,5,575045
M001,2025-03-17,2,181384
M001,2025-03-18,4,505636
M001,2025-03-19,1,76266
M001,2025-03-20,2,274362
M001,2025-03-21,0,0
M001,2025-03-22,0,0
M001,2025-03-23,0,0
M001,2025-03-24,0,0
M001,2025-03-25,6,697848
M001,2025-03-26,6,704700
M001,2025-03-27,0,0
M001,2025-03-28,7,567238
M001,2025-03-29,0,0
M001,2025-03-30,7,270928
M001,2025-03-31,4,175328
M001,2025-04-01,0,0
M001,2025-04-02,3,294042
M001,2025-04-03,3,400170
M001,2025-04-04,0,0
M001,2025-04-05,6,450840
M001,2025-04-06,3,221274
M001,2025-04-07,0,0
M001,2025-04-08,5,333595
M001,2025-04-09,0,0
M001,2025-04-10,2,177444
M001,2025-04-11,2,276862
M001,2025-04-12,0,0
M001,2025-04-13,4,182520
M001,2025-04-14,7,639331
M001,2025-04-15,4,467676
M001,2025-04-16,4,360164
M001,2025-04-17,5,308455
M001,2025-04-18,5,244635
M001,2025-04-19,5,761380
M001,2025-04-20,1,59922
M001,2025-04-21,4,531156
M001,2025-04-22,1,177849
M001,2025-04-23,6,835020
M001,2025-04-24,4,574720
M001,2025-04-25,6,276672
M001,2025-04-26,2,336912
M001,2025-04-27,0,0
M001,2025-04-28,3,375615
M001,2025-04-29,1,80255
M001,2025-04-30,0,0
M001,2025-05-01,7,458507
M001,2025-05-02,5,782215
M001,2025-05-03,0,0
M001,2025-05-04,3,374100
M001,2025-05-05,5,302920
M001,2025-05-06,2,110720
M001,2025-05-07,0,0
M001,2025-05-08,0,0
M001,2025-05-09,3,326019
M001,2025-05-10,5,283175
M001,2025-05-11,3,293697
M001,2025-05-12,6,432402
M001,2025-05-13,6,643860
M001,2025-05-14,6,742974
M001,2025-05-15,0,0
M001,2025-05-16,5,742240
M001,2025-05-17,4,356392
M001,2025-05-18,2,275286
M001,2025-05-19,1,172184
M001,2025-05-20,5,415305
M001,2025-05-21,4,602568
M001,2025-05-22,0,0
M001,2025-05-23,0,0
M001,2025-05-24,6,446922
M001,2025-05-25,3,517047
M001,2025-05-26,0,0
M001,2025-05-27,4,192808
M001,2025-05-28,1,114902
M001,2025-05-29,2,269572
M001,2025-05-30,3,213486
M001,2025-05-31,3,351273
M001,2025-06-01,5,754225
M001,2025-06-02,3,440013
M001,2025-06-03,0,0
M001,2025-06-04,0,0
M001,2025-06-05,0,0
M001,2025-06-06,0,0
M001,2025-06-07,4,170268
M001,2025-06-08,0,0
M001,2025-06-09,0,0
M001,2025-06-10,4,346612
M001,2025-06-11,0,0
M001,2025-06-12,0,0
M001,2025-06-13,4,368836
M001,2025-06-14,0,0
M001,2025-06-15,0,0
M001,2025-06-16,5,555910
M001,2025-06-17,6,834198
M001,2025-06-18,5,572905
M001,2025-06-19,4,651760
M001,2025-06-20,0,0
M001,2025-06-21,1,38347
M001,2025-06-22,0,0
M001,2025-06-23,0,0
M001,2025-06-24,5,417745
M001,2025-06-25,0,0
M001,2025-06-26,5,369335
M001,2025-06-27,4,616480
M001,2025-06-28,2,122820
M001,2025-06-29,3,252741
M001,2025-06-30,2,337776
M001,2025-07-01,3,382629
M001,2025-07-02,3,476889
M001,2025-07-03,0,0
M001,2025-07-04,0,0
M001,2025-07-05,7,1021069
M001,2025-07-06,1,47628
M001,2025-07-07,4,496592
M001,2025-07-08,7,1114645
M001,2025-07-09,2,94726
M001,2025-07-10,1,106917
M001,2025-07-11,3,363942
M001,2025-07-12,0,0
M001,2025-07-13,0,0
M001,2025-07-14,3,250476
M001,2025-07-15,0,0
M001,2025-07-16,9,578628
M001,2025-07-17,4,158868
M001,2025-07-18,7,269038
M001,2025-07-19,2,297032
M001,2025-07-20,4,681360
M001,2025-07-21,0,0
M001,2025-07-22,3,152427
M001,2025-07-23,0,0
M001,2025-07-24,3,158139
M001,2025-07-25,6,443898
M001,2025-07-26,0,0
M001,2025-07-27,4,503324
M001,2025-07-28,0,0
M001,2025-07-29,4,496976
M001,2025-07-30,4,568292
M001,2025-07-31,0,0
M001,2025-08-01,2,75148
M001,2025-08-02,4,418432
M001,2025-08-03,0,0
M001,2025-08-04,8,1065752
M001,2025-08-05,0,0
M001,2025-08-06,2,347804
M001,2025-08-07,4,367180
M001,2025-08-08,0,0
M001,2025-08-09,0,0
M001,2025-08-10,0,0
M001,2025-08-11,0,0
M001,2025-08-12,0,0
M001,2025-08-13,0,0
M001,2025-08-14,5,329520
M001,2025-08-15,2,186418
M001,2025-08-16,5,317970
M001,2025-08-17,2,95866
M001,2025-08-18,4,255384
M001,2025-08-19,4,388712
M001,2025-08-20,0,0
M001,2025-08-21,0,0
M001,2025-08-22,1,106847
M001,2025-08-23,3,213414
M001,2025-08-24,0,0
M001,2025-08-25,5,193895
M001,2025-08-26,4,350024
M001,2025-08-27,9,774855
M001,2025-08-28,2,224668
M001,2025-08-29,0,0
M001,2025-08-30,0,0
M001,2025-08-31,0,0
M001,2025-09-01,0,0
M001,2025-09-02,6,1002852
M001,2025-09-03,0,0
M001,2025-09-04,4,448236
M001,2025-09-05,3,431709
M001,2025-09-06,0,0
M001,2025-09-07,0,0
M001,2025-09-08,2,209020
M001,2025-09-09,8,618912
M001,2025-09-10,1,62290
M001,2025-09-11,4,368068
M001,2025-09-12,1,73938
M001,2025-09-13,4,155376
M001,2025-09-14,0,0
M001,2025-09-15,2,93044
M001,2025-09-16,3,363693
M001,2025-09-17,5,424905
M001,2025-09-18,2,269888
M001,2025-09-19,0,0
M001,2025-09-20,4,562908
M001,2025-09-21,1,175352
M001,2025-09-22,0,0
M001,2025-09-23,2,80642
M001,2025-09-24,4,369984
M001,2025-09-25,0,0
M001,2025-09-26,0,0
M001,2025-09-27,0,0
M001,2025-09-28,0,0
M001,2025-09-29,4,692580
M001,2025-09-30,5,413930
M001,2025-10-01,6,476700
M001,2025-10-02,6,641268
M001,2025-10-03,0,0
M001,2025-10-04,4,293412
M001,2025-10-05,0,0
M001,2025-10-06,2,108724
M001,2025-10-07,7,448091
M001,2025-10-08,3,148011
M001,2025-10-09,5,709840
M001,2025-10-10,0,0
M001,2025-10-11,5,756325
M001,2025-10-12,6,974502
M001,2025-10-13,0,0
M001,2025-10-14,3,259218
M001,2025-10-15,5,444345
M001,2025-10-16,6,946560
M001,2025-10-17,6,491244
M001,2025-10-18,0,0
M001,2025-10-19,1,130678
M001,2025-10-20,4,297688
M001,2025-10-21,8,907176
M001,2025-10-22,5,801340
M001,2025-10-23,3,197016
M001,2025-10-24,0,0
M001,2025-10-25,1,93936
M001,2025-10-26,8,416640
M001,2025-10-27,0,0
M001,2025-10-28,3,499947
M001,2025-10-29,1,172785
M001,2025-10-30,0,0
M001,2025-10-31,3,385659
M001,2025-11-01,2,207502
M001,2025-11-02,4,185932
M001,2025-11-03,3,285639
M001,2025-11-04,0,0
M001,2025-11-05,2,330434
M001,2025-11-06,7,306222
M001,2025-11-07,3,248178
M001,2025-11-08,2,190510
M001,2025-11-09,2,352954
M001,2025-11-10,4,205512
M001,2025-11-11,0,0
M001,2025-11-12,0,0
M001,2025-11-13,0,0
M001,2025-11-14,0,0
M001,2025-11-15,6,755238
M001,2025-11-16,5,865205
M001,2025-11-17,0,0
M001,2025-11-18,6,392766
M001,2025-11-19,0,0
M001,2025-11-20,2,155736
M001,2025-11-21,5,676615
M001,2025-11-22,5,455950
M001,2025-11-23,1,171946
M001,2025-11-24,2,105778
M001,2025-11-25,0,0
M001,2025-11-26,0,0
M001,2025-11-27,0,0
M001,2025-11-28,0,0
M001,2025-11-29,5,756865
M001,2025-11-30,5,328440
M001,2025-12-01,6,568260
M001,2025-12-02,0,0
M001,2025-12-03,3,350562
M001,2025-12-04,4,572204
M001,2025-12-05,0,0
M001,2025-12-06,5,734450
M001,2025-12-07,4,253328
M001,2025-12-08,0,0
M001,2025-12-09,6,879306
M001,2025-12-10,0,0
M001,2025-12-11,1,55111
M001,2025-12-12,5,657685
M001,2025-12-13,5,614295
M001,2025-12-14,0,0
M001,2025-12-15,0,0
M001,2025-12-16,4,302192
M001,2025-12-17,0,0
M001,2025-12-18,0,0
M001,2025-12-19,0,0
M001,2025-12-20,0,0
M001,2025-12-21,5,848120
M001,2025-12-22,8,528776
M001,2025-12-23,4,583940
M001,2025-12-24,4,338164
M001,2025-12-25,4,143684
M001,2025-12-26,2,284168
M001,2025-12-27,4,196056
M001,2025-12-28,0,0
M001,2025-12-29,5,443820
M001,2025-12-30,0,0
M001,2025-12-31,6,811584
M001,2026-01-01,0,0
M001,2026-01-02,0,0
M001,2026-01-03,3,351159
M001,2026-01-04,0,0
M001,2026-01-05,1,86352
M001,2026-01-06,0,0
M001,2026-01-07,0,0
M001,2026-01-08,0,0
M001,2026-01-09,0,0
M001,2026-01-10,2,76168
M001,2026-01-11,0,0
M001,2026-01-12,0,0
M001,2026-01-13,6,504912
M001,2026-01-14,2,140002
M001,2026-01-15,0,0
M001,2026-01-16,4,180636
M001,2026-01-17,4,360468
M001,2026-01-18,0,0
M001,2026-01-19,6,265800
M001,2026-01-20,4,463460
M001,2026-01-21,4,585988
M001,2026-01-22,6,751230
M001,2026-01-23,0,0
M001,2026-01-24,0,0
M001,2026-01-25,3,222639
M001,2026-01-26,6,932196
M001,2026-01-27,0,0
M001,2026-01-28,3,248793
M001,2026-01-29,5,219515
M001,2026-01-30,3,368943
M001,2026-01-31,4,565504
M001,2026-02-01,0,0
M001,2026-02-02,0,0
M001,2026-02-03,0,0
M001,2026-02-04,4,584476
M001,2026-02-05,0,0
M001,2026-02-06,0,0
M001,2026-02-07,2,345276
M001,2026-02-08,0,0
M001,2026-02-09,0,0
M001,2026-02-10,0,0
M001,2026-02-11,0,0
M001,2026-02-12,2,247658
M001,2026-02-13,5,565365
M001,2026-02-14,7,703815
M001,2026-02-15,3,179091
M001,2026-02-16,4,311748
M001,2026-02-17,1,36956
M001,2026-02-18,5,439560
M001,2026-02-19,7,462833
M001,2026-02-20,0,0
M001,2026-02-21,0,0
M001,2026-02-22,0,0
M001,2026-02-23,0,0
M001,2026-02-24,3,275760
M001,2026-02-25,0,0
M001,2026-02-26,9,997236
M001,2026-02-27,2,157878
M001,2026-02-28,2,147410
M001,2026-03-01,0,0
M001,2026-03-02,1,84821
M001,2026-03-03,0,0
M001,2026-03-04,0,0
M001,2026-03-05,1,154154
M001,2026-03-06,4,383732
M001,2026-03-07,3,320988
M001,2026-03-08,4,514372
M001,2026-03-09,5,291290
M001,2026-03-10,0,0
M001,2026-03-11,5,187825
M001,2026-03-12,0,0
M001,2026-03-13,4,309424
M001,2026-03-14,2,101534
M001,2026-03-15,0,0
M001,2026-03-16,2,81004
M001,2026-03-17,4,213276
M001,2026-03-18,3,265152
M001,2026-03-19,0,0
M001,2026-03-20,2,322048
M001,2026-03-21,0,0
M001,2026-03-22,0,0
M001,2026-03-23,4,420780
M001,2026-03-24,6,895374
M001,2026-03-25,7,769986
M001,2026-03-26,0,0
M001,2026-03-27,4,581148
M001,2026-03-28,1,170232
M001,2026-03-29,4,687440
M001,2026-03-30,2,219852
M001,2026-03-31,0,0
M001,2026-04-01,2,290696
M001,2026-04-02,5,580020
M001,2026-04-03,3,485307
M001,2026-04-04,2,218996
M001,2026-04-05,0,0
M001,2026-04-06,0,0
M001,2026-04-07,5,225335
M001,2026-04-08,3,496785
M001,2026-04-09,3,500739
M001,2026-04-10,3,391383
M001,2026-04-11,0,0
M001,2026-04-12,0,0
M001,2026-04-13,1,137463
M001,2026-04-14,0,0
M001,2026-04-15,2,238972
M001,2026-04-16,0,0
M001,2026-04-17,2,346402
M001,2026-04-18,4,181680
M001,2026-04-19,5,437290
M001,2026-04-20,0,0
M001,2026-04-21,7,603694
M001,2026-04-22,1,109740
M001,2026-04-23,0,0
M001,2026-04-24,0,0
M001,2026-04-25,8,502136
M001,2026-04-26,2,94186
M001,2026-04-27,0,0
M001,2026-04-28,7,540050
M001,2026-04-29,4,267468
M001,2026-04-30,0,0
M001,2026-05-01,4,269168
M001,2026-05-02,0,0
M001,2026-05-03,5,697115
M001,2026-05-04,0,0
M001,2026-05-05,0,0
M001,2026-05-06,2,332086
M001,2026-05-07,0,0
M001,2026-05-08,5,232855
M001,2026-05-09,0,0
M001,2026-05-10,2,309356
M001,2026-05-11,5,340270
M001,2026-05-12,5,855115
M001,2026-05-13,2,200702
M001,2026-05-14,4,583892
M001,2026-05-15,0,0
M001,2026-05-16,0,0
M001,2026-05-17,0,0
M001,2026-05-18,5,816475
M001,2026-05-19,5,217250
M001,2026-05-20,6,974514
M001,2026-05-21,4,537812
M001,2026-05-22,0,0
M001,2026-05-23,0,0
M001,2026-05-24,5,441350
M001,2026-05-25,3,501366
M001,2026-05-26,1,137174
M001,2026-05-27,6,864360
M001,2026-05-28,3,467079
M001,2026-05-29,4,370128
M001,2026-05-30,4,422336
M001,2026-05-31,3,427884
M001,2026-06-01,5,559605
M001,2026-06-02,1,50662
M001,2026-06-03,0,0
M001,2026-06-04,6,609216
M001,2026-06-05,0,0
M001,2026-06-06,1,70951
M001,2026-06-07,0,0
M001,2026-06-08,4,600164
M001,2026-06-09,0,0
M001,2026-06-10,5,511060
M001,2026-06-11,5,702090
M001,2026-06-12,2,190892
M001,2026-06-13,5,758750
M001,2026-06-14,0,0
M001,2026-06-15,0,0
M001,2026-06-16,0,0
M001,2026-06-17,2,162130
M001,2026-06-18,0,0
M001,2026-06-19,7,676767
M001,2026-06-20,4,526448
M001,2026-06-21,0,0
M001,2026-06-22,5,705155
M001,2026-06-23,0,0
M001,2026-06-24,6,845190
M001,2026-06-25,1,69136
M001,2026-06-26,2,86486
M001,2026-06-27,3,330369
M001,2026-06-28,0,0
M001,2026-06-29,0,0
M001,2026-06-30,0,0
M001,2026-07-01,0,0
M001,2026-07-02,0,0
M001,2026-07-03,2,302624
M001,2026-07-04,4,396376
M001,2026-07-05,2,108820
M001,2026-07-06,2,327978
M001,2026-07-07,52,4656094
M001,2026-07-08,51,4603174
M001,2026-07-09,19,1746031
M001,2026-07-10,5,423280
M001,2026-07-11,0,0
M001,2026-07-12,2,158730
M001,2026-07-13,0,0
M001,2026-07-14,0,0
M001,2026-07-15,32,2910052
M001,2026-07-16,20,1798941
M001,2026-07-17,51,4603174
M001,2026-07-18,0,0
M001,2026-07-19,56,5079365
M001,2026-07-20,16,1481481
M001,2026-07-21,14,1269841
M001,2026-07-22,0,0
M001,2026-07-23,14,1216931
M001,2026-07-24,34,3068783
M001,2026-07-25,9,793650
M001,2026-07-26,0,0
M001,2026-07-27,31,2751322
M001,2026-07-28,11,1005291
M001,2026-07-29,0,0
M001,2026-07-30,0,0
M001,2026-07-31,55,4920634
M001,2026-08-01,7,634920
M001,2026-08-02,46,4126984
M001,2026-08-03,31,2751322
M001,2026-08-04,15,1346161
M001,2026-08-05,0,0
M001,2026-08-06,26,2384615
M001,2026-08-07,0,0
M001,2026-08-08,24,2153846
M001,2026-08-09,23,2076923
M001,2026-08-10,16,1461538
M001,2026-08-11,33,3000000
M001,2026-08-12,21,1923076
M001,2026-08-13,0,0
M001,2026-08-14,30,2692307
M001,2026-08-15,0,0
M001,2026-08-16,15,1384615
M001,2026-08-17,0,0
M001,2026-08-18,15,1384615
M001,2026-08-19,18,1653846
M001,2026-08-20,0,0
M001,2026-08-21,15,1307692
M001,2026-08-22,25,2230769
M001,2026-08-23,9,846153
M001,2026-08-24,1,76923
M001,2026-08-25,0,0
M001,2026-08-26,0,0
M001,2026-08-27,10,884615
M001,2026-08-28,33,3000000
M001,2026-08-29,26,2346153
M001,2026-08-30,15,1346153
M001,2026-08-31,28,2500000
M006,2025-04-10,0,0
M006,2025-04-11,0,0
M006,2025-04-12,5,190705
M006,2025-04-13,0,0
M006,2025-04-14,4,383716
M006,2025-04-15,2,92838
M006,2025-04-16,0,0
M006,2025-04-17,5,458850
M006,2025-04-18,5,185010
M006,2025-04-19,0,0
M006,2025-04-20,5,190625
M006,2025-04-21,3,344388
M006,2025-04-22,0,0
M006,2025-04-23,0,0
M006,2025-04-24,0,0
M006,2025-04-25,7,300335
M006,2025-04-26,6,844290
M006,2025-04-27,6,464352
M006,2025-04-28,3,480582
M006,2025-04-29,0,0
M006,2025-04-30,0,0
M006,2025-05-01,0,0
M006,2025-05-02,0,0
M006,2025-05-03,0,0
M006,2025-05-04,0,0
M006,2025-05-05,5,742935
M006,2025-05-06,3,380865
M006,2025-05-07,7,1139299
M006,2025-05-08,0,0
M006,2025-05-09,0,0
M006,2025-05-10,1,93196
M006,2025-05-11,0,0
M006,2025-05-12,0,0
M006,2025-05-13,4,577272
M006,2025-05-14,5,522290
M006,2025-05-15,1,51403
M006,2025-05-16,0,0
M006,2025-05-17,0,0
M006,2025-05-18,0,0
M006,2025-05-19,3,123048
M006,2025-05-20,0,0
M006,2025-05-21,2,83058
M006,2025-05-22,7,276290
M006,2025-05-23,0,0
M006,2025-05-24,0,0
M006,2025-05-25,1,52691
M006,2025-05-26,4,463908
M006,2025-05-27,0,0
M006,2025-05-28,2,308244
M006,2025-05-29,0,0
M006,2025-05-30,0,0
M006,2025-05-31,0,0
M006,2025-06-01,4,522452
M006,2025-06-02,0,0
M006,2025-06-03,3,215859
M006,2025-06-04,4,231672
M006,2025-06-05,4,328616
M006,2025-06-06,3,478818
M006,2025-06-07,5,520685
M006,2025-06-08,3,158889
M006,2025-06-09,0,0
M006,2025-06-10,7,1188733
M006,2025-06-11,7,1218896
M006,2025-06-12,6,903474
M006,2025-06-13,3,440661
M006,2025-06-14,5,652550
M006,2025-06-15,0,0
M006,2025-06-16,7,984494
M006,2025-06-17,0,0
M006,2025-06-18,0,0
M006,2025-06-19,0,0
M006,2025-06-20,1,69329
M006,2025-06-21,0,0
M006,2025-06-22,4,153948
M006,2025-06-23,0,0
M006,2025-06-24,3,404364
M006,2025-06-25,1,52713
M006,2025-06-26,6,911040
M006,2025-06-27,2,238740
M006,2025-06-28,3,475119
M006,2025-06-29,0,0
M006,2025-06-30,0,0
M006,2025-07-01,4,678492
M006,2025-07-02,8,1002880
M006,2025-07-03,0,0
M006,2025-07-04,0,0
M006,2025-07-05,3,232734
M006,2025-07-06,0,0
M006,2025-07-07,3,405861
M006,2025-07-08,0,0
M006,2025-07-09,3,448794
M006,2025-07-10,0,0
M006,2025-07-11,6,367098
M006,2025-07-12,2,170050
M006,2025-07-13,0,0
M006,2025-07-14,5,881145
M006,2025-07-15,3,412770
M006,2025-07-16,0,0
M006,2025-07-17,0,0
M006,2025-07-18,5,404785
M006,2025-07-19,5,305755
M006,2025-07-20,0,0
M006,2025-07-21,0,0
M006,2025-07-22,0,0
M006,2025-07-23,7,572019
M006,2025-07-24,4,712728
M006,2025-07-25,1,70235
M006,2025-07-26,0,0
M006,2025-07-27,0,0
M006,2025-07-28,1,173011
M006,2025-07-29,4,193344
M006,2025-07-30,7,308861
M006,2025-07-31,3,255936
M006,2025-08-01,5,686435
M006,2025-08-02,5,409610
M006,2025-08-03,6,755460
M006,2025-08-04,5,606865
M006,2025-08-05,0,0
M006,2025-08-06,0,0
M006,2025-08-07,6,1070580
M006,2025-08-08,7,1059856
M006,2025-08-09,0,0
M006,2025-08-10,0,0
M006,2025-08-11,5,879695
M006,2025-08-12,0,0
M006,2025-08-13,6,466248
M006,2025-08-14,0,0
M006,2025-08-15,5,732950
M006,2025-08-16,0,0
M006,2025-08-17,0,0
M006,2025-08-18,4,573540
M006,2025-08-19,0,0
M006,2025-08-20,3,235095
M006,2025-08-21,3,179994
M006,2025-08-22,0,0
M006,2025-08-23,3,107820
M006,2025-08-24,3,358251
M006,2025-08-25,4,374400
M006,2025-08-26,4,600288
M006,2025-08-27,3,302568
M006,2025-08-28,4,421852
M006,2025-08-29,3,463134
M006,2025-08-30,0,0
M006,2025-08-31,2,307308
M006,2025-09-01,0,0
M006,2025-09-02,0,0
M006,2025-09-03,3,452001
M006,2025-09-04,3,539031
M006,2025-09-05,4,197204
M006,2025-09-06,3,466779
M006,2025-09-07,2,128630
M006,2025-09-08,8,573520
M006,2025-09-09,0,0
M006,2025-09-10,3,360891
M006,2025-09-11,0,0
M006,2025-09-12,2,202890
M006,2025-09-13,0,0
M006,2025-09-14,4,237928
M006,2025-09-15,4,706420
M006,2025-09-16,2,192208
M006,2025-09-17,4,226240
M006,2025-09-18,3,388839
M006,2025-09-19,3,162729
M006,2025-09-20,2,204328
M006,2025-09-21,4,574492
M006,2025-09-22,0,0
M006,2025-09-23,3,155310
M006,2025-09-24,5,739980
M006,2025-09-25,5,768280
M006,2025-09-26,0,0
M006,2025-09-27,0,0
M006,2025-09-28,6,255048
M006,2025-09-29,0,0
M006,2025-09-30,0,0
M006,2025-10-01,0,0
M006,2025-10-02,0,0
M006,2025-10-03,0,0
M006,2025-10-04,0,0
M006,2025-10-05,0,0
M006,2025-10-06,4,473568
M006,2025-10-07,4,332612
M006,2025-10-08,0,0
M006,2025-10-09,3,397755
M006,2025-10-10,4,713248
M006,2025-10-11,0,0
M006,2025-10-12,0,0
M006,2025-10-13,4,511240
M006,2025-10-14,6,546042
M006,2025-10-15,0,0
M006,2025-10-16,3,222579
M006,2025-10-17,1,122091
M006,2025-10-18,7,827302
M006,2025-10-19,0,0
M006,2025-10-20,3,416427
M006,2025-10-21,5,193345
M006,2025-10-22,3,399567
M006,2025-10-23,0,0
M006,2025-10-24,2,219190
M006,2025-10-25,0,0
M006,2025-10-26,0,0
M006,2025-10-27,0,0
M006,2025-10-28,0,0
M006,2025-10-29,0,0
M006,2025-10-30,2,223746
M006,2025-10-31,2,145402
M006,2025-11-01,0,0
M006,2025-11-02,1,125734
M006,2025-11-03,4,442856
M006,2025-11-04,7,295988
M006,2025-11-05,1,117521
M006,2025-11-06,0,0
M006,2025-11-07,5,238220
M006,2025-11-08,7,548030
M006,2025-11-09,0,0
M006,2025-11-10,1,71545
M006,2025-11-11,0,0
M006,2025-11-12,0,0
M006,2025-11-13,6,317718
M006,2025-11-14,3,445716
M006,2025-11-15,5,595000
M006,2025-11-16,3,394104
M006,2025-11-17,0,0
M006,2025-11-18,1,131507
M006,2025-11-19,0,0
M006,2025-11-20,3,379512
M006,2025-11-21,0,0
M006,2025-11-22,7,580181
M006,2025-11-23,4,352952
M006,2025-11-24,0,0
M006,2025-11-25,6,301116
M006,2025-11-26,2,84388
M006,2025-11-27,0,0
M006,2025-11-28,0,0
M006,2025-11-29,2,189790
M006,2025-11-30,0,0
M006,2025-12-01,5,875325
M006,2025-12-02,4,390044
M006,2025-12-03,6,905802
M006,2025-12-04,4,369916
M006,2025-12-05,0,0
M006,2025-12-06,0,0
M006,2025-12-07,6,686028
M006,2025-12-08,6,983364
M006,2025-12-09,5,348055
M006,2025-12-10,0,0
M006,2025-12-11,2,117406
M006,2025-12-12,5,598875
M006,2025-12-13,6,286362
M006,2025-12-14,0,0
M006,2025-12-15,0,0
M006,2025-12-16,0,0
M006,2025-12-17,0,0
M006,2025-12-18,2,85684
M006,2025-12-19,2,313260
M006,2025-12-20,3,437619
M006,2025-12-21,0,0
M006,2025-12-22,5,365440
M006,2025-12-23,2,308684
M006,2025-12-24,5,549925
M006,2025-12-25,3,284238
M006,2025-12-26,0,0
M006,2025-12-27,2,322188
M006,2025-12-28,6,434136
M006,2025-12-29,2,84948
M006,2025-12-30,2,197336
M006,2025-12-31,6,316752
M006,2026-01-01,3,110226
M006,2026-01-02,4,597572
M006,2026-01-03,4,693248
M006,2026-01-04,3,185397
M006,2026-01-05,0,0
M006,2026-01-06,5,750145
M006,2026-01-07,2,143718
M006,2026-01-08,11,1254671
M006,2026-01-09,4,211296
M006,2026-01-10,1,59548
M006,2026-01-11,5,333925
M006,2026-01-12,7,1056286
M006,2026-01-13,0,0
M006,2026-01-14,0,0
M006,2026-01-15,0,0
M006,2026-01-16,2,98824
M006,2026-01-17,2,310092
M006,2026-01-18,4,633520
M006,2026-01-19,0,0
M006,2026-01-20,0,0
M006,2026-01-21,6,981612
M006,2026-01-22,0,0
M006,2026-01-23,0,0
M006,2026-01-24,1,154204
M006,2026-01-25,10,600060
M006,2026-01-26,6,489300
M006,2026-01-27,0,0
M006,2026-01-28,9,520902
M006,2026-01-29,1,122810
M006,2026-01-30,0,0
M006,2026-01-31,5,421780
M006,2026-02-01,2,190858
M006,2026-02-02,2,263408
M006,2026-02-03,2,76252
M006,2026-02-04,0,0
M006,2026-02-05,0,0
M006,2026-02-06,0,0
M006,2026-02-07,5,543755
M006,2026-02-08,3,497676
M006,2026-02-09,4,671904
M006,2026-02-10,2,311866
M006,2026-02-11,0,0
M006,2026-02-12,3,288897
M006,2026-02-13,0,0
M006,2026-02-14,4,452124
M006,2026-02-15,3,457023
M006,2026-02-16,1,49783
M006,2026-02-17,0,0
M006,2026-02-18,0,0
M006,2026-02-19,3,461808
M006,2026-02-20,0,0
M006,2026-02-21,0,0
M006,2026-02-22,4,581608
M006,2026-02-23,0,0
M006,2026-02-24,2,306994
M006,2026-02-25,4,250464
M006,2026-02-26,3,403170
M006,2026-02-27,0,0
M006,2026-02-28,0,0
M006,2026-03-01,0,0
M006,2026-03-02,4,500904
M006,2026-03-03,6,312408
M006,2026-03-04,0,0
M006,2026-03-05,6,717804
M006,2026-03-06,0,0
M006,2026-03-07,0,0
M006,2026-03-08,2,173650
M006,2026-03-09,0,0
M006,2026-03-10,0,0
M006,2026-03-11,1,45132
M006,2026-03-12,0,0
M006,2026-03-13,0,0
M006,2026-03-14,0,0
M006,2026-03-15,2,348788
M006,2026-03-16,0,0
M006,2026-03-17,1,39482
M006,2026-03-18,0,0
M006,2026-03-19,0,0
M006,2026-03-20,4,354876
M006,2026-03-21,6,364452
M006,2026-03-22,3,412410
M006,2026-03-23,0,0
M006,2026-03-24,9,1008846
M006,2026-03-25,6,986190
M006,2026-03-26,7,877268
M006,2026-03-27,6,799488
M006,2026-03-28,5,425765
M006,2026-03-29,3,233055
M006,2026-03-30,2,342492
M006,2026-03-31,3,315987
M006,2026-04-01,7,1085091
M006,2026-04-02,0,0
M006,2026-04-03,0,0
M006,2026-04-04,0,0
M006,2026-04-05,0,0
M006,2026-04-06,5,486035
M006,2026-04-07,2,97066
M006,2026-04-08,4,547072
M006,2026-04-09,4,459052
M006,2026-04-10,0,0
M006,2026-04-11,0,0
M006,2026-04-12,0,0
M006,2026-04-13,4,598740
M006,2026-04-14,4,204092
M006,2026-04-15,0,0
M006,2026-04-16,5,652530
M006,2026-04-17,0,0
M006,2026-04-18,0,0
M006,2026-04-19,3,396306
M006,2026-04-20,0,0
M006,2026-04-21,3,345945
M006,2026-04-22,7,1117158
M006,2026-04-23,0,0
M006,2026-04-24,0,0
M006,2026-04-25,6,315012
M006,2026-04-26,3,530007
M006,2026-04-27,4,172940
M006,2026-04-28,5,495595
M006,2026-04-29,3,480558
M006,2026-04-30,5,665825
M006,2026-05-01,2,253262
M006,2026-05-02,5,450760
M006,2026-05-03,0,0
M006,2026-05-04,3,516198
M006,2026-05-05,0,0
M006,2026-05-06,0,0
M006,2026-05-07,0,0
M006,2026-05-08,0,0
M006,2026-05-09,2,316714
M006,2026-05-10,1,162266
M006,2026-05-11,5,575560
M006,2026-05-12,6,412218
M006,2026-05-13,4,442140
M006,2026-05-14,3,308352
M006,2026-05-15,0,0
M006,2026-05-16,7,1229585
M006,2026-05-17,7,259014
M006,2026-05-18,0,0
M006,2026-05-19,1,41575
M006,2026-05-20,0,0
M006,2026-05-21,3,231501
M006,2026-05-22,0,0
M006,2026-05-23,6,1020732
M006,2026-05-24,0,0
M006,2026-05-25,3,341763
M006,2026-05-26,4,154492
M006,2026-05-27,4,561372
M006,2026-05-28,0,0
M006,2026-05-29,0,0
M006,2026-05-30,7,955836
M006,2026-05-31,0,0
M006,2026-06-01,3,495999
M006,2026-06-02,0,0
M006,2026-06-03,2,179898
M006,2026-06-04,0,0
M006,2026-06-05,3,530340
M006,2026-06-06,4,414540
M006,2026-06-07,6,1017558
M006,2026-06-08,5,403900
M006,2026-06-09,1,105419
M006,2026-06-10,0,0
M006,2026-06-11,3,418977
M006,2026-06-12,8,1389544
M006,2026-06-13,9,1540719
M006,2026-06-14,0,0
M006,2026-06-15,5,271915
M006,2026-06-16,0,0
M006,2026-06-17,0,0
M006,2026-06-18,7,1021181
M006,2026-06-19,0,0
M006,2026-06-20,5,730875
M006,2026-06-21,5,598425
M006,2026-06-22,4,408860
M006,2026-06-23,4,683884
M006,2026-06-24,4,494088
M006,2026-06-25,1,155587
M006,2026-06-26,0,0
M006,2026-06-27,0,0
M006,2026-06-28,0,0
M006,2026-06-29,2,105886
M006,2026-06-30,7,393106
M006,2026-07-01,3,301746
M006,2026-07-02,1,164267
M006,2026-07-03,2,197200
M006,2026-07-04,2,243370
M006,2026-07-05,1,146022
M006,2026-07-06,2,95396
M006,2026-07-07,25,2226867
M006,2026-07-08,1,50041
M006,2026-07-09,0,0
M006,2026-07-10,0,0
M006,2026-07-11,17,1526271
M006,2026-07-12,26,2301918
M006,2026-07-13,0,0
M006,2026-07-14,21,1876563
M006,2026-07-15,0,0
M006,2026-07-16,12,1100917
M006,2026-07-17,5,475396
M006,2026-07-18,13,1175979
M006,2026-07-19,6,575479
M006,2026-07-20,21,1901584
M006,2026-07-21,8,675562
M006,2026-07-22,23,2076730
M006,2026-07-23,0,0
M006,2026-07-24,23,2076730
M006,2026-07-25,11,1025854
M006,2026-07-26,0,0
M006,2026-07-27,27,2452043
M006,2026-07-28,19,1676396
M006,2026-07-29,23,2051709
M006,2026-07-30,15,1326105
M006,2026-07-31,28,2477064
M006,2026-08-01,0,0
M006,2026-08-02,11,950792
M006,2026-08-03,0,0
M006,2026-08-04,40,3644058
M006,2026-08-05,21,1868743
M006,2026-08-06,42,3737486
M006,2026-08-07,0,0
M006,2026-08-08,0,0
M006,2026-08-09,48,4344827
M006,2026-08-10,0,0
M006,2026-08-11,0,0
M006,2026-08-12,24,2195773
M006,2026-08-13,36,3270300
M006,2026-08-14,8,700778
M006,2026-08-15,20,1775305
M006,2026-08-16,9,840934
M006,2026-08-17,46,4157953
M006,2026-08-18,13,1167964
M006,2026-08-19,7,607341
M006,2026-08-20,44,3971078
M006,2026-08-21,6,513904
M006,2026-08-22,17,1494994
M006,2026-08-23,0,0
M006,2026-08-24,35,3130144
M006,2026-08-25,0,0
M006,2026-08-26,0,0
M006,2026-08-27,6,513904
M006,2026-08-28,22,2008898
M006,2026-08-29,0,0
M006,2026-08-30,7,607341
M006,2026-08-31,16,1448275
M007,2025-11-06,0,0
M007,2025-11-07,0,0
M007,2025-11-08,3,197994
M007,2025-11-09,0,0
M007,2025-11-10,10,1384210
M007,2025-11-11,0,0
M007,2025-11-12,2,93778
M007,2025-11-13,0,0
M007,2025-11-14,0,0
M007,2025-11-15,0,0
M007,2025-11-16,0,0
M007,2025-11-17,0,0
M007,2025-11-18,2,216680
M007,2025-11-19,3,466359
M007,2025-11-20,0,0
M007,2025-11-21,3,508419
M007,2025-11-22,0,0
M007,2025-11-23,0,0
M007,2025-11-24,0,0
M007,2025-11-25,0,0
M007,2025-11-26,5,603685
M007,2025-11-27,4,213308
M007,2025-11-28,0,0
M007,2025-11-29,5,416780
M007,2025-11-30,0,0
M007,2025-12-01,0,0
M007,2025-12-02,4,330348
M007,2025-12-03,2,354024
M007,2025-12-04,4,266052
M007,2025-12-05,3,337347
M007,2025-12-06,0,0
M007,2025-12-07,3,461361
M007,2025-12-08,2,261504
M007,2025-12-09,4,146940
M007,2025-12-10,0,0
M007,2025-12-11,5,532215
M007,2025-12-12,0,0
M007,2025-12-13,4,590952
M007,2025-12-14,3,496305
M007,2025-12-15,3,288396
M007,2025-12-16,8,1333040
M007,2025-12-17,0,0
M007,2025-12-18,4,489196
M007,2025-12-19,5,179985
M007,2025-12-20,3,511305
M007,2025-12-21,5,641345
M007,2025-12-22,0,0
M007,2025-12-23,3,287352
M007,2025-12-24,2,333442
M007,2025-12-25,1,95933
M007,2025-12-26,0,0
M007,2025-12-27,4,621472
M007,2025-12-28,0,0
M007,2025-12-29,1,95001
M007,2025-12-30,5,434825
M007,2025-12-31,4,504636
M007,2026-01-01,9,730539
M007,2026-01-02,0,0
M007,2026-01-03,2,186312
M007,2026-01-04,0,0
M007,2026-01-05,0,0
M007,2026-01-06,5,447565
M007,2026-01-07,2,120474
M007,2026-01-08,0,0
M007,2026-01-09,7,1020509
M007,2026-01-10,2,218762
M007,2026-01-11,8,1363296
M007,2026-01-12,3,107472
M007,2026-01-13,5,366090
M007,2026-01-14,0,0
M007,2026-01-15,0,0
M007,2026-01-16,0,0
M007,2026-01-17,0,0
M007,2026-01-18,0,0
M007,2026-01-19,1,120383
M007,2026-01-20,0,0
M007,2026-01-21,0,0
M007,2026-01-22,0,0
M007,2026-01-23,2,326634
M007,2026-01-24,3,292299
M007,2026-01-25,0,0
M007,2026-01-26,0,0
M007,2026-01-27,0,0
M007,2026-01-28,3,323742
M007,2026-01-29,0,0
M007,2026-01-30,3,242040
M007,2026-01-31,3,473142
M007,2026-02-01,2,358690
M007,2026-02-02,5,446925
M007,2026-02-03,3,526308
M007,2026-02-04,1,42974
M007,2026-02-05,6,1008462
M007,2026-02-06,8,554528
M007,2026-02-07,4,507924
M007,2026-02-08,3,169809
M007,2026-02-09,8,455360
M007,2026-02-10,5,589385
M007,2026-02-11,4,602204
M007,2026-02-12,1,170912
M007,2026-02-13,1,143307
M007,2026-02-14,0,0
M007,2026-02-15,4,442040
M007,2026-02-16,2,74084
M007,2026-02-17,0,0
M007,2026-02-18,0,0
M007,2026-02-19,8,280312
M007,2026-02-20,6,245850
M007,2026-02-21,0,0
M007,2026-02-22,0,0
M007,2026-02-23,3,196989
M007,2026-02-24,7,781830
M007,2026-02-25,0,0
M007,2026-02-26,5,601735
M007,2026-02-27,3,358860
M007,2026-02-28,4,621040
M007,2026-03-01,3,441318
M007,2026-03-02,0,0
M007,2026-03-03,0,0
M007,2026-03-04,1,111576
M007,2026-03-05,0,0
M007,2026-03-06,0,0
M007,2026-03-07,0,0
M007,2026-03-08,5,545230
M007,2026-03-09,3,305361
M007,2026-03-10,4,578740
M007,2026-03-11,0,0
M007,2026-03-12,2,105346
M007,2026-03-13,1,145778
M007,2026-03-14,0,0
M007,2026-03-15,0,0
M007,2026-03-16,0,0
M007,2026-03-17,0,0
M007,2026-03-18,4,598348
M007,2026-03-19,0,0
M007,2026-03-20,7,808437
M007,2026-03-21,2,178926
M007,2026-03-22,2,129634
M007,2026-03-23,5,456300
M007,2026-03-24,0,0
M007,2026-03-25,2,286046
M007,2026-03-26,0,0
M007,2026-03-27,3,368310
M007,2026-03-28,0,0
M007,2026-03-29,0,0
M007,2026-03-30,6,893922
M007,2026-03-31,0,0
M007,2026-04-01,1,154523
M007,2026-04-02,4,308272
M007,2026-04-03,3,378690
M007,2026-04-04,0,0
M007,2026-04-05,5,720215
M007,2026-04-06,0,0
M007,2026-04-07,4,607612
M007,2026-04-08,0,0
M007,2026-04-09,0,0
M007,2026-04-10,3,518376
M007,2026-04-11,0,0
M007,2026-04-12,3,185517
M007,2026-04-13,3,368364
M007,2026-04-14,2,174844
M007,2026-04-15,0,0
M007,2026-04-16,6,845796
M007,2026-04-17,0,0
M007,2026-04-18,0,0
M007,2026-04-19,0,0
M007,2026-04-20,0,0
M007,2026-04-21,0,0
M007,2026-04-22,4,176664
M007,2026-04-23,0,0
M007,2026-04-24,1,63117
M007,2026-04-25,1,134538
M007,2026-04-26,6,932772
M007,2026-04-27,0,0
M007,2026-04-28,3,291621
M007,2026-04-29,0,0
M007,2026-04-30,0,0
M007,2026-05-01,1,120622
M007,2026-05-02,3,262071
M007,2026-05-03,0,0
M007,2026-05-04,0,0
M007,2026-05-05,6,381288
M007,2026-05-06,3,344052
M007,2026-05-07,5,843960
M007,2026-05-08,6,1037274
M007,2026-05-09,3,416697
M007,2026-05-10,3,312477
M007,2026-05-11,3,355746
M007,2026-05-12,0,0
M007,2026-05-13,0,0
M007,2026-05-14,0,0
M007,2026-05-15,0,0
M007,2026-05-16,4,392668
M007,2026-05-17,0,0
M007,2026-05-18,2,259044
M007,2026-05-19,3,244878
M007,2026-05-20,2,267740
M007,2026-05-21,0,0
M007,2026-05-22,6,688032
M007,2026-05-23,4,175172
M007,2026-05-24,8,1342904
M007,2026-05-25,3,280359
M007,2026-05-26,4,388588
M007,2026-05-27,0,0
M007,2026-05-28,7,1245629
M007,2026-05-29,3,431328
M007,2026-05-30,2,202584
M007,2026-05-31,2,149894
M007,2026-06-01,3,198540
M007,2026-06-02,0,0
M007,2026-06-03,0,0
M007,2026-06-04,0,0
M007,2026-06-05,3,113694
M007,2026-06-06,4,200340
M007,2026-06-07,0,0
M007,2026-06-08,0,0
M007,2026-06-09,6,261900
M007,2026-06-10,2,354648
M007,2026-06-11,3,425106
M007,2026-06-12,3,394434
M007,2026-06-13,6,258936
M007,2026-06-14,3,195393
M007,2026-06-15,5,581010
M007,2026-06-16,4,579288
M007,2026-06-17,3,304377
M007,2026-06-18,2,155982
M007,2026-06-19,2,190598
M007,2026-06-20,5,227750
M007,2026-06-21,5,585935
M007,2026-06-22,4,440400
M007,2026-06-23,5,746915
M007,2026-06-24,0,0
M007,2026-06-25,1,74977
M007,2026-06-26,0,0
M007,2026-06-27,5,536325
M007,2026-06-28,0,0
M007,2026-06-29,4,417312
M007,2026-06-30,0,0
M007,2026-07-01,6,605514
M007,2026-07-02,7,855316
M007,2026-07-03,0,0
M007,2026-07-04,0,0
M007,2026-07-05,0,0
M007,2026-07-06,0,0
M007,2026-07-07,0,0
M007,2026-07-08,26,2320008
M007,2026-07-09,29,2613333
M007,2026-07-10,9,773333
M007,2026-07-11,21,1866666
M007,2026-07-12,23,2026666
M007,2026-07-13,0,0
M007,2026-07-14,12,1040000
M007,2026-07-15,0,0
M007,2026-07-16,0,0
M007,2026-07-17,17,1493333
M007,2026-07-18,1,26666
M007,2026-07-19,18,1600000
M007,2026-07-20,12,1093333
M007,2026-07-21,6,533333
M007,2026-07-22,23,2053333
M007,2026-07-23,19,1706666
M007,2026-07-24,2,186666
M007,2026-07-25,0,0
M007,2026-07-26,21,1893333
M007,2026-07-27,0,0
M007,2026-07-28,25,2293333
M007,2026-07-29,6,506666
M007,2026-07-30,2,213333
M007,2026-07-31,0,0
M007,2026-08-01,29,2586666
M007,2026-08-02,13,1173333
M007,2026-08-03,0,0
M007,2026-08-04,0,0
M007,2026-08-05,0,0
M007,2026-08-06,0,0
M007,2026-08-07,0,0
M007,2026-08-08,0,0
M007,2026-08-09,0,0
M007,2026-08-10,0,0
M007,2026-08-11,0,0
M007,2026-08-12,0,0
M007,2026-08-13,0,0
M007,2026-08-14,0,0
M007,2026-08-15,0,0
M007,2026-08-16,0,0
M007,2026-08-17,0,0
M007,2026-08-18,0,0
M007,2026-08-19,0,0
M007,2026-08-20,0,0
M007,2026-08-21,0,0
M007,2026-08-22,0,0
M007,2026-08-23,0,0
M007,2026-08-24,0,0
M007,2026-08-25,0,0
M007,2026-08-26,0,0
M007,2026-08-27,0,0
M007,2026-08-28,0,0
M007,2026-08-29,0,0
M007,2026-08-30,0,0
M007,2026-08-31,0,0
M008,2026-05-16,0,0
M008,2026-05-17,0,0
M008,2026-05-18,8,904680
M008,2026-05-19,0,0
M008,2026-05-20,0,0
M008,2026-05-21,9,1269054
M008,2026-05-22,0,0
M008,2026-05-23,7,526799
M008,2026-05-24,5,1077920
M008,2026-05-25,6,425514
M008,2026-05-26,10,830310
M008,2026-05-27,8,1622424
M008,2026-05-28,8,733416
M008,2026-05-29,11,1067770
M008,2026-05-30,6,1048422
M008,2026-05-31,11,2124529
M008,2026-06-01,3,574941
M008,2026-06-02,8,596600
M008,2026-06-03,7,594496
M008,2026-06-04,5,805500
M008,2026-06-05,9,922320
M008,2026-06-06,0,0
M008,2026-06-07,0,0
M008,2026-06-08,14,2772112
M008,2026-06-09,8,2028728
M008,2026-06-10,12,2005956
M008,2026-06-11,11,2744709
M008,2026-06-12,0,0
M008,2026-06-13,15,2719635
M008,2026-06-14,0,0
M008,2026-06-15,0,0
M008,2026-06-16,0,0
M008,2026-06-17,0,0
M008,2026-06-18,9,1907667
M008,2026-06-19,10,1799780
M008,2026-06-20,6,1000728
M008,2026-06-21,8,1989080
M008,2026-06-22,0,0
M008,2026-06-23,9,1967058
M008,2026-06-24,5,592460
M008,2026-06-25,0,0
M008,2026-06-26,6,1348938
M008,2026-06-27,11,1195073
M008,2026-06-28,7,1221017
M008,2026-06-29,0,0
M008,2026-06-30,9,1442070
M008,2026-07-01,9,818424
M008,2026-07-02,6,704376
M008,2026-07-03,9,2188881
M008,2026-07-04,0,0
M008,2026-07-05,0,0
M008,2026-07-06,8,917824
M008,2026-07-07,19,2854276
M008,2026-07-08,19,2814070
M008,2026-07-09,8,1165829
M008,2026-07-10,23,3376884
M008,2026-07-11,26,3859296
M008,2026-07-12,8,1165829
M008,2026-07-13,0,0
M008,2026-07-14,19,2894472
M008,2026-07-15,15,2211055
M008,2026-07-16,0,0
M008,2026-07-17,12,1849246
M008,2026-07-18,14,2050251
M008,2026-07-19,0,0
M008,2026-07-20,21,3216080
M008,2026-07-21,1,160804
M008,2026-07-22,20,2974874
M008,2026-07-23,7,1005025
M008,2026-07-24,0,0
M008,2026-07-25,12,1809045
M008,2026-07-26,0,0
M008,2026-07-27,3,482412
M008,2026-07-28,0,0
M008,2026-07-29,24,3658291
M008,2026-07-30,0,0
M008,2026-07-31,1,120603
M008,2026-08-01,13,1889447
M008,2026-08-02,3,442211
M008,2026-08-03,0,0
M008,2026-08-04,0,0
M008,2026-08-05,4,651471
M008,2026-08-06,0,0
M008,2026-08-07,0,0
M008,2026-08-08,4,574817
M008,2026-08-09,5,804744
M008,2026-08-10,15,2299270
M008,2026-08-11,10,1532846
M008,2026-08-12,8,1226277
M008,2026-08-13,12,1762773
M008,2026-08-14,0,0
M008,2026-08-15,0,0
M008,2026-08-16,0,0
M008,2026-08-17,0,0
M008,2026-08-18,22,3372262
M008,2026-08-19,0,0
M008,2026-08-20,22,3295620
M008,2026-08-21,21,3180656
M008,2026-08-22,15,2260948
M008,2026-08-23,18,2720802
M008,2026-08-24,24,3525547
M008,2026-08-25,18,2644160
M008,2026-08-26,13,1992700
M008,2026-08-27,13,1916058
M008,2026-08-28,18,2720802
M008,2026-08-29,8,1149635
M008,2026-08-30,6,843065
M008,2026-08-31,24,3525547
M009,2026-08-07,0,0
M009,2026-08-08,0,0
M009,2026-08-09,0,0
M009,2026-08-10,0,0
M009,2026-08-11,0,0
M009,2026-08-12,0,0
M009,2026-08-13,0,0
M009,2026-08-14,0,0
M009,2026-08-15,0,0
M009,2026-08-16,0,0
M009,2026-08-17,0,0
M009,2026-08-18,0,0
M009,2026-08-19,0,0
M009,2026-08-20,0,0
M009,2026-08-21,0,0
M009,2026-08-22,0,0
M009,2026-08-23,0,0
M009,2026-08-24,0,0
M009,2026-08-25,5,949860
M009,2026-08-26,6,1135452
M009,2026-08-27,0,0
M009,2026-08-28,0,0
M009,2026-08-29,8,665544
M009,2026-08-30,0,0
M009,2026-08-31,5,821485
M010,2026-08-18,0,0
M010,2026-08-19,0,0
M010,2026-08-20,0,0
M010,2026-08-21,0,0
M010,2026-08-22,0,0
M010,2026-08-23,0,0
M010,2026-08-24,0,0
M010,2026-08-25,0,0
M010,2026-08-26,0,0
M010,2026-08-27,0,0
M010,2026-08-28,0,0
M010,2026-08-29,0,0
M010,2026-08-30,0,0
M010,2026-08-31,0,0
M012,2025-10-29,0,0
M012,2025-10-30,0,0
M012,2025-10-31,0,0
M012,2025-11-01,0,0
M012,2025-11-02,0,0
M012,2025-11-03,1,125802
M012,2025-11-04,2,134268
M012,2025-11-05,0,0
M012,2025-11-06,0,0
M012,2025-11-07,4,571508
M012,2025-11-08,0,0
M012,2025-11-09,5,784490
M012,2025-11-10,0,0
M012,2025-11-11,3,490188
M012,2025-11-12,0,0
M012,2025-11-13,4,496944
M012,2025-11-14,0,0
M012,2025-11-15,4,426840
M012,2025-11-16,0,0
M012,2025-11-17,0,0
M012,2025-11-18,2,286954
M012,2025-11-19,1,128620
M012,2025-11-20,3,465390
M012,2025-11-21,4,598572
M012,2025-11-22,4,323116
M012,2025-11-23,5,446810
M012,2025-11-24,7,495509
M012,2025-11-25,6,990216
M012,2025-11-26,0,0
M012,2025-11-27,3,193491
M012,2025-11-28,0,0
M012,2025-11-29,3,304995
M012,2025-11-30,0,0
M012,2025-12-01,7,346465
M012,2025-12-02,4,617216
M012,2025-12-03,4,678992
M012,2025-12-04,0,0
M012,2025-12-05,9,1086462
M012,2025-12-06,0,0
M012,2025-12-07,5,343340
M012,2025-12-08,2,187038
M012,2025-12-09,2,248496
M012,2025-12-10,6,662502
M012,2025-12-11,0,0
M012,2025-12-12,0,0
M012,2025-12-13,7,428344
M012,2025-12-14,0,0
M012,2025-12-15,6,263412
M012,2025-12-16,1,122398
M012,2025-12-17,0,0
M012,2025-12-18,0,0
M012,2025-12-19,4,544228
M012,2025-12-20,0,0
M012,2025-12-21,0,0
M012,2025-12-22,0,0
M012,2025-12-23,0,0
M012,2025-12-24,4,357288
M012,2025-12-25,0,0
M012,2025-12-26,3,297267
M012,2025-12-27,0,0
M012,2025-12-28,0,0
M012,2025-12-29,4,637760
M012,2025-12-30,4,355700
M012,2025-12-31,5,750875
M012,2026-01-01,6,679716
M012,2026-01-02,0,0
M012,2026-01-03,7,1059807
M012,2026-01-04,4,207000
M012,2026-01-05,4,163808
M012,2026-01-06,9,703809
M012,2026-01-07,0,0
M012,2026-01-08,0,0
M012,2026-01-09,3,259992
M012,2026-01-10,0,0
M012,2026-01-11,3,522249
M012,2026-01-12,2,322846
M012,2026-01-13,7,413161
M012,2026-01-14,0,0
M012,2026-01-15,4,508104
M012,2026-01-16,5,858910
M012,2026-01-17,0,0
M012,2026-01-18,5,454455
M012,2026-01-19,2,315100
M012,2026-01-20,8,710664
M012,2026-01-21,0,0
M012,2026-01-22,0,0
M012,2026-01-23,4,323152
M012,2026-01-24,0,0
M012,2026-01-25,6,733566
M012,2026-01-26,5,582350
M012,2026-01-27,0,0
M012,2026-01-28,7,879494
M012,2026-01-29,0,0
M012,2026-01-30,4,385504
M012,2026-01-31,0,0
M012,2026-02-01,4,449264
M012,2026-02-02,4,282728
M012,2026-02-03,4,697108
M012,2026-02-04,0,0
M012,2026-02-05,4,572752
M012,2026-02-06,0,0
M012,2026-02-07,0,0
M012,2026-02-08,4,643972
M012,2026-02-09,7,717934
M012,2026-02-10,4,230400
M012,2026-02-11,4,607260
M012,2026-02-12,0,0
M012,2026-02-13,0,0
M012,2026-02-14,4,643100
M012,2026-02-15,5,810125
M012,2026-02-16,0,0
M012,2026-02-17,4,662224
M012,2026-02-18,0,0
M012,2026-02-19,5,370625
M012,2026-02-20,4,312132
M012,2026-02-21,4,304804
M012,2026-02-22,2,245766
M012,2026-02-23,1,66991
M012,2026-02-24,0,0
M012,2026-02-25,0,0
M012,2026-02-26,2,237068
M012,2026-02-27,0,0
M012,2026-02-28,0,0
M012,2026-03-01,0,0
M012,2026-03-02,1,46962
M012,2026-03-03,6,585336
M012,2026-03-04,1,41593
M012,2026-03-05,5,395215
M012,2026-03-06,4,522256
M012,2026-03-07,3,191412
M012,2026-03-08,0,0
M012,2026-03-09,5,648660
M012,2026-03-10,0,0
M012,2026-03-11,1,131751
M012,2026-03-12,2,359226
M012,2026-03-13,4,466596
M012,2026-03-14,6,1018470
M012,2026-03-15,6,497946
M012,2026-03-16,0,0
M012,2026-03-17,3,236133
M012,2026-03-18,3,444945
M012,2026-03-19,0,0
M012,2026-03-20,6,1043340
M012,2026-03-21,1,59356
M012,2026-03-22,5,441890
M012,2026-03-23,0,0
M012,2026-03-24,0,0
M012,2026-03-25,0,0
M012,2026-03-26,3,525507
M012,2026-03-27,3,448788
M012,2026-03-28,0,0
M012,2026-03-29,5,243365
M012,2026-03-30,0,0
M012,2026-03-31,0,0
M012,2026-04-01,2,117118
M012,2026-04-02,0,0
M012,2026-04-03,0,0
M012,2026-04-04,1,157012
M012,2026-04-05,0,0
M012,2026-04-06,2,155450
M012,2026-04-07,0,0
M012,2026-04-08,3,327768
M012,2026-04-09,0,0
M012,2026-04-10,0,0
M012,2026-04-11,8,1141576
M012,2026-04-12,4,318968
M012,2026-04-13,5,443280
M012,2026-04-14,0,0
M012,2026-04-15,1,158518
M012,2026-04-16,5,321060
M012,2026-04-17,0,0
M012,2026-04-18,0,0
M012,2026-04-19,0,0
M012,2026-04-20,0,0
M012,2026-04-21,4,531560
M012,2026-04-22,1,82346
M012,2026-04-23,0,0
M012,2026-04-24,4,345484
M012,2026-04-25,7,510797
M012,2026-04-26,4,629836
M012,2026-04-27,0,0
M012,2026-04-28,0,0
M012,2026-04-29,4,313428
M012,2026-04-30,0,0
M012,2026-05-01,0,0
M012,2026-05-02,0,0
M012,2026-05-03,0,0
M012,2026-05-04,4,342048
M012,2026-05-05,6,811770
M012,2026-05-06,4,709728
M012,2026-05-07,0,0
M012,2026-05-08,0,0
M012,2026-05-09,2,342232
M012,2026-05-10,2,101912
M012,2026-05-11,2,265818
M012,2026-05-12,0,0
M012,2026-05-13,4,248672
M012,2026-05-14,0,0
M012,2026-05-15,0,0
M012,2026-05-16,8,660248
M012,2026-05-17,3,375588
M012,2026-05-18,4,642412
M012,2026-05-19,0,0
M012,2026-05-20,0,0
M012,2026-05-21,8,1053664
M012,2026-05-22,6,1041564
M012,2026-05-23,0,0
M012,2026-05-24,6,460908
M012,2026-05-25,3,179694
M012,2026-05-26,0,0
M012,2026-05-27,7,765191
M012,2026-05-28,1,138739
M012,2026-05-29,0,0
M012,2026-05-30,5,838280
M012,2026-05-31,7,634067
M012,2026-06-01,1,108286
M012,2026-06-02,2,171368
M012,2026-06-03,4,567448
M012,2026-06-04,0,0
M012,2026-06-05,2,209826
M012,2026-06-06,2,278574
M012,2026-06-07,4,650300
M012,2026-06-08,0,0
M012,2026-06-09,6,836052
M012,2026-06-10,3,146805
M012,2026-06-11,1,72901
M012,2026-06-12,3,408183
M012,2026-06-13,0,0
M012,2026-06-14,7,1202544
M012,2026-06-15,6,364440
M012,2026-06-16,7,697935
M012,2026-06-17,5,729615
M012,2026-06-18,0,0
M012,2026-06-19,2,305850
M012,2026-06-20,0,0
M012,2026-06-21,7,676858
M012,2026-06-22,5,225840
M012,2026-06-23,5,867570
M012,2026-06-24,0,0
M012,2026-06-25,2,224152
M012,2026-06-26,0,0
M012,2026-06-27,3,431706
M012,2026-06-28,1,93803
M012,2026-06-29,2,233374
M012,2026-06-30,2,309432
M012,2026-07-01,2,226080
M012,2026-07-02,0,0
M012,2026-07-03,3,148437
M012,2026-07-04,0,0
M012,2026-07-05,2,123888
M012,2026-07-06,0,0
M012,2026-07-07,5,437548
M012,2026-07-08,9,769744
M012,2026-07-09,8,721129
M012,2026-07-10,4,316000
M012,2026-07-11,0,0
M012,2026-07-12,5,486154
M012,2026-07-13,9,794052
M012,2026-07-14,4,380821
M012,2026-07-15,0,0
M012,2026-07-16,7,664411
M012,2026-07-17,0,0
M012,2026-07-18,8,704924
M012,2026-07-19,6,502359
M012,2026-07-20,6,534770
M012,2026-07-21,4,332205
M012,2026-07-22,0,0
M012,2026-07-23,4,372718
M012,2026-07-24,2,162051
M012,2026-07-25,0,0
M012,2026-07-26,2,153948
M012,2026-07-27,3,243077
M012,2026-07-28,0,0
M012,2026-07-29,1,24307
M012,2026-07-30,2,210667
M012,2026-07-31,9,810257
M012,2026-08-01,0,0
M012,2026-08-02,0,0
M012,2026-08-03,0,0
M012,2026-08-04,0,0
M012,2026-08-05,7,651192
M012,2026-08-06,5,479817
M012,2026-08-07,0,0
M012,2026-08-08,6,568926
M012,2026-08-09,0,0
M012,2026-08-10,7,603198
M012,2026-08-11,1,116527
M012,2026-08-12,0,0
M012,2026-08-13,6,520944
M012,2026-08-14,0,0
M012,2026-08-15,4,322162
M012,2026-08-16,0,0
M012,2026-08-17,7,651180
M012,2026-08-18,3,267326
M012,2026-08-19,5,459253
M012,2026-08-20,2,191926
M012,2026-08-21,0,0
M012,2026-08-22,7,644325
M012,2026-08-23,1,75399
M012,2026-08-24,7,630616
M012,2026-08-25,7,644325
M012,2026-08-26,7,637471
M012,2026-08-27,4,335872
M012,2026-08-28,6,500380
M012,2026-08-29,6,541507
M012,2026-08-30,0,0
M012,2026-08-31,2,157654
M014,2026-04-07,0,0
M014,2026-04-08,0,0
M014,2026-04-09,0,0
M014,2026-04-10,0,0
M014,2026-04-11,0,0
M014,2026-04-12,11,2693834
M014,2026-04-13,0,0
M014,2026-04-14,7,604065
M014,2026-04-15,8,1923240
M014,2026-04-16,0,0
M014,2026-04-17,6,1111548
M014,2026-04-18,14,2157904
M014,2026-04-19,10,882210
M014,2026-04-20,7,1089298
M014,2026-04-21,5,696260
M014,2026-04-22,7,1603357
M014,2026-04-23,7,514297
M014,2026-04-24,9,1453986
M014,2026-04-25,14,1987454
M014,2026-04-26,3,529029
M014,2026-04-27,11,1040798
M014,2026-04-28,10,2462160
M014,2026-04-29,7,970221
M014,2026-04-30,0,0
M014,2026-05-01,9,783873
M014,2026-05-02,8,769912
M014,2026-05-03,8,1980408
M014,2026-05-04,5,1053975
M014,2026-05-05,0,0
M014,2026-05-06,0,0
M014,2026-05-07,7,1048628
M014,2026-05-08,5,505230
M014,2026-05-09,8,1853496
M014,2026-05-10,12,989712
M014,2026-05-11,9,1965276
M014,2026-05-12,6,1159068
M014,2026-05-13,0,0
M014,2026-05-14,6,979584
M014,2026-05-15,0,0
M014,2026-05-16,0,0
M014,2026-05-17,0,0
M014,2026-05-18,7,532070
M014,2026-05-19,9,1712547
M014,2026-05-20,6,447966
M014,2026-05-21,8,1600576
M014,2026-05-22,7,537264
M014,2026-05-23,11,1314071
M014,2026-05-24,0,0
M014,2026-05-25,0,0
M014,2026-05-26,9,1375038
M014,2026-05-27,5,882205
M014,2026-05-28,8,1858048
M014,2026-05-29,6,1445766
M014,2026-05-30,12,2491692
M014,2026-05-31,10,2523380
M014,2026-06-01,13,1321658
M014,2026-06-02,0,0
M014,2026-06-03,12,2864640
M014,2026-06-04,5,1155370
M014,2026-06-05,0,0
M014,2026-06-06,0,0
M014,2026-06-07,7,1516648
M014,2026-06-08,0,0
M014,2026-06-09,7,1344602
M014,2026-06-10,7,1420692
M014,2026-06-11,4,359480
M014,2026-06-12,11,882717
M014,2026-06-13,7,802494
M014,2026-06-14,9,2295594
M014,2026-06-15,7,1662311
M014,2026-06-16,7,1382066
M014,2026-06-17,12,952860
M014,2026-06-18,9,739764
M014,2026-06-19,4,445636
M014,2026-06-20,5,1163310
M014,2026-06-21,0,0
M014,2026-06-22,5,893885
M014,2026-06-23,0,0
M014,2026-06-24,3,255999
M014,2026-06-25,11,1481865
M014,2026-06-26,0,0
M014,2026-06-27,16,1964704
M014,2026-06-28,8,1000248
M014,2026-06-29,0,0
M014,2026-06-30,6,870528
M014,2026-07-01,10,2417440
M014,2026-07-02,9,918306
M014,2026-07-03,4,806040
M014,2026-07-04,9,826947
M014,2026-07-05,9,2001726
M014,2026-07-06,10,2166230
M014,2026-07-07,7,1096349
M014,2026-07-08,0,0
M014,2026-07-09,0,0
M014,2026-07-10,19,2775106
M014,2026-07-11,7,1062077
M014,2026-07-12,17,2603803
M014,2026-07-13,4,582429
M014,2026-07-14,4,548169
M014,2026-07-15,6,890774
M014,2026-07-16,19,2775106
M014,2026-07-17,20,3049191
M014,2026-07-18,0,0
M014,2026-07-19,11,1610247
M014,2026-07-20,0,0
M014,2026-07-21,16,2329719
M014,2026-07-22,12,1815810
M014,2026-07-23,5,685211
M014,2026-07-24,10,1473204
M014,2026-07-25,3,445387
M014,2026-07-26,5,787993
M014,2026-07-27,0,0
M014,2026-07-28,18,2740846
M014,2026-07-29,12,1747289
M014,2026-07-30,13,1952852
M014,2026-07-31,0,0
M014,2026-08-01,6,959296
M014,2026-08-02,0,0
M014,2026-08-03,15,2192676
M014,2026-08-04,42,6249065
M014,2026-08-05,0,0
M014,2026-08-06,15,2187170
M014,2026-08-07,0,0
M014,2026-08-08,0,0
M014,2026-08-09,44,6561511
M014,2026-08-10,11,1666415
M014,2026-08-11,26,3853586
M014,2026-08-12,11,1666415
M014,2026-08-13,0,0
M014,2026-08-14,0,0
M014,2026-08-15,39,5832454
M014,2026-08-16,0,0
M014,2026-08-17,49,7290568
M014,2026-08-18,0,0
M014,2026-08-19,0,0
M014,2026-08-20,56,8332078
M014,2026-08-21,0,0
M014,2026-08-22,1,208301
M014,2026-08-23,10,1458113
M014,2026-08-24,0,0
M014,2026-08-25,0,0
M014,2026-08-26,0,0
M014,2026-08-27,36,5415850
M014,2026-08-28,28,4166039
M014,2026-08-29,0,0
M014,2026-08-30,25,3749435
M014,2026-08-31,0,0
M015,2025-08-19,0,0
M015,2025-08-20,0,0
M015,2025-08-21,0,0
M015,2025-08-22,0,0
M015,2025-08-23,0,0
M015,2025-08-24,0,0
M015,2025-08-25,0,0
M015,2025-08-26,0,0
M015,2025-08-27,0,0
M015,2025-08-28,0,0
M015,2025-08-29,0,0
M015,2025-08-30,0,0
M015,2025-08-31,0,0
M015,2025-09-01,0,0
M015,2025-09-02,0,0
M015,2025-09-03,0,0
M015,2025-09-04,0,0
M015,2025-09-05,0,0
M015,2025-09-06,0,0
M015,2025-09-07,0,0
M015,2025-09-08,0,0
M015,2025-09-09,0,0
M015,2025-09-10,0,0
M015,2025-09-11,0,0
M015,2025-09-12,6,341052
M015,2025-09-13,0,0
M015,2025-09-14,0,0
M015,2025-09-15,6,682560
M015,2025-09-16,2,148014
M015,2025-09-17,0,0
M015,2025-09-18,0,0
M015,2025-09-19,1,93442
M015,2025-09-20,2,153706
M015,2025-09-21,1,72741
M015,2025-09-22,5,384005
M015,2025-09-23,0,0
M015,2025-09-24,0,0
M015,2025-09-25,2,273024
M015,2025-09-26,5,238110
M015,2025-09-27,5,611155
M015,2025-09-28,0,0
M015,2025-09-29,2,101836
M015,2025-09-30,8,1010368
M015,2025-10-01,0,0
M015,2025-10-02,0,0
M015,2025-10-03,7,1175118
M015,2025-10-04,7,1092224
M015,2025-10-05,3,289539
M015,2025-10-06,4,174612
M015,2025-10-07,7,429989
M015,2025-10-08,8,1267032
M015,2025-10-09,8,1255408
M015,2025-10-10,0,0
M015,2025-10-11,0,0
M015,2025-10-12,0,0
M015,2025-10-13,0,0
M015,2025-10-14,4,172500
M015,2025-10-15,1,177088
M015,2025-10-16,5,192410
M015,2025-10-17,1,168707
M015,2025-10-18,4,580364
M015,2025-10-19,4,310876
M015,2025-10-20,5,789865
M015,2025-10-21,0,0
M015,2025-10-22,6,961338
M015,2025-10-23,7,1136513
M015,2025-10-24,0,0
M015,2025-10-25,0,0
M015,2025-10-26,7,1015903
M015,2025-10-27,1,111096
M015,2025-10-28,0,0
M015,2025-10-29,5,321875
M015,2025-10-30,0,0
M015,2025-10-31,9,553059
M015,2025-11-01,6,811626
M015,2025-11-02,0,0
M015,2025-11-03,0,0
M015,2025-11-04,0,0
M015,2025-11-05,8,1117424
M015,2025-11-06,4,698964
M015,2025-11-07,2,289302
M015,2025-11-08,4,437188
M015,2025-11-09,2,107242
M015,2025-11-10,0,0
M015,2025-11-11,0,0
M015,2025-11-12,6,992400
M015,2025-11-13,0,0
M015,2025-11-14,5,310240
M015,2025-11-15,0,0
M015,2025-11-16,3,451272
M015,2025-11-17,4,161708
M015,2025-11-18,0,0
M015,2025-11-19,0,0
M015,2025-11-20,0,0
M015,2025-11-21,3,391794
M015,2025-11-22,6,677070
M015,2025-11-23,0,0
M015,2025-11-24,0,0
M015,2025-11-25,3,305919
M015,2025-11-26,0,0
M015,2025-11-27,0,0
M015,2025-11-28,2,269826
M015,2025-11-29,1,62245
M015,2025-11-30,3,136671
M015,2025-12-01,4,229616
M015,2025-12-02,3,109161
M015,2025-12-03,2,208798
M015,2025-12-04,3,518184
M015,2025-12-05,0,0
M015,2025-12-06,0,0
M015,2025-12-07,1,99487
M015,2025-12-08,0,0
M015,2025-12-09,4,512932
M015,2025-12-10,4,582160
M015,2025-12-11,0,0
M015,2025-12-12,0,0
M015,2025-12-13,3,257247
M015,2025-12-14,1,142524
M015,2025-12-15,2,237600
M015,2025-12-16,0,0
M015,2025-12-17,0,0
M015,2025-12-18,5,307180
M015,2025-12-19,1,104711
M015,2025-12-20,5,433245
M015,2025-12-21,10,1686210
M015,2025-12-22,4,445868
M015,2025-12-23,0,0
M015,2025-12-24,7,820883
M015,2025-12-25,9,890001
M015,2025-12-26,4,627732
M015,2025-12-27,0,0
M015,2025-12-28,4,624768
M015,2025-12-29,6,304098
M015,2025-12-30,3,467214
M015,2025-12-31,0,0
M015,2026-01-01,0,0
M015,2026-01-02,4,239240
M015,2026-01-03,7,945889
M015,2026-01-04,0,0
M015,2026-01-05,5,382820
M015,2026-01-06,4,165448
M015,2026-01-07,2,318598
M015,2026-01-08,0,0
M015,2026-01-09,0,0
M015,2026-01-10,6,866766
M015,2026-01-11,2,205514
M015,2026-01-12,0,0
M015,2026-01-13,4,409956
M015,2026-01-14,0,0
M015,2026-01-15,4,498280
M015,2026-01-16,5,190795
M015,2026-01-17,0,0
M015,2026-01-18,8,914768
M015,2026-01-19,0,0
M015,2026-01-20,6,655806
M015,2026-01-21,7,443709
M015,2026-01-22,3,398433
M015,2026-01-23,0,0
M015,2026-01-24,7,1145606
M015,2026-01-25,6,914256
M015,2026-01-26,3,273873
M015,2026-01-27,0,0
M015,2026-01-28,1,87796
M015,2026-01-29,0,0
M015,2026-01-30,0,0
M015,2026-01-31,0,0
M015,2026-02-01,5,637975
M015,2026-02-02,0,0
M015,2026-02-03,5,833605
M015,2026-02-04,1,159615
M015,2026-02-05,0,0
M015,2026-02-06,5,540295
M015,2026-02-07,0,0
M015,2026-02-08,2,303414
M015,2026-02-09,1,152903
M015,2026-02-10,0,0
M015,2026-02-11,0,0
M015,2026-02-12,3,359166
M015,2026-02-13,0,0
M015,2026-02-14,0,0
M015,2026-02-15,5,718330
M015,2026-02-16,4,618960
M015,2026-02-17,2,247836
M015,2026-02-18,0,0
M015,2026-02-19,5,311150
M015,2026-02-20,0,0
M015,2026-02-21,2,173736
M015,2026-02-22,0,0
M015,2026-02-23,0,0
M015,2026-02-24,0,0
M015,2026-02-25,6,811464
M015,2026-02-26,2,154108
M015,2026-02-27,5,420800
M015,2026-02-28,0,0
M015,2026-03-01,5,783395
M015,2026-03-02,0,0
M015,2026-03-03,6,801822
M015,2026-03-04,6,906792
M015,2026-03-05,0,0
M015,2026-03-06,4,646948
M015,2026-03-07,2,74276
M015,2026-03-08,0,0
M015,2026-03-09,5,331830
M015,2026-03-10,0,0
M015,2026-03-11,2,253252
M015,2026-03-12,0,0
M015,2026-03-13,0,0
M015,2026-03-14,4,262668
M015,2026-03-15,4,503352
M015,2026-03-16,3,231813
M015,2026-03-17,3,206841
M015,2026-03-18,0,0
M015,2026-03-19,4,364196
M015,2026-03-20,8,1061624
M015,2026-03-21,4,253000
M015,2026-03-22,0,0
M015,2026-03-23,6,316824
M015,2026-03-24,0,0
M015,2026-03-25,2,224976
M015,2026-03-26,2,332746
M015,2026-03-27,6,541530
M015,2026-03-28,8,523880
M015,2026-03-29,4,145588
M015,2026-03-30,5,679920
M015,2026-03-31,2,142918
M015,2026-04-01,0,0
M015,2026-04-02,0,0
M015,2026-04-03,0,0
M015,2026-04-04,1,60734
M015,2026-04-05,6,575634
M015,2026-04-06,0,0
M015,2026-04-07,2,113410
M015,2026-04-08,5,845880
M015,2026-04-09,1,130540
M015,2026-04-10,0,0
M015,2026-04-11,2,209162
M015,2026-04-12,3,499539
M015,2026-04-13,2,341042
M015,2026-04-14,2,116286
M015,2026-04-15,0,0
M015,2026-04-16,0,0
M015,2026-04-17,3,462567
M015,2026-04-18,0,0
M015,2026-04-19,6,684528
M015,2026-04-20,5,886975
M015,2026-04-21,0,0
M015,2026-04-22,4,319572
M015,2026-04-23,7,907704
M015,2026-04-24,3,404328
M015,2026-04-25,4,503284
M015,2026-04-26,0,0
M015,2026-04-27,0,0
M015,2026-04-28,2,330382
M015,2026-04-29,2,234494
M015,2026-04-30,3,139689
M015,2026-05-01,5,336165
M015,2026-05-02,0,0
M015,2026-05-03,0,0
M015,2026-05-04,1,69703
M015,2026-05-05,2,219632
M015,2026-05-06,0,0
M015,2026-05-07,7,1186787
M015,2026-05-08,4,526356
M015,2026-05-09,2,121360
M015,2026-05-10,0,0
M015,2026-05-11,1,152334
M015,2026-05-12,0,0
M015,2026-05-13,3,166206
M015,2026-05-14,0,0
M015,2026-05-15,2,157946
M015,2026-05-16,0,0
M015,2026-05-17,4,370700
M015,2026-05-18,4,188056
M015,2026-05-19,0,0
M015,2026-05-20,0,0
M015,2026-05-21,0,0
M015,2026-05-22,0,0
M015,2026-05-23,5,192610
M015,2026-05-24,0,0
M015,2026-05-25,5,721355
M015,2026-05-26,0,0
M015,2026-05-27,2,262608
M015,2026-05-28,0,0
M015,2026-05-29,3,294069
M015,2026-05-30,0,0
M015,2026-05-31,4,674220
M015,2026-06-01,0,0
M015,2026-06-02,2,345662
M015,2026-06-03,6,934050
M015,2026-06-04,2,344302
M015,2026-06-05,0,0
M015,2026-06-06,8,641264
M015,2026-06-07,5,896660
M015,2026-06-08,7,566615
M015,2026-06-09,0,0
M015,2026-06-10,0,0
M015,2026-06-11,3,393633
M015,2026-06-12,6,513216
M015,2026-06-13,0,0
M015,2026-06-14,0,0
M015,2026-06-15,2,233222
M015,2026-06-16,0,0
M015,2026-06-17,2,134230
M015,2026-06-18,6,1008936
M015,2026-06-19,0,0
M015,2026-06-20,0,0
M015,2026-06-21,2,105612
M015,2026-06-22,2,281478
M015,2026-06-23,0,0
M015,2026-06-24,5,720250
M015,2026-06-25,2,218890
M015,2026-06-26,4,288864
M015,2026-06-27,2,173764
M015,2026-06-28,5,602245
M015,2026-06-29,6,1037334
M015,2026-06-30,3,182691
M015,2026-07-01,0,0
M015,2026-07-02,1,39457
M015,2026-07-03,3,487515
M015,2026-07-04,3,237081
M015,2026-07-05,4,610728
M015,2026-07-06,6,340230
M015,2026-07-07,0,0
M015,2026-07-08,0,0
M015,2026-07-09,11,1017340
M015,2026-07-10,9,809713
M015,2026-07-11,9,840856
M015,2026-07-12,1,31142
M015,2026-07-13,0,0
M015,2026-07-14,2,217999
M015,2026-07-15,3,249142
M015,2026-07-16,0,0
M015,2026-07-17,0,0
M015,2026-07-18,8,757808
M015,2026-07-19,1,103809
M015,2026-07-20,2,155714
M015,2026-07-21,9,778570
M015,2026-07-22,1,114190
M015,2026-07-23,2,145333
M015,2026-07-24,0,0
M015,2026-07-25,0,0
M015,2026-07-26,0,0
M015,2026-07-27,1,10380
M015,2026-07-28,10,861618
M015,2026-07-29,0,0
M015,2026-07-30,3,301047
M015,2026-07-31,0,0
M015,2026-08-01,4,352951
M015,2026-08-02,7,622856
M015,2026-08-03,6,498285
M015,2026-08-04,4,317937
M015,2026-08-05,0,0
M015,2026-08-06,2,209540
M015,2026-08-07,1,28902
M015,2026-08-08,8,715328
M015,2026-08-09,5,426307
M015,2026-08-10,7,635847
M015,2026-08-11,3,303472
M015,2026-08-12,3,274570
M015,2026-08-13,1,130059
M015,2026-08-14,1,93932
M015,2026-08-15,6,520239
M015,2026-08-16,4,382953
M015,2026-08-17,1,50578
M015,2026-08-18,0,0
M015,2026-08-19,8,700877
M015,2026-08-20,2,223991
M015,2026-08-21,8,686426
M015,2026-08-22,1,101157
M015,2026-08-23,8,700877
M015,2026-08-24,0,0
M015,2026-08-25,3,296247
M015,2026-08-26,1,108383
M015,2026-08-27,0,0
M015,2026-08-28,1,122834
M015,2026-08-29,1,79480
M015,2026-08-30,4,317923
M015,2026-08-31,6,549141
M016,2025-12-01,0,0
M016,2025-12-02,0,0
M016,2025-12-03,0,0
M016,2025-12-04,0,0
M016,2025-12-05,0,0
M016,2025-12-06,0,0
M016,2025-12-07,4,173260
M016,2025-12-08,4,497896
M016,2025-12-09,7,677117
M016,2025-12-10,3,107355
M016,2025-12-11,2,106124
M016,2025-12-12,0,0
M016,2025-12-13,4,625848
M016,2025-12-14,4,181852
M016,2025-12-15,7,423171
M016,2025-12-16,0,0
M016,2025-12-17,2,162122
M016,2025-12-18,0,0
M016,2025-12-19,4,414124
M016,2025-12-20,4,588228
M016,2025-12-21,0,0
M016,2025-12-22,0,0
M016,2025-12-23,0,0
M016,2025-12-24,0,0
M016,2025-12-25,5,647475
M016,2025-12-26,5,465245
M016,2025-12-27,7,890281
M016,2025-12-28,0,0
M016,2025-12-29,0,0
M016,2025-12-30,0,0
M016,2025-12-31,0,0
M016,2026-01-01,4,164372
M016,2026-01-02,0,0
M016,2026-01-03,0,0
M016,2026-01-04,7,423136
M016,2026-01-05,0,0
M016,2026-01-06,0,0
M016,2026-01-07,0,0
M016,2026-01-08,3,420171
M016,2026-01-09,0,0
M016,2026-01-10,0,0
M016,2026-01-11,6,547326
M016,2026-01-12,2,158090
M016,2026-01-13,6,510438
M016,2026-01-14,7,1133321
M016,2026-01-15,0,0
M016,2026-01-16,4,285116
M016,2026-01-17,0,0
M016,2026-01-18,2,239474
M016,2026-01-19,0,0
M016,2026-01-20,0,0
M016,2026-01-21,2,154712
M016,2026-01-22,5,683980
M016,2026-01-23,1,127051
M016,2026-01-24,2,124700
M016,2026-01-25,0,0
M016,2026-01-26,0,0
M016,2026-01-27,0,0
M016,2026-01-28,0,0
M016,2026-01-29,2,191746
M016,2026-01-30,6,893754
M016,2026-01-31,3,431613
M016,2026-02-01,4,446368
M016,2026-02-02,6,236238
M016,2026-02-03,0,0
M016,2026-02-04,0,0
M016,2026-02-05,0,0
M016,2026-02-06,10,1147100
M016,2026-02-07,0,0
M016,2026-02-08,4,659980
M016,2026-02-09,2,270794
M016,2026-02-10,1,110291
M016,2026-02-11,2,70586
M016,2026-02-12,0,0
M016,2026-02-13,9,1611054
M016,2026-02-14,11,569800
M016,2026-02-15,0,0
M016,2026-02-16,0,0
M016,2026-02-17,4,385096
M016,2026-02-18,5,662935
M016,2026-02-19,3,237723
M016,2026-02-20,1,87913
M016,2026-02-21,0,0
M016,2026-02-22,0,0
M016,2026-02-23,0,0
M016,2026-02-24,0,0
M016,2026-02-25,6,680772
M016,2026-02-26,3,333714
M016,2026-02-27,5,759170
M016,2026-02-28,8,1040072
M016,2026-03-01,0,0
M016,2026-03-02,0,0
M016,2026-03-03,3,294789
M016,2026-03-04,0,0
M016,2026-03-05,0,0
M016,2026-03-06,5,817785
M016,2026-03-07,0,0
M016,2026-03-08,7,515585
M016,2026-03-09,0,0
M016,2026-03-10,0,0
M016,2026-03-11,3,377889
M016,2026-03-12,0,0
M016,2026-03-13,4,528136
M016,2026-03-14,6,519084
M016,2026-03-15,5,294945
M016,2026-03-16,4,144168
M016,2026-03-17,0,0
M016,2026-03-18,0,0
M016,2026-03-19,6,969060
M016,2026-03-20,3,443031
M016,2026-03-21,4,209608
M016,2026-03-22,8,699240
M016,2026-03-23,5,316055
M016,2026-03-24,0,0
M016,2026-03-25,5,378640
M016,2026-03-26,0,0
M016,2026-03-27,1,169588
M016,2026-03-28,5,281220
M016,2026-03-29,4,345876
M016,2026-03-30,5,318530
M016,2026-03-31,3,225177
M016,2026-04-01,1,79138
M016,2026-04-02,9,1218582
M016,2026-04-03,5,268305
M016,2026-04-04,2,289680
M016,2026-04-05,0,0
M016,2026-04-06,3,268809
M016,2026-04-07,2,205312
M016,2026-04-08,4,283956
M016,2026-04-09,4,153660
M016,2026-04-10,1,57418
M016,2026-04-11,3,535041
M016,2026-04-12,0,0
M016,2026-04-13,7,462210
M016,2026-04-14,3,260484
M016,2026-04-15,2,146044
M016,2026-04-16,5,452785
M016,2026-04-17,4,706532
M016,2026-04-18,0,0
M016,2026-04-19,1,71937
M016,2026-04-20,3,443412
M016,2026-04-21,2,241046
M016,2026-04-22,2,107876
M016,2026-04-23,3,390465
M016,2026-04-24,0,0
M016,2026-04-25,0,0
M016,2026-04-26,11,1089572
M016,2026-04-27,0,0
M016,2026-04-28,4,153360
M016,2026-04-29,6,931464
M016,2026-04-30,2,117312
M016,2026-05-01,0,0
M016,2026-05-02,2,194016
M016,2026-05-03,0,0
M016,2026-05-04,6,999564
M016,2026-05-05,3,274017
M016,2026-05-06,6,684084
M016,2026-05-07,6,525804
M016,2026-05-08,0,0
M016,2026-05-09,3,384882
M016,2026-05-10,5,432250
M016,2026-05-11,0,0
M016,2026-05-12,3,118587
M016,2026-05-13,5,306570
M016,2026-05-14,0,0
M016,2026-05-15,6,317964
M016,2026-05-16,5,837245
M016,2026-05-17,3,275628
M016,2026-05-18,5,212375
M016,2026-05-19,0,0
M016,2026-05-20,0,0
M016,2026-05-21,0,0
M016,2026-05-22,5,339245
M016,2026-05-23,7,1210545
M016,2026-05-24,4,511628
M016,2026-05-25,0,0
M016,2026-05-26,2,101378
M016,2026-05-27,4,462956
M016,2026-05-28,3,476355
M016,2026-05-29,4,413212
M016,2026-05-30,2,193002
M016,2026-05-31,3,220986
M016,2026-06-01,2,246698
M016,2026-06-02,0,0
M016,2026-06-03,6,773214
M016,2026-06-04,2,74636
M016,2026-06-05,0,0
M016,2026-06-06,0,0
M016,2026-06-07,3,493734
M016,2026-06-08,4,253636
M016,2026-06-09,3,191925
M016,2026-06-10,5,842440
M016,2026-06-11,0,0
M016,2026-06-12,8,614216
M016,2026-06-13,0,0
M016,2026-06-14,3,226017
M016,2026-06-15,4,271456
M016,2026-06-16,1,134285
M016,2026-06-17,0,0
M016,2026-06-18,1,129350
M016,2026-06-19,0,0
M016,2026-06-20,6,548616
M016,2026-06-21,4,211404
M016,2026-06-22,0,0
M016,2026-06-23,0,0
M016,2026-06-24,0,0
M016,2026-06-25,7,686896
M016,2026-06-26,0,0
M016,2026-06-27,6,533388
M016,2026-06-28,1,119852
M016,2026-06-29,0,0
M016,2026-06-30,0,0
M016,2026-07-01,0,0
M016,2026-07-02,9,361143
M016,2026-07-03,8,810176
M016,2026-07-04,0,0
M016,2026-07-05,0,0
M016,2026-07-06,2,237978
M016,2026-07-07,5,470357
M016,2026-07-08,0,0
M016,2026-07-09,0,0
M016,2026-07-10,1,107507
M016,2026-07-11,0,0
M016,2026-07-12,1,114227
M016,2026-07-13,0,0
M016,2026-07-14,7,665205
M016,2026-07-15,2,167981
M016,2026-07-16,3,288927
M016,2026-07-17,6,564416
M016,2026-07-18,1,94069
M016,2026-07-19,1,107507
M016,2026-07-20,2,174700
M016,2026-07-21,0,0
M016,2026-07-22,5,490504
M016,2026-07-23,0,0
M016,2026-07-24,0,0
M016,2026-07-25,2,147823
M016,2026-07-26,4,315804
M016,2026-07-27,2,208296
M016,2026-07-28,6,544258
M016,2026-07-29,6,584574
M016,2026-07-30,0,0
M016,2026-07-31,5,436750
M016,2026-08-01,1,40315
M016,2026-08-02,3,275488
M016,2026-08-03,6,550977
M016,2026-08-04,0,0
M016,2026-08-05,4,346907
M016,2026-08-06,4,370659
M016,2026-08-07,4,323139
M016,2026-08-08,1,19008
M016,2026-08-09,0,0
M016,2026-08-10,0,0
M016,2026-08-11,3,247106
M016,2026-08-12,1,133057
M016,2026-08-13,0,0
M016,2026-08-14,1,109297
M016,2026-08-15,1,95040
M016,2026-08-16,0,0
M016,2026-08-17,5,475204
M016,2026-08-18,3,247106
M016,2026-08-19,2,204338
M016,2026-08-20,1,23760
M016,2026-08-21,2,152065
M016,2026-08-22,3,289875
M016,2026-08-23,3,294627
M016,2026-08-24,0,0
M016,2026-08-25,4,399172
M016,2026-08-26,1,14256
M016,2026-08-27,1,47520
M016,2026-08-28,0,0
M016,2026-08-29,5,441940
M016,2026-08-30,0,0
M016,2026-08-31,4,403924
M018,2026-07-01,0,0
M018,2026-07-02,0,0
M018,2026-07-03,0,0
M018,2026-07-04,0,0
M018,2026-07-05,0,0
M018,2026-07-06,4,632796
M018,2026-07-07,2,135916
M018,2026-07-08,2,135907
M018,2026-07-09,4,385071
M018,2026-07-10,1,22651
M018,2026-07-11,0,0
M018,2026-07-12,1,113256
M018,2026-07-13,0,0
M018,2026-07-14,8,747492
M018,2026-07-15,2,151008
M018,2026-07-16,0,0
M018,2026-07-17,0,0
M018,2026-07-18,7,626685
M018,2026-07-19,6,498328
M018,2026-07-20,4,354870
M018,2026-07-21,3,241613
M018,2026-07-22,3,309567
M018,2026-07-23,8,747492
M018,2026-07-24,0,0
M018,2026-07-25,0,0
M018,2026-07-26,8,717290
M018,2026-07-27,8,694639
M018,2026-07-28,0,0
M018,2026-07-29,2,188760
M018,2026-07-30,0,0
M018,2026-07-31,7,596483
M018,2026-08-01,1,15100
M018,2026-08-02,8,717290
M018,2026-08-03,0,0
M018,2026-08-04,5,462482
M018,2026-08-05,7,643444
M018,2026-08-06,0,0
M018,2026-08-07,1,20107
M018,2026-08-08,3,291560
M018,2026-08-09,6,583121
M018,2026-08-10,0,0
M018,2026-08-11,0,0
M018,2026-08-12,11,975220
M018,2026-08-13,6,542906
M018,2026-08-14,0,0
M018,2026-08-15,0,0
M018,2026-08-16,10,904843
M018,2026-08-17,0,0
M018,2026-08-18,0,0
M018,2026-08-19,5,482583
M018,2026-08-20,7,603229
M018,2026-08-21,5,412206
M018,2026-08-22,2,150807
M018,2026-08-23,0,0
M018,2026-08-24,0,0
M018,2026-08-25,0,0
M018,2026-08-26,0,0
M018,2026-08-27,0,0
M018,2026-08-28,5,442367
M018,2026-08-29,8,683659
M018,2026-08-30,0,0
M018,2026-08-31,9,834466
M019,2026-06-14,0,0
M019,2026-06-15,0,0
M019,2026-06-16,0,0
M019,2026-06-17,0,0
M019,2026-06-18,0,0
M019,2026-06-19,6,291834
M019,2026-06-20,0,0
M019,2026-06-21,2,86820
M019,2026-06-22,7,728875
M019,2026-06-23,2,268536
M019,2026-06-24,0,0
M019,2026-06-25,0,0
M019,2026-06-26,0,0
M019,2026-06-27,2,226928
M019,2026-06-28,0,0
M019,2026-06-29,1,92536
M019,2026-06-30,0,0
M019,2026-07-01,2,171022
M019,2026-07-02,0,0
M019,2026-07-03,0,0
M019,2026-07-04,0,0
M019,2026-07-05,3,310656
M019,2026-07-06,0,0
M019,2026-07-07,2,221604
M019,2026-07-08,0,0
M019,2026-07-09,5,443185
M019,2026-07-10,0,0
M019,2026-07-11,5,452418
M019,2026-07-12,10,877138
M019,2026-07-13,3,295457
M019,2026-07-14,2,203126
M019,2026-07-15,0,0
M019,2026-07-16,8,747876
M019,2026-07-17,6,572448
M019,2026-07-18,5,424719
M019,2026-07-19,2,221592
M019,2026-07-20,2,212359
M019,2026-07-21,4,341622
M019,2026-07-22,9,821740
M019,2026-07-23,0,0
M019,2026-07-24,1,55398
M019,2026-07-25,0,0
M019,2026-07-26,2,147728
M019,2026-07-27,2,175427
M019,2026-07-28,0,0
M019,2026-07-29,0,0
M019,2026-07-30,3,286224
M019,2026-07-31,0,0
M019,2026-08-01,1,27699
M019,2026-08-02,8,692477
M019,2026-08-03,0,0
M019,2026-08-04,0,0
M019,2026-08-05,0,0
M019,2026-08-06,0,0
M019,2026-08-07,2,137976
M019,2026-08-08,6,565004
M019,2026-08-09,0,0
M019,2026-08-10,0,0
M019,2026-08-11,5,407328
M019,2026-08-12,0,0
M019,2026-08-13,0,0
M019,2026-08-14,6,565004
M019,2026-08-15,0,0
M019,2026-08-16,3,308781
M019,2026-08-17,6,558434
M019,2026-08-18,0,0
M019,2026-08-19,7,637272
M019,2026-08-20,5,492736
M019,2026-08-21,0,0
M019,2026-08-22,5,486166
M019,2026-08-23,2,170815
M019,2026-08-24,0,0
M019,2026-08-25,6,538725
M019,2026-08-26,6,505876
M019,2026-08-27,4,341630
M019,2026-08-28,5,486166
M019,2026-08-29,0,0
M019,2026-08-30,3,308781
M019,2026-08-31,6,499306
M021,2026-07-02,3,121431
M021,2026-07-03,0,0
M021,2026-07-04,6,455844
M021,2026-07-05,0,0
M021,2026-07-06,10,587300
M021,2026-07-07,6,541358
M021,2026-07-08,7,661653
M021,2026-07-09,8,741853
M021,2026-07-10,5,451127
M021,2026-07-11,2,170425
M021,2026-07-12,0,0
M021,2026-07-13,0,0
M021,2026-07-14,0,0
M021,2026-07-15,0,0
M021,2026-07-16,7,641603
M021,2026-07-17,0,0
M021,2026-07-18,4,340851
M021,2026-07-19,0,0
M021,2026-07-20,0,0
M021,2026-07-21,9,802003
M021,2026-07-22,0,0
M021,2026-07-23,1,110275
M021,2026-07-24,0,0
M021,2026-07-25,0,0
M021,2026-07-26,0,0
M021,2026-07-27,9,852129
M021,2026-07-28,0,0
M021,2026-07-29,7,641603
M021,2026-07-30,1,20050
M021,2026-07-31,5,451127
M021,2026-08-01,0,0
M021,2026-08-02,1,120300
M021,2026-08-03,0,0
M021,2026-08-04,1,132640
M021,2026-08-05,0,0
M021,2026-08-06,0,0
M021,2026-08-07,2,163672
M021,2026-08-08,3,234221
M021,2026-08-09,0,0
M021,2026-08-10,0,0
M021,2026-08-11,1,25397
M021,2026-08-12,0,0
M021,2026-08-13,2,160850
M021,2026-08-14,1,31041
M021,2026-08-15,1,64904
M021,2026-08-16,3,251152
M021,2026-08-17,3,237043
M021,2026-08-18,2,169316
M021,2026-08-19,0,0
M021,2026-08-20,2,169316
M021,2026-08-21,1,47973
M021,2026-08-22,1,42329
M021,2026-08-23,2,183426
M021,2026-08-24,3,251152
M021,2026-08-25,3,282194
M021,2026-08-26,1,98767
M021,2026-08-27,2,146741
M021,2026-08-28,1,126987
M021,2026-08-29,2,222933
M021,2026-08-30,0,0
M021,2026-08-31,1,95946
M024,2026-07-30,0,0
M024,2026-07-31,0,0
M024,2026-08-01,5,637625
M024,2026-08-02,0,0
M024,2026-08-03,3,288888
M024,2026-08-04,5,672925
M024,2026-08-05,6,932994
M024,2026-08-06,1,116792
M024,2026-08-07,2,351086
M024,2026-08-08,4,404600
M024,2026-08-09,0,0
M024,2026-08-10,0,0
M024,2026-08-11,3,345945
M024,2026-08-12,3,172653
M024,2026-08-13,0,0
M024,2026-08-14,2,241530
M024,2026-08-15,0,0
M024,2026-08-16,4,551804
M024,2026-08-17,5,613450
M024,2026-08-18,0,0
M024,2026-08-19,3,139464
M024,2026-08-20,0,0
M024,2026-08-21,2,100752
M024,2026-08-22,2,116532
M024,2026-08-23,0,0
M024,2026-08-24,6,941976
M024,2026-08-25,0,0
M024,2026-08-26,0,0
M024,2026-08-27,6,987960
M024,2026-08-28,0,0
M024,2026-08-29,1,73908
M024,2026-08-30,0,0
M024,2026-08-31,4,185272
M025,2025-12-31,0,0
M025,2026-01-01,0,0
M025,2026-01-02,0,0
M025,2026-01-03,1,135616
M025,2026-01-04,5,461030
M025,2026-01-05,0,0
M025,2026-01-06,2,259182
M025,2026-01-07,0,0
M025,2026-01-08,2,113310
M025,2026-01-09,3,158361
M025,2026-01-10,4,403024
M025,2026-01-11,0,0
M025,2026-01-12,6,286884
M025,2026-01-13,5,619285
M025,2026-01-14,4,426404
M025,2026-01-15,6,830076
M025,2026-01-16,0,0
M025,2026-01-17,0,0
M025,2026-01-18,3,499266
M025,2026-01-19,0,0
M025,2026-01-20,5,679290
M025,2026-01-21,3,328896
M025,2026-01-22,3,227973
M025,2026-01-23,8,384168
M025,2026-01-24,0,0
M025,2026-01-25,4,549132
M025,2026-01-26,6,465396
M025,2026-01-27,4,576740
M025,2026-01-28,1,49535
M025,2026-01-29,0,0
M025,2026-01-30,1,110947
M025,2026-01-31,3,242223
M025,2026-02-01,3,508578
M025,2026-02-02,0,0
M025,2026-02-03,0,0
M025,2026-02-04,0,0
M025,2026-02-05,6,306738
M025,2026-02-06,9,1588401
M025,2026-02-07,6,955956
M025,2026-02-08,7,458570
M025,2026-02-09,5,620670
M025,2026-02-10,0,0
M025,2026-02-11,0,0
M025,2026-02-12,0,0
M025,2026-02-13,2,99182
M025,2026-02-14,3,480792
M025,2026-02-15,0,0
M025,2026-02-16,2,354024
M025,2026-02-17,2,93216
M025,2026-02-18,0,0
M025,2026-02-19,0,0
M025,2026-02-20,0,0
M025,2026-02-21,7,886886
M025,2026-02-22,0,0
M025,2026-02-23,3,456420
M025,2026-02-24,0,0
M025,2026-02-25,8,1262384
M025,2026-02-26,4,510440
M025,2026-02-27,1,172102
M025,2026-02-28,1,145643
M025,2026-03-01,0,0
M025,2026-03-02,3,506652
M025,2026-03-03,0,0
M025,2026-03-04,3,539106
M025,2026-03-05,3,119364
M025,2026-03-06,0,0
M025,2026-03-07,0,0
M025,2026-03-08,0,0
M025,2026-03-09,6,906306
M025,2026-03-10,0,0
M025,2026-03-11,2,80572
M025,2026-03-12,0,0
M025,2026-03-13,4,215348
M025,2026-03-14,0,0
M025,2026-03-15,6,665136
M025,2026-03-16,0,0
M025,2026-03-17,6,986148
M025,2026-03-18,0,0
M025,2026-03-19,0,0
M025,2026-03-20,0,0
M025,2026-03-21,0,0
M025,2026-03-22,0,0
M025,2026-03-23,0,0
M025,2026-03-24,0,0
M025,2026-03-25,2,299558
M025,2026-03-26,0,0
M025,2026-03-27,3,154938
M025,2026-03-28,7,835443
M025,2026-03-29,7,526001
M025,2026-03-30,5,575445
M025,2026-03-31,0,0
M025,2026-04-01,4,320360
M025,2026-04-02,2,134440
M025,2026-04-03,0,0
M025,2026-04-04,0,0
M025,2026-04-05,5,634135
M025,2026-04-06,0,0
M025,2026-04-07,3,370845
M025,2026-04-08,1,57457
M025,2026-04-09,4,453988
M025,2026-04-10,0,0
M025,2026-04-11,0,0
M025,2026-04-12,0,0
M025,2026-04-13,5,388280
M025,2026-04-14,3,332508
M025,2026-04-15,2,241446
M025,2026-04-16,0,0
M025,2026-04-17,0,0
M025,2026-04-18,2,117560
M025,2026-04-19,5,265690
M025,2026-04-20,0,0
M025,2026-04-21,0,0
M025,2026-04-22,0,0
M025,2026-04-23,0,0
M025,2026-04-24,9,779598
M025,2026-04-25,0,0
M025,2026-04-26,8,1225352
M025,2026-04-27,5,433175
M025,2026-04-28,0,0
M025,2026-04-29,0,0
M025,2026-04-30,0,0
M025,2026-05-01,7,1009610
M025,2026-05-02,4,400364
M025,2026-05-03,9,488115
M025,2026-05-04,4,287332
M025,2026-05-05,1,124450
M025,2026-05-06,1,126731
M025,2026-05-07,0,0
M025,2026-05-08,3,491541
M025,2026-05-09,0,0
M025,2026-05-10,0,0
M025,2026-05-11,2,85446
M025,2026-05-12,7,869694
M025,2026-05-13,0,0
M025,2026-05-14,2,197446
M025,2026-05-15,0,0
M025,2026-05-16,0,0
M025,2026-05-17,0,0
M025,2026-05-18,0,0
M025,2026-05-19,7,891751
M025,2026-05-20,6,678900
M025,2026-05-21,0,0
M025,2026-05-22,1,160358
M025,2026-05-23,1,66763
M025,2026-05-24,0,0
M025,2026-05-25,2,269106
M025,2026-05-26,0,0
M025,2026-05-27,3,298392
M025,2026-05-28,0,0
M025,2026-05-29,2,358648
M025,2026-05-30,0,0
M025,2026-05-31,2,353756
M025,2026-06-01,0,0
M025,2026-06-02,0,0
M025,2026-06-03,1,67887
M025,2026-06-04,6,1017996
M025,2026-06-05,6,678762
M025,2026-06-06,3,488757
M025,2026-06-07,2,186702
M025,2026-06-08,5,383745
M025,2026-06-09,4,485892
M025,2026-06-10,5,608535
M025,2026-06-11,2,329914
M025,2026-06-12,4,568132
M025,2026-06-13,0,0
M025,2026-06-14,0,0
M025,2026-06-15,5,367775
M025,2026-06-16,0,0
M025,2026-06-17,6,508092
M025,2026-06-18,3,391314
M025,2026-06-19,0,0
M025,2026-06-20,4,706604
M025,2026-06-21,2,290508
M025,2026-06-22,0,0
M025,2026-06-23,5,269745
M025,2026-06-24,0,0
M025,2026-06-25,3,201762
M025,2026-06-26,4,251332
M025,2026-06-27,0,0
M025,2026-06-28,3,519291
M025,2026-06-29,0,0
M025,2026-06-30,3,256035
M025,2026-07-01,0,0
M025,2026-07-02,2,301674
M025,2026-07-03,3,347313
M025,2026-07-04,4,595212
M025,2026-07-05,0,0
M025,2026-07-06,4,707540
M025,2026-07-07,3,306507
M025,2026-07-08,5,430554
M025,2026-07-09,5,437851
M025,2026-07-10,8,693265
M025,2026-07-11,3,233520
M025,2026-07-12,0,0
M025,2026-07-13,5,423256
M025,2026-07-14,4,372174
M025,2026-07-15,2,218925
M025,2026-07-16,3,270008
M025,2026-07-17,4,401364
M025,2026-07-18,7,656777
M025,2026-07-19,6,569207
M025,2026-07-20,4,335686
M025,2026-07-21,2,182438
M025,2026-07-22,2,145950
M025,2026-07-23,2,182438
M025,2026-07-24,3,255413
M025,2026-07-25,5,430554
M025,2026-07-26,0,0
M025,2026-07-27,0,0
M025,2026-07-28,7,671372
M025,2026-07-29,7,605694
M025,2026-07-30,4,401364
M025,2026-07-31,5,474339
M025,2026-08-01,8,722455
M025,2026-08-02,0,0
M025,2026-08-03,1,124058
M025,2026-08-04,1,47381
M025,2026-08-05,0,0
M025,2026-08-06,0,0
M025,2026-08-07,0,0
M025,2026-08-08,5,442119
M025,2026-08-09,1,55264
M025,2026-08-10,7,647389
M025,2026-08-11,1,110529
M025,2026-08-12,0,0
M025,2026-08-13,8,694759
M025,2026-08-14,9,789499
M025,2026-08-15,1,15789
M025,2026-08-16,1,47369
M025,2026-08-17,0,0
M025,2026-08-18,7,663179
M025,2026-08-19,2,173689
M025,2026-08-20,7,607914
M025,2026-08-21,2,197374
M025,2026-08-22,4,339484
M025,2026-08-23,0,0
M025,2026-08-24,0,0
M025,2026-08-25,0,0
M025,2026-08-26,0,0
M025,2026-08-27,6,584229
M025,2026-08-28,0,0
M025,2026-08-29,6,544754
M025,2026-08-30,6,505279
M025,2026-08-31,0,0
M026,2025-03-08,0,0
M026,2025-03-09,0,0
M026,2025-03-10,0,0
M026,2025-03-11,0,0
M026,2025-03-12,0,0
M026,2025-03-13,0,0
M026,2025-03-14,0,0
M026,2025-03-15,0,0
M026,2025-03-16,0,0
M026,2025-03-17,0,0
M026,2025-03-18,0,0
M026,2025-03-19,0,0
M026,2025-03-20,0,0
M026,2025-03-21,0,0
M026,2025-03-22,0,0
M026,2025-03-23,0,0
M026,2025-03-24,0,0
M026,2025-03-25,0,0
M026,2025-03-26,0,0
M026,2025-03-27,0,0
M026,2025-03-28,0,0
M026,2025-03-29,0,0
M026,2025-03-30,7,589533
M026,2025-03-31,0,0
M026,2025-04-01,10,1840940
M026,2025-04-02,7,679294
M026,2025-04-03,7,1692873
M026,2025-04-04,5,403155
M026,2025-04-05,9,1798605
M026,2025-04-06,7,633248
M026,2025-04-07,0,0
M026,2025-04-08,10,1615940
M026,2025-04-09,10,888640
M026,2025-04-10,13,1463488
M026,2025-04-11,10,869000
M026,2025-04-12,11,1758086
M026,2025-04-13,7,1513778
M026,2025-04-14,6,532452
M026,2025-04-15,13,3328325
M026,2025-04-16,3,766119
M026,2025-04-17,4,296632
M026,2025-04-18,0,0
M026,2025-04-19,5,1291800
M026,2025-04-20,8,797696
M026,2025-04-21,6,693792
M026,2025-04-22,9,866790
M026,2025-04-23,0,0
M026,2025-04-24,0,0
M026,2025-04-25,11,1485297
M026,2025-04-26,10,1721090
M026,2025-04-27,10,1041260
M026,2025-04-28,8,1474736
M026,2025-04-29,0,0
M026,2025-04-30,6,931458
M026,2025-05-01,0,0
M026,2025-05-02,0,0
M026,2025-05-03,8,908016
M026,2025-05-04,0,0
M026,2025-05-05,9,780912
M026,2025-05-06,10,1624650
M026,2025-05-07,9,1012383
M026,2025-05-08,0,0
M026,2025-05-09,0,0
M026,2025-05-10,0,0
M026,2025-05-11,11,1113860
M026,2025-05-12,9,1089702
M026,2025-05-13,7,1781864
M026,2025-05-14,6,1359174
M026,2025-05-15,0,0
M026,2025-05-16,4,787920
M026,2025-05-17,4,420088
M026,2025-05-18,10,2456940
M026,2025-05-19,7,756266
M026,2025-05-20,9,2259972
M026,2025-05-21,9,884106
M026,2025-05-22,7,835275
M026,2025-05-23,0,0
M026,2025-05-24,0,0
M026,2025-05-25,10,2357280
M026,2025-05-26,6,590052
M026,2025-05-27,9,2325087
M026,2025-05-28,6,1071126
M026,2025-05-29,11,2229150
M026,2025-05-30,11,2036848
M026,2025-05-31,12,926184
M026,2025-06-01,0,0
M026,2025-06-02,10,2004950
M026,2025-06-03,6,637446
M026,2025-06-04,0,0
M026,2025-06-05,0,0
M026,2025-06-06,13,3337503
M026,2025-06-07,7,583968
M026,2025-06-08,9,2261484
M026,2025-06-09,4,434012
M026,2025-06-10,6,611208
M026,2025-06-11,14,3390954
M026,2025-06-12,8,704240
M026,2025-06-13,10,2448630
M026,2025-06-14,12,1817736
M026,2025-06-15,8,1460080
M026,2025-06-16,4,621628
M026,2025-06-17,10,1024110
M026,2025-06-18,0,0
M026,2025-06-19,13,2551367
M026,2025-06-20,6,1240272
M026,2025-06-21,12,1669704
M026,2025-06-22,7,1595321
M026,2025-06-23,0,0
M026,2025-06-24,0,0
M026,2025-06-25,0,0
M026,2025-06-26,3,744729
M026,2025-06-27,6,525684
M026,2025-06-28,8,834200
M026,2025-06-29,0,0
M026,2025-06-30,8,1558168
M026,2025-07-01,4,566684
M026,2025-07-02,0,0
M026,2025-07-03,0,0
M026,2025-07-04,0,0
M026,2025-07-05,6,736296
M026,2025-07-06,15,1215705
M026,2025-07-07,8,703784
M026,2025-07-08,8,563768
M026,2025-07-09,10,1950030
M026,2025-07-10,0,0
M026,2025-07-11,10,1561690
M026,2025-07-12,0,0
M026,2025-07-13,5,1137915
M026,2025-07-14,0,0
M026,2025-07-15,11,2707595
M026,2025-07-16,12,2501496
M026,2025-07-17,9,915624
M026,2025-07-18,0,0
M026,2025-07-19,14,3058818
M026,2025-07-20,13,1134016
M026,2025-07-21,6,862278
M026,2025-07-22,0,0
M026,2025-07-23,6,1166094
M026,2025-07-24,5,805845
M026,2025-07-25,0,0
M026,2025-07-26,7,1064161
M026,2025-07-27,0,0
M026,2025-07-28,6,1307058
M026,2025-07-29,8,1301520
M026,2025-07-30,0,0
M026,2025-07-31,7,563689
M026,2025-08-01,11,1439603
M026,2025-08-02,4,288172
M026,2025-08-03,9,822834
M026,2025-08-04,6,724080
M026,2025-08-05,0,0
M026,2025-08-06,14,2689890
M026,2025-08-07,7,1485435
M026,2025-08-08,10,937680
M026,2025-08-09,13,2033174
M026,2025-08-10,14,2915934
M026,2025-08-11,5,694455
M026,2025-08-12,0,0
M026,2025-08-13,0,0
M026,2025-08-14,7,1190966
M026,2025-08-15,9,1881144
M026,2025-08-16,12,1190736
M026,2025-08-17,0,0
M026,2025-08-18,5,590200
M026,2025-08-19,9,1706976
M026,2025-08-20,0,0
M026,2025-08-21,9,658746
M026,2025-08-22,0,0
M026,2025-08-23,6,1040058
M026,2025-08-24,6,962046
M026,2025-08-25,0,0
M026,2025-08-26,9,1714968
M026,2025-08-27,6,1134402
M026,2025-08-28,0,0
M026,2025-08-29,7,593054
M026,2025-08-30,0,0
M026,2025-08-31,0,0
M026,2025-09-01,11,795949
M026,2025-09-02,4,591068
M026,2025-09-03,0,0
M026,2025-09-04,7,1000769
M026,2025-09-05,9,2318355
M026,2025-09-06,0,0
M026,2025-09-07,6,1402872
M026,2025-09-08,0,0
M026,2025-09-09,11,2403049
M026,2025-09-10,0,0
M026,2025-09-11,4,792404
M026,2025-09-12,8,1155768
M026,2025-09-13,12,1710108
M026,2025-09-14,8,989680
M026,2025-09-15,7,1548337
M026,2025-09-16,8,792216
M026,2025-09-17,0,0
M026,2025-09-18,0,0
M026,2025-09-19,8,685160
M026,2025-09-20,5,404170
M026,2025-09-21,9,772263
M026,2025-09-22,11,1453001
M026,2025-09-23,12,1255248
M026,2025-09-24,11,1722193
M026,2025-09-25,6,1345548
M026,2025-09-26,7,1015644
M026,2025-09-27,6,1380168
M026,2025-09-28,6,957198
M026,2025-09-29,12,1866384
M026,2025-09-30,11,2046704
M026,2025-10-01,10,2291890
M026,2025-10-02,0,0
M026,2025-10-03,6,1018446
M026,2025-10-04,6,1291830
M026,2025-10-05,6,1546686
M026,2025-10-06,0,0
M026,2025-10-07,11,1950586
M026,2025-10-08,0,0
M026,2025-10-09,0,0
M026,2025-10-10,8,2004176
M026,2025-10-11,9,1898109
M026,2025-10-12,10,1473510
M026,2025-10-13,11,1411003
M026,2025-10-14,6,1243854
M026,2025-10-15,8,1854832
M026,2025-10-16,9,2303379
M026,2025-10-17,11,2790326
M026,2025-10-18,11,1254451
M026,2025-10-19,5,691685
M026,2025-10-20,0,0
M026,2025-10-21,3,604668
M026,2025-10-22,9,2322270
M026,2025-10-23,4,758620
M026,2025-10-24,0,0
M026,2025-10-25,11,1675597
M026,2025-10-26,0,0
M026,2025-10-27,0,0
M026,2025-10-28,12,1318956
M026,2025-10-29,8,1669304
M026,2025-10-30,0,0
M026,2025-10-31,0,0
M026,2025-11-01,9,1921878
M026,2025-11-02,5,488270
M026,2025-11-03,13,1990638
M026,2025-11-04,11,1714790
M026,2025-11-05,8,906968
M026,2025-11-06,9,1803609
M026,2025-11-07,0,0
M026,2025-11-08,0,0
M026,2025-11-09,10,2358940
M026,2025-11-10,7,1591807
M026,2025-11-11,10,2072820
M026,2025-11-12,0,0
M026,2025-11-13,13,3374423
M026,2025-11-14,0,0
M026,2025-11-15,11,1271633
M026,2025-11-16,7,533582
M026,2025-11-17,13,1887275
M026,2025-11-18,0,0
M026,2025-11-19,0,0
M026,2025-11-20,5,950875
M026,2025-11-21,5,906485
M026,2025-11-22,10,2046190
M026,2025-11-23,0,0
M026,2025-11-24,9,1407222
M026,2025-11-25,0,0
M026,2025-11-26,4,554968
M026,2025-11-27,0,0
M026,2025-11-28,11,2674914
M026,2025-11-29,7,957250
M026,2025-11-30,6,539562
M026,2025-12-01,0,0
M026,2025-12-02,13,1179269
M026,2025-12-03,4,579144
M026,2025-12-04,8,1151936
M026,2025-12-05,0,0
M026,2025-12-06,10,1062210
M026,2025-12-07,6,1558248
M026,2025-12-08,9,1932138
M026,2025-12-09,12,2163396
M026,2025-12-10,5,817835
M026,2025-12-11,0,0
M026,2025-12-12,6,1099926
M026,2025-12-13,11,1378883
M026,2025-12-14,14,2042642
M026,2025-12-15,4,320272
M026,2025-12-16,14,1323994
M026,2025-12-17,0,0
M026,2025-12-18,0,0
M026,2025-12-19,0,0
M026,2025-12-20,6,635688
M026,2025-12-21,10,2194880
M026,2025-12-22,7,1228521
M026,2025-12-23,7,1247106
M026,2025-12-24,8,661608
M026,2025-12-25,0,0
M026,2025-12-26,8,1004752
M026,2025-12-27,0,0
M026,2025-12-28,0,0
M026,2025-12-29,14,3627022
M026,2025-12-30,0,0
M026,2025-12-31,7,1474102
M026,2026-01-01,7,726285
M026,2026-01-02,8,749656
M026,2026-01-03,0,0
M026,2026-01-04,6,721206
M026,2026-01-05,0,0
M026,2026-01-06,2,313588
M026,2026-01-07,0,0
M026,2026-01-08,0,0
M026,2026-01-09,4,924108
M026,2026-01-10,0,0
M026,2026-01-11,10,2374450
M026,2026-01-12,11,2528537
M026,2026-01-13,0,0
M026,2026-01-14,0,0
M026,2026-01-15,7,1165395
M026,2026-01-16,0,0
M026,2026-01-17,14,3605504
M026,2026-01-18,7,1744400
M026,2026-01-19,9,2171358
M026,2026-01-20,0,0
M026,2026-01-21,0,0
M026,2026-01-22,0,0
M026,2026-01-23,0,0
M026,2026-01-24,8,1989248
M026,2026-01-25,10,779310
M026,2026-01-26,12,1664988
M026,2026-01-27,9,2287458
M026,2026-01-28,6,1323960
M026,2026-01-29,6,816816
M026,2026-01-30,10,2231620
M026,2026-01-31,6,937350
M026,2026-02-01,7,1009358
M026,2026-02-02,5,678765
M026,2026-02-03,0,0
M026,2026-02-04,5,924800
M026,2026-02-05,10,2210600
M026,2026-02-06,7,802851
M026,2026-02-07,9,1957563
M026,2026-02-08,7,519932
M026,2026-02-09,0,0
M026,2026-02-10,11,1407505
M026,2026-02-11,0,0
M026,2026-02-12,0,0
M026,2026-02-13,6,985200
M026,2026-02-14,0,0
M026,2026-02-15,0,0
M026,2026-02-16,7,1325240
M026,2026-02-17,7,1485281
M026,2026-02-18,13,2149797
M026,2026-02-19,5,578830
M026,2026-02-20,0,0
M026,2026-02-21,0,0
M026,2026-02-22,12,3076428
M026,2026-02-23,7,1076712
M026,2026-02-24,9,1230327
M026,2026-02-25,7,1445108
M026,2026-02-26,0,0
M026,2026-02-27,11,2245287
M026,2026-02-28,9,840852
M026,2026-03-01,4,624048
M026,2026-03-02,9,2016720
M026,2026-03-03,12,2402724
M026,2026-03-04,8,1115360
M026,2026-03-05,9,2235501
M026,2026-03-06,4,409060
M026,2026-03-07,10,1993330
M026,2026-03-08,9,1974447
M026,2026-03-09,11,1478532
M026,2026-03-10,10,1750720
M026,2026-03-11,0,0
M026,2026-03-12,10,1133790
M026,2026-03-13,10,2331800
M026,2026-03-14,11,1055494
M026,2026-03-15,0,0
M026,2026-03-16,11,1282006
M026,2026-03-17,7,1042706
M026,2026-03-18,0,0
M026,2026-03-19,7,1602860
M026,2026-03-20,10,2185260
M026,2026-03-21,11,1507759
M026,2026-03-22,6,769038
M026,2026-03-23,7,916566
M026,2026-03-24,4,754304
M026,2026-03-25,6,507744
M026,2026-03-26,7,893515
M026,2026-03-27,6,1247448
M026,2026-03-28,11,1313675
M026,2026-03-29,6,643830
M026,2026-03-30,12,932832
M026,2026-03-31,10,1136810
M026,2026-04-01,11,1745711
M026,2026-04-02,0,0
M026,2026-04-03,0,0
M026,2026-04-04,5,710560
M026,2026-04-05,9,1122615
M026,2026-04-06,9,1742814
M026,2026-04-07,3,742218
M026,2026-04-08,4,506708
M026,2026-04-09,0,0
M026,2026-04-10,5,679255
M026,2026-04-11,8,1969376
M026,2026-04-12,6,821688
M026,2026-04-13,0,0
M026,2026-04-14,5,1010755
M026,2026-04-15,0,0
M026,2026-04-16,0,0
M026,2026-04-17,0,0
M026,2026-04-18,0,0
M026,2026-04-19,7,893998
M026,2026-04-20,8,671512
M026,2026-04-21,8,1105504
M026,2026-04-22,7,533407
M026,2026-04-23,10,1853170
M026,2026-04-24,12,2955108
M026,2026-04-25,7,1623209
M026,2026-04-26,11,2769195
M026,2026-04-27,9,1077696
M026,2026-04-28,0,0
M026,2026-04-29,5,994055
M026,2026-04-30,0,0
M026,2026-05-01,10,2095030
M026,2026-05-02,0,0
M026,2026-05-03,0,0
M026,2026-05-04,6,1000650
M026,2026-05-05,10,2398680
M026,2026-05-06,0,0
M026,2026-05-07,6,747468
M026,2026-05-08,7,901257
M026,2026-05-09,9,1930878
M026,2026-05-10,4,440804
M026,2026-05-11,0,0
M026,2026-05-12,9,1812807
M026,2026-05-13,0,0
M026,2026-05-14,0,0
M026,2026-05-15,0,0
M026,2026-05-16,12,1190880
M026,2026-05-17,15,1233825
M026,2026-05-18,11,2468444
M026,2026-05-19,5,841025
M026,2026-05-20,0,0
M026,2026-05-21,0,0
M026,2026-05-22,11,2101770
M026,2026-05-23,12,3030984
M026,2026-05-24,9,2106522
M026,2026-05-25,0,0
M026,2026-05-26,11,947078
M026,2026-05-27,6,852090
M026,2026-05-28,0,0
M026,2026-05-29,9,2227734
M026,2026-05-30,0,0
M026,2026-05-31,6,1427736
M026,2026-06-01,14,2299234
M026,2026-06-02,13,3370172
M026,2026-06-03,10,2340820
M026,2026-06-04,9,1314180
M026,2026-06-05,10,2028390
M026,2026-06-06,7,1529514
M026,2026-06-07,11,2761242
M026,2026-06-08,0,0
M026,2026-06-09,0,0
M026,2026-06-10,9,1004904
M026,2026-06-11,6,488106
M026,2026-06-12,6,1058034
M026,2026-06-13,0,0
M026,2026-06-14,8,961840
M026,2026-06-15,0,0
M026,2026-06-16,17,1874777
M026,2026-06-17,4,318748
M026,2026-06-18,0,0
M026,2026-06-19,5,458580
M026,2026-06-20,0,0
M026,2026-06-21,0,0
M026,2026-06-22,7,1158507
M026,2026-06-23,0,0
M026,2026-06-24,6,682116
M026,2026-06-25,7,1337462
M026,2026-06-26,7,1617245
M026,2026-06-27,6,955788
M026,2026-06-28,11,2561042
M026,2026-06-29,0,0
M026,2026-06-30,7,765569
M026,2026-07-01,7,1613101
M026,2026-07-02,10,1214260
M026,2026-07-03,0,0
M026,2026-07-04,4,576716
M026,2026-07-05,4,713212
M026,2026-07-06,14,3061590
M026,2026-07-07,0,0
M026,2026-07-08,2,373568
M026,2026-07-09,18,2750719
M026,2026-07-10,0,0
M026,2026-07-11,3,441473
M026,2026-07-12,9,1324420
M026,2026-07-13,19,2784678
M026,2026-07-14,15,2275286
M026,2026-07-15,22,3294071
M026,2026-07-16,3,407513
M026,2026-07-17,4,611270
M026,2026-07-18,1,169797
M026,2026-07-19,2,271675
M026,2026-07-20,3,509392
M026,2026-07-21,15,2241326
M026,2026-07-22,22,3361990
M026,2026-07-23,10,1494217
M026,2026-07-24,0,0
M026,2026-07-25,0,0
M026,2026-07-26,14,2037569
M026,2026-07-27,4,543351
M026,2026-07-28,3,509392
M026,2026-07-29,8,1256501
M026,2026-07-30,15,2309245
M026,2026-07-31,4,645230
M026,2026-08-01,20,3022395
M026,2026-08-02,0,0
M026,2026-08-03,0,0
M026,2026-08-04,0,0
M026,2026-08-05,0,0
M026,2026-08-06,29,4364692
M026,2026-08-07,10,1489127
M026,2026-08-08,0,0
M026,2026-08-09,8,1232381
M026,2026-08-10,0,0
M026,2026-08-11,15,2208016
M026,2026-08-12,10,1437778
M026,2026-08-13,0,0
M026,2026-08-14,7,1078333
M026,2026-08-15,0,0
M026,2026-08-16,22,3286350
M026,2026-08-17,15,2310715
M026,2026-08-18,0,0
M026,2026-08-19,0,0
M026,2026-08-20,0,0
M026,2026-08-21,22,3235001
M026,2026-08-22,9,1386429
M026,2026-08-23,24,3594445
M026,2026-08-24,3,462143
M026,2026-08-25,31,4724128
M026,2026-08-26,1,205396
M026,2026-08-27,3,513492
M026,2026-08-28,31,4724128
M026,2026-08-29,0,0
M026,2026-08-30,27,4107938
M026,2026-08-31,18,2721508
M029,2025-12-23,0,0
M029,2025-12-24,0,0
M029,2025-12-25,0,0
M029,2025-12-26,0,0
M029,2025-12-27,0,0
M029,2025-12-28,0,0
M029,2025-12-29,3,349491
M029,2025-12-30,4,370480
M029,2025-12-31,6,266766
M029,2026-01-01,5,269110
M029,2026-01-02,4,503284
M029,2026-01-03,5,456235
M029,2026-01-04,0,0
M029,2026-01-05,1,110871
M029,2026-01-06,2,297736
M029,2026-01-07,3,454038
M029,2026-01-08,0,0
M029,2026-01-09,7,959959
M029,2026-01-10,0,0
M029,2026-01-11,1,109632
M029,2026-01-12,0,0
M029,2026-01-13,0,0
M029,2026-01-14,3,116931
M029,2026-01-15,0,0
M029,2026-01-16,0,0
M029,2026-01-17,0,0
M029,2026-01-18,4,598068
M029,2026-01-19,7,880439
M029,2026-01-20,6,694092
M029,2026-01-21,2,240010
M029,2026-01-22,5,801530
M029,2026-01-23,0,0
M029,2026-01-24,0,0
M029,2026-01-25,4,491200
M029,2026-01-26,4,344048
M029,2026-01-27,1,106284
M029,2026-01-28,5,484585
M029,2026-01-29,2,117158
M029,2026-01-30,4,566972
M029,2026-01-31,0,0
M029,2026-02-01,0,0
M029,2026-02-02,0,0
M029,2026-02-03,0,0
M029,2026-02-04,0,0
M029,2026-02-05,7,444129
M029,2026-02-06,0,0
M029,2026-02-07,0,0
M029,2026-02-08,0,0
M029,2026-02-09,4,530392
M029,2026-02-10,0,0
M029,2026-02-11,3,505776
M029,2026-02-12,1,49910
M029,2026-02-13,0,0
M029,2026-02-14,0,0
M029,2026-02-15,0,0
M029,2026-02-16,0,0
M029,2026-02-17,0,0
M029,2026-02-18,0,0
M029,2026-02-19,0,0
M029,2026-02-20,0,0
M029,2026-02-21,0,0
M029,2026-02-22,0,0
M029,2026-02-23,7,937881
M029,2026-02-24,0,0
M029,2026-02-25,8,684712
M029,2026-02-26,0,0
M029,2026-02-27,2,331118
M029,2026-02-28,4,206912
M029,2026-03-01,1,179734
M029,2026-03-02,3,298995
M029,2026-03-03,0,0
M029,2026-03-04,0,0
M029,2026-03-05,1,137287
M029,2026-03-06,5,536565
M029,2026-03-07,1,118232
M029,2026-03-08,0,0
M029,2026-03-09,0,0
M029,2026-03-10,10,1172220
M029,2026-03-11,4,152088
M029,2026-03-12,0,0
M029,2026-03-13,7,316120
M029,2026-03-14,0,0
M029,2026-03-15,5,496460
M029,2026-03-16,0,0
M029,2026-03-17,0,0
M029,2026-03-18,0,0
M029,2026-03-19,4,716288
M029,2026-03-20,0,0
M029,2026-03-21,0,0
M029,2026-03-22,5,339255
M029,2026-03-23,4,550440
M029,2026-03-24,0,0
M029,2026-03-25,0,0
M029,2026-03-26,0,0
M029,2026-03-27,0,0
M029,2026-03-28,3,241443
M029,2026-03-29,0,0
M029,2026-03-30,2,338298
M029,2026-03-31,5,692170
M029,2026-04-01,4,466244
M029,2026-04-02,0,0
M029,2026-04-03,0,0
M029,2026-04-04,5,429780
M029,2026-04-05,0,0
M029,2026-04-06,0,0
M029,2026-04-07,0,0
M029,2026-04-08,0,0
M029,2026-04-09,1,140207
M029,2026-04-10,8,689416
M029,2026-04-11,2,242142
M029,2026-04-12,3,193836
M029,2026-04-13,4,140252
M029,2026-04-14,0,0
M029,2026-04-15,0,0
M029,2026-04-16,4,673664
M029,2026-04-17,6,414846
M029,2026-04-18,0,0
M029,2026-04-19,4,571236
M029,2026-04-20,8,1379216
M029,2026-04-21,1,106584
M029,2026-04-22,5,268995
M029,2026-04-23,4,242852
M029,2026-04-24,5,370635
M029,2026-04-25,5,181065
M029,2026-04-26,0,0
M029,2026-04-27,3,527547
M029,2026-04-28,0,0
M029,2026-04-29,5,373265
M029,2026-04-30,0,0
M029,2026-05-01,5,870120
M029,2026-05-02,0,0
M029,2026-05-03,2,161962
M029,2026-05-04,3,310971
M029,2026-05-05,4,414192
M029,2026-05-06,6,242220
M029,2026-05-07,4,310924
M029,2026-05-08,0,0
M029,2026-05-09,0,0
M029,2026-05-10,5,435540
M029,2026-05-11,6,228924
M029,2026-05-12,0,0
M029,2026-05-13,3,296013
M029,2026-05-14,0,0
M029,2026-05-15,0,0
M029,2026-05-16,5,861345
M029,2026-05-17,6,845526
M029,2026-05-18,4,425076
M029,2026-05-19,0,0
M029,2026-05-20,0,0
M029,2026-05-21,0,0
M029,2026-05-22,3,207492
M029,2026-05-23,0,0
M029,2026-05-24,0,0
M029,2026-05-25,5,367320
M029,2026-05-26,11,983444
M029,2026-05-27,0,0
M029,2026-05-28,6,409488
M029,2026-05-29,7,707784
M029,2026-05-30,4,348036
M029,2026-05-31,2,180678
M029,2026-06-01,3,344223
M029,2026-06-02,0,0
M029,2026-06-03,5,700410
M029,2026-06-04,2,283016
M029,2026-06-05,2,339790
M029,2026-06-06,0,0
M029,2026-06-07,0,0
M029,2026-06-08,4,565228
M029,2026-06-09,8,1075680
M029,2026-06-10,0,0
M029,2026-06-11,4,201360
M029,2026-06-12,0,0
M029,2026-06-13,0,0
M029,2026-06-14,3,269457
M029,2026-06-15,5,729520
M029,2026-06-16,0,0
M029,2026-06-17,0,0
M029,2026-06-18,0,0
M029,2026-06-19,0,0
M029,2026-06-20,9,918000
M029,2026-06-21,0,0
M029,2026-06-22,0,0
M029,2026-06-23,5,493760
M029,2026-06-24,0,0
M029,2026-06-25,4,446704
M029,2026-06-26,0,0
M029,2026-06-27,9,572589
M029,2026-06-28,7,635964
M029,2026-06-29,0,0
M029,2026-06-30,3,316041
M029,2026-07-01,0,0
M029,2026-07-02,0,0
M029,2026-07-03,9,1356678
M029,2026-07-04,0,0
M029,2026-07-05,0,0
M029,2026-07-06,0,0
M029,2026-07-07,0,0
M029,2026-07-08,0,0
M029,2026-07-09,0,0
M029,2026-07-10,0,0
M029,2026-07-11,0,0
M029,2026-07-12,4,391664
M029,2026-07-13,10,891363
M029,2026-07-14,3,297121
M029,2026-07-15,14,1229000
M029,2026-07-16,1,67527
M029,2026-07-17,0,0
M029,2026-07-18,2,175571
M029,2026-07-19,1,27011
M029,2026-07-20,12,1053429
M029,2026-07-21,11,958890
M029,2026-07-22,2,216088
M029,2026-07-23,1,121549
M029,2026-07-24,5,405165
M029,2026-07-25,0,0
M029,2026-07-26,13,1147967
M029,2026-07-27,0,0
M029,2026-07-28,5,432176
M029,2026-07-29,0,0
M029,2026-07-30,2,189077
M029,2026-07-31,0,0
M029,2026-08-01,14,1296528
M029,2026-08-02,1,121549
M029,2026-08-03,7,661769
M029,2026-08-04,0,0
M029,2026-08-05,1,30033
M029,2026-08-06,4,350318
M029,2026-08-07,7,590536
M029,2026-08-08,7,600545
M029,2026-08-09,1,70063
M029,2026-08-10,5,460418
M029,2026-08-11,3,240218
M029,2026-08-12,7,620563
M029,2026-08-13,10,860781
M029,2026-08-14,6,520472
M029,2026-08-15,8,700636
M029,2026-08-16,0,0
M029,2026-08-17,0,0
M029,2026-08-18,9,770700
M029,2026-08-19,10,880800
M029,2026-08-20,7,600545
M029,2026-08-21,0,0
M029,2026-08-22,0,0
M029,2026-08-23,1,130118
M029,2026-08-24,0,0
M029,2026-08-25,1,20018
M029,2026-08-26,0,0
M029,2026-08-27,0,0
M029,2026-08-28,5,470427
M029,2026-08-29,10,890809
M029,2026-08-30,0,0
M029,2026-08-31,0,0
M033,2026-07-31,0,0
M033,2026-08-01,0,0
M033,2026-08-02,0,0
M033,2026-08-03,0,0
M033,2026-08-04,0,0
M033,2026-08-05,0,0
M033,2026-08-06,6,215532
M033,2026-08-07,2,343008
M033,2026-08-08,8,771712
M033,2026-08-09,5,283035
M033,2026-08-10,3,480153
M033,2026-08-11,1,140886
M033,2026-08-12,3,421830
M033,2026-08-13,0,0
M033,2026-08-14,3,265980
M033,2026-08-15,4,179540
M033,2026-08-16,0,0
M033,2026-08-17,3,357675
M033,2026-08-18,2,226604
M033,2026-08-19,8,708968
M033,2026-08-20,4,541872
M033,2026-08-21,6,516210
M033,2026-08-22,0,0
M033,2026-08-23,0,0
M033,2026-08-24,4,438040
M033,2026-08-25,0,0
M033,2026-08-26,4,407836
M033,2026-08-27,0,0
M033,2026-08-28,5,829110
M033,2026-08-29,4,377988
M033,2026-08-30,6,593778
M033,2026-08-31,0,0
M035,2025-04-02,0,0
M035,2025-04-03,0,0
M035,2025-04-04,0,0
M035,2025-04-05,0,0
M035,2025-04-06,0,0
M035,2025-04-07,0,0
M035,2025-04-08,1,155483
M035,2025-04-09,4,676784
M035,2025-04-10,2,184926
M035,2025-04-11,0,0
M035,2025-04-12,0,0
M035,2025-04-13,0,0
M035,2025-04-14,0,0
M035,2025-04-15,6,569286
M035,2025-04-16,4,575708
M035,2025-04-17,5,569725
M035,2025-04-18,1,119669
M035,2025-04-19,4,296252
M035,2025-04-20,1,53540
M035,2025-04-21,4,540908
M035,2025-04-22,6,1031994
M035,2025-04-23,0,0
M035,2025-04-24,5,763035
M035,2025-04-25,0,0
M035,2025-04-26,0,0
M035,2025-04-27,0,0
M035,2025-04-28,0,0
M035,2025-04-29,0,0
M035,2025-04-30,0,0
M035,2025-05-01,0,0
M035,2025-05-02,6,384732
M035,2025-05-03,6,872226
M035,2025-05-04,0,0
M035,2025-05-05,2,350166
M035,2025-05-06,7,486220
M035,2025-05-07,0,0
M035,2025-05-08,6,607848
M035,2025-05-09,2,235008
M035,2025-05-10,0,0
M035,2025-05-11,3,484752
M035,2025-05-12,0,0
M035,2025-05-13,3,122445
M035,2025-05-14,0,0
M035,2025-05-15,1,51552
M035,2025-05-16,0,0
M035,2025-05-17,0,0
M035,2025-05-18,5,837445
M035,2025-05-19,2,286454
M035,2025-05-20,5,633855
M035,2025-05-21,6,497172
M035,2025-05-22,2,190456
M035,2025-05-23,0,0
M035,2025-05-24,6,362082
M035,2025-05-25,0,0
M035,2025-05-26,0,0
M035,2025-05-27,0,0
M035,2025-05-28,3,440310
M035,2025-05-29,0,0
M035,2025-05-30,3,216777
M035,2025-05-31,9,564768
M035,2025-06-01,3,314523
M035,2025-06-02,4,480928
M035,2025-06-03,7,728602
M035,2025-06-04,4,400236
M035,2025-06-05,9,605637
M035,2025-06-06,1,84881
M035,2025-06-07,7,599270
M035,2025-06-08,0,0
M035,2025-06-09,0,0
M035,2025-06-10,0,0
M035,2025-06-11,1,118659
M035,2025-06-12,3,494802
M035,2025-06-13,4,595604
M035,2025-06-14,10,837060
M035,2025-06-15,3,397932
M035,2025-06-16,0,0
M035,2025-06-17,0,0
M035,2025-06-18,5,747525
M035,2025-06-19,5,734355
M035,2025-06-20,0,0
M035,2025-06-21,4,538444
M035,2025-06-22,5,542530
M035,2025-06-23,4,691388
M035,2025-06-24,4,554244
M035,2025-06-25,0,0
M035,2025-06-26,3,228180
M035,2025-06-27,8,1301232
M035,2025-06-28,0,0
M035,2025-06-29,2,112960
M035,2025-06-30,6,620760
M035,2025-07-01,5,363090
M035,2025-07-02,0,0
M035,2025-07-03,0,0
M035,2025-07-04,6,428268
M035,2025-07-05,1,67482
M035,2025-07-06,0,0
M035,2025-07-07,0,0
M035,2025-07-08,0,0
M035,2025-07-09,0,0
M035,2025-07-10,0,0
M035,2025-07-11,6,548748
M035,2025-07-12,4,283120
M035,2025-07-13,3,514788
M035,2025-07-14,0,0
M035,2025-07-15,0,0
M035,2025-07-16,0,0
M035,2025-07-17,4,162592
M035,2025-07-18,0,0
M035,2025-07-19,0,0
M035,2025-07-20,2,178342
M035,2025-07-21,0,0
M035,2025-07-22,2,95678
M035,2025-07-23,1,98745
M035,2025-07-24,2,137130
M035,2025-07-25,2,87864
M035,2025-07-26,0,0
M035,2025-07-27,5,390175
M035,2025-07-28,2,199268
M035,2025-07-29,0,0
M035,2025-07-30,8,1259136
M035,2025-07-31,4,503808
M035,2025-08-01,2,331480
M035,2025-08-02,3,285564
M035,2025-08-03,7,393680
M035,2025-08-04,5,752075
M035,2025-08-05,2,118682
M035,2025-08-06,4,320872
M035,2025-08-07,5,221890
M035,2025-08-08,0,0
M035,2025-08-09,5,882845
M035,2025-08-10,4,551540
M035,2025-08-11,3,146040
M035,2025-08-12,0,0
M035,2025-08-13,0,0
M035,2025-08-14,1,145132
M035,2025-08-15,2,194340
M035,2025-08-16,2,130162
M035,2025-08-17,2,188848
M035,2025-08-18,0,0
M035,2025-08-19,2,150482
M035,2025-08-20,2,260334
M035,2025-08-21,4,695044
M035,2025-08-22,9,808443
M035,2025-08-23,8,1154808
M035,2025-08-24,3,120627
M035,2025-08-25,0,0
M035,2025-08-26,0,0
M035,2025-08-27,1,131999
M035,2025-08-28,0,0
M035,2025-08-29,2,232416
M035,2025-08-30,0,0
M035,2025-08-31,0,0
M035,2025-09-01,0,0
M035,2025-09-02,7,857129
M035,2025-09-03,0,0
M035,2025-09-04,6,975138
M035,2025-09-05,1,146774
M035,2025-09-06,4,620256
M035,2025-09-07,3,513885
M035,2025-09-08,0,0
M035,2025-09-09,6,912030
M035,2025-09-10,5,529120
M035,2025-09-11,0,0
M035,2025-09-12,0,0
M035,2025-09-13,2,254336
M035,2025-09-14,2,265266
M035,2025-09-15,3,166011
M035,2025-09-16,3,216204
M035,2025-09-17,5,619905
M035,2025-09-18,4,347944
M035,2025-09-19,1,120574
M035,2025-09-20,0,0
M035,2025-09-21,7,247765
M035,2025-09-22,3,250350
M035,2025-09-23,3,377148
M035,2025-09-24,5,746790
M035,2025-09-25,7,851970
M035,2025-09-26,0,0
M035,2025-09-27,0,0
M035,2025-09-28,0,0
M035,2025-09-29,0,0
M035,2025-09-30,6,786930
M035,2025-10-01,0,0
M035,2025-10-02,4,556124
M035,2025-10-03,8,1044112
M035,2025-10-04,0,0
M035,2025-10-05,0,0
M035,2025-10-06,0,0
M035,2025-10-07,4,244104
M035,2025-10-08,0,0
M035,2025-10-09,2,337734
M035,2025-10-10,1,144488
M035,2025-10-11,0,0
M035,2025-10-12,0,0
M035,2025-10-13,0,0
M035,2025-10-14,4,184852
M035,2025-10-15,0,0
M035,2025-10-16,0,0
M035,2025-10-17,0,0
M035,2025-10-18,6,1078224
M035,2025-10-19,3,450522
M035,2025-10-20,0,0
M035,2025-10-21,5,841180
M035,2025-10-22,6,724458
M035,2025-10-23,3,159261
M035,2025-10-24,0,0
M035,2025-10-25,2,303854
M035,2025-10-26,0,0
M035,2025-10-27,0,0
M035,2025-10-28,7,721490
M035,2025-10-29,8,1083752
M035,2025-10-30,0,0
M035,2025-10-31,3,350766
M035,2025-11-01,3,431343
M035,2025-11-02,4,562488
M035,2025-11-03,0,0
M035,2025-11-04,0,0
M035,2025-11-05,0,0
M035,2025-11-06,0,0
M035,2025-11-07,2,165862
M035,2025-11-08,1,69863
M035,2025-11-09,0,0
M035,2025-11-10,5,894140
M035,2025-11-11,3,382923
M035,2025-11-12,4,606852
M035,2025-11-13,0,0
M035,2025-11-14,5,794445
M035,2025-11-15,0,0
M035,2025-11-16,3,530187
M035,2025-11-17,5,187890
M035,2025-11-18,9,478980
M035,2025-11-19,0,0
M035,2025-11-20,0,0
M035,2025-11-21,0,0
M035,2025-11-22,9,1203219
M035,2025-11-23,2,281814
M035,2025-11-24,0,0
M035,2025-11-25,2,179538
M035,2025-11-26,0,0
M035,2025-11-27,2,281512
M035,2025-11-28,2,248678
M035,2025-11-29,3,449148
M035,2025-11-30,6,834636
M035,2025-12-01,0,0
M035,2025-12-02,2,97242
M035,2025-12-03,0,0
M035,2025-12-04,0,0
M035,2025-12-05,0,0
M035,2025-12-06,0,0
M035,2025-12-07,0,0
M035,2025-12-08,0,0
M035,2025-12-09,5,573735
M035,2025-12-10,2,150310
M035,2025-12-11,2,341342
M035,2025-12-12,0,0
M035,2025-12-13,6,858246
M035,2025-12-14,0,0
M035,2025-12-15,4,286120
M035,2025-12-16,0,0
M035,2025-12-17,3,262794
M035,2025-12-18,5,877480
M035,2025-12-19,4,176544
M035,2025-12-20,0,0
M035,2025-12-21,0,0
M035,2025-12-22,0,0
M035,2025-12-23,2,200524
M035,2025-12-24,4,488540
M035,2025-12-25,4,228604
M035,2025-12-26,7,1066044
M035,2025-12-27,0,0
M035,2025-12-28,3,387675
M035,2025-12-29,4,490564
M035,2025-12-30,1,165845
M035,2025-12-31,4,496556
M035,2026-01-01,4,336540
M035,2026-01-02,4,369932
M035,2026-01-03,6,938376
M035,2026-01-04,0,0
M035,2026-01-05,1,134609
M035,2026-01-06,4,165716
M035,2026-01-07,0,0
M035,2026-01-08,6,719316
M035,2026-01-09,0,0
M035,2026-01-10,0,0
M035,2026-01-11,6,520344
M035,2026-01-12,7,821702
M035,2026-01-13,0,0
M035,2026-01-14,0,0
M035,2026-01-15,0,0
M035,2026-01-16,5,675365
M035,2026-01-17,0,0
M035,2026-01-18,0,0
M035,2026-01-19,3,397563
M035,2026-01-20,0,0
M035,2026-01-21,3,399681
M035,2026-01-22,3,491679
M035,2026-01-23,0,0
M035,2026-01-24,5,751155
M035,2026-01-25,2,90690
M035,2026-01-26,6,296136
M035,2026-01-27,4,686488
M035,2026-01-28,0,0
M035,2026-01-29,5,587585
M035,2026-01-30,2,104512
M035,2026-01-31,6,934278
M035,2026-02-01,0,0
M035,2026-02-02,2,357020
M035,2026-02-03,0,0
M035,2026-02-04,2,230252
M035,2026-02-05,0,0
M035,2026-02-06,0,0
M035,2026-02-07,0,0
M035,2026-02-08,3,339099
M035,2026-02-09,0,0
M035,2026-02-10,0,0
M035,2026-02-11,7,511574
M035,2026-02-12,3,114111
M035,2026-02-13,3,447225
M035,2026-02-14,0,0
M035,2026-02-15,0,0
M035,2026-02-16,0,0
M035,2026-02-17,0,0
M035,2026-02-18,0,0
M035,2026-02-19,5,283230
M035,2026-02-20,2,97354
M035,2026-02-21,0,0
M035,2026-02-22,5,304535
M035,2026-02-23,0,0
M035,2026-02-24,2,322786
M035,2026-02-25,5,284305
M035,2026-02-26,2,117380
M035,2026-02-27,0,0
M035,2026-02-28,3,296730
M035,2026-03-01,0,0
M035,2026-03-02,0,0
M035,2026-03-03,3,401931
M035,2026-03-04,6,290244
M035,2026-03-05,0,0
M035,2026-03-06,5,426380
M035,2026-03-07,1,41547
M035,2026-03-08,0,0
M035,2026-03-09,7,474096
M035,2026-03-10,2,135560
M035,2026-03-11,0,0
M035,2026-03-12,7,962360
M035,2026-03-13,2,302676
M035,2026-03-14,2,300578
M035,2026-03-15,8,549832
M035,2026-03-16,6,943362
M035,2026-03-17,6,937122
M035,2026-03-18,0,0
M035,2026-03-19,6,1029858
M035,2026-03-20,0,0
M035,2026-03-21,0,0
M035,2026-03-22,0,0
M035,2026-03-23,1,102507
M035,2026-03-24,4,533124
M035,2026-03-25,5,787400
M035,2026-03-26,8,1330376
M035,2026-03-27,0,0
M035,2026-03-28,0,0
M035,2026-03-29,6,653814
M035,2026-03-30,4,639068
M035,2026-03-31,8,1427576
M035,2026-04-01,5,425350
M035,2026-04-02,0,0
M035,2026-04-03,3,382812
M035,2026-04-04,4,706032
M035,2026-04-05,0,0
M035,2026-04-06,3,317517
M035,2026-04-07,5,535560
M035,2026-04-08,4,404928
M035,2026-04-09,0,0
M035,2026-04-10,0,0
M035,2026-04-11,0,0
M035,2026-04-12,0,0
M035,2026-04-13,5,378615
M035,2026-04-14,1,103813
M035,2026-04-15,0,0
M035,2026-04-16,0,0
M035,2026-04-17,0,0
M035,2026-04-18,4,717252
M035,2026-04-19,0,0
M035,2026-04-20,2,105222
M035,2026-04-21,0,0
M035,2026-04-22,7,757106
M035,2026-04-23,4,609124
M035,2026-04-24,4,211272
M035,2026-04-25,4,531332
M035,2026-04-26,3,399900
M035,2026-04-27,0,0
M035,2026-04-28,0,0
M035,2026-04-29,1,91955
M035,2026-04-30,4,212540
M035,2026-05-01,4,587216
M035,2026-05-02,3,292482
M035,2026-05-03,7,1038184
M035,2026-05-04,0,0
M035,2026-05-05,0,0
M035,2026-05-06,0,0
M035,2026-05-07,6,710688
M035,2026-05-08,9,757611
M035,2026-05-09,2,348860
M035,2026-05-10,4,172388
M035,2026-05-11,4,527180
M035,2026-05-12,3,490965
M035,2026-05-13,0,0
M035,2026-05-14,4,298088
M035,2026-05-15,2,86016
M035,2026-05-16,2,341472
M035,2026-05-17,0,0
M035,2026-05-18,0,0
M035,2026-05-19,6,952734
M035,2026-05-20,0,0
M035,2026-05-21,2,72698
M035,2026-05-22,3,514470
M035,2026-05-23,4,226524
M035,2026-05-24,8,1233312
M035,2026-05-25,0,0
M035,2026-05-26,2,205012
M035,2026-05-27,0,0
M035,2026-05-28,3,242112
M035,2026-05-29,5,600025
M035,2026-05-30,0,0
M035,2026-05-31,4,499828
M035,2026-06-01,0,0
M035,2026-06-02,0,0
M035,2026-06-03,4,666384
M035,2026-06-04,0,0
M035,2026-06-05,8,445744
M035,2026-06-06,5,622355
M035,2026-06-07,8,1361536
M035,2026-06-08,3,178572
M035,2026-06-09,2,218336
M035,2026-06-10,0,0
M035,2026-06-11,0,0
M035,2026-06-12,0,0
M035,2026-06-13,0,0
M035,2026-06-14,3,374115
M035,2026-06-15,0,0
M035,2026-06-16,0,0
M035,2026-06-17,6,527394
M035,2026-06-18,0,0
M035,2026-06-19,0,0
M035,2026-06-20,6,248502
M035,2026-06-21,0,0
M035,2026-06-22,3,397353
M035,2026-06-23,0,0
M035,2026-06-24,5,572355
M035,2026-06-25,4,251140
M035,2026-06-26,2,78022
M035,2026-06-27,5,774255
M035,2026-06-28,0,0
M035,2026-06-29,7,856394
M035,2026-06-30,7,927878
M035,2026-07-01,0,0
M035,2026-07-02,0,0
M035,2026-07-03,4,255376
M035,2026-07-04,4,609260
M035,2026-07-05,1,125588
M035,2026-07-06,4,524936
M035,2026-07-07,5,459900
M035,2026-07-08,0,0
M035,2026-07-09,1,54105
M035,2026-07-10,8,748454
M035,2026-07-11,4,342665
M035,2026-07-12,7,658279
M035,2026-07-13,0,0
M035,2026-07-14,0,0
M035,2026-07-15,4,387753
M035,2026-07-16,5,414805
M035,2026-07-17,2,189367
M035,2026-07-18,8,712384
M035,2026-07-19,0,0
M035,2026-07-20,0,0
M035,2026-07-21,7,649261
M035,2026-07-22,0,0
M035,2026-07-23,7,586138
M035,2026-07-24,0,0
M035,2026-07-25,0,0
M035,2026-07-26,0,0
M035,2026-07-27,0,0
M035,2026-07-28,0,0
M035,2026-07-29,0,0
M035,2026-07-30,4,378735
M035,2026-07-31,0,0
M035,2026-08-01,9,820594
M035,2026-08-02,0,0
M035,2026-08-03,4,387753
M035,2026-08-04,0,0
M035,2026-08-05,5,433091
M035,2026-08-06,0,0
M035,2026-08-07,5,437890
M035,2026-08-08,3,259847
M035,2026-08-09,1,96239
M035,2026-08-10,1,9623
M035,2026-08-11,3,259847
M035,2026-08-12,2,144359
M035,2026-08-13,3,288719
M035,2026-08-14,3,240599
M035,2026-08-15,3,245411
M035,2026-08-16,3,235787
M035,2026-08-17,5,442702
M035,2026-08-18,1,14435
M035,2026-08-19,2,206915
M035,2026-08-20,2,173231
M035,2026-08-21,5,442702
M035,2026-08-22,5,428266
M035,2026-08-23,5,442702
M035,2026-08-24,4,360898
M035,2026-08-25,2,211727
M035,2026-08-26,4,327214
M035,2026-08-27,4,389770
M035,2026-08-28,2,221351
M035,2026-08-29,0,0
M035,2026-08-30,1,110675
M035,2026-08-31,0,0
M036,2025-02-10,0,0
M036,2025-02-11,0,0
M036,2025-02-12,0,0
M036,2025-02-13,0,0
M036,2025-02-14,0,0
M036,2025-02-15,0,0
M036,2025-02-16,0,0
M036,2025-02-17,0,0
M036,2025-02-18,0,0
M036,2025-02-19,0,0
M036,2025-02-20,0,0
M036,2025-02-21,0,0
M036,2025-02-22,0,0
M036,2025-02-23,0,0
M036,2025-02-24,0,0
M036,2025-02-25,0,0
M036,2025-02-26,0,0
M036,2025-02-27,0,0
M036,2025-02-28,0,0
M036,2025-03-01,0,0
M036,2025-03-02,0,0
M036,2025-03-03,0,0
M036,2025-03-04,0,0
M036,2025-03-05,0,0
M036,2025-03-06,0,0
M036,2025-03-07,0,0
M036,2025-03-08,0,0
M036,2025-03-09,0,0
M036,2025-03-10,0,0
M036,2025-03-11,0,0
M036,2025-03-12,0,0
M036,2025-03-13,0,0
M036,2025-03-14,0,0
M036,2025-03-15,0,0
M036,2025-03-16,0,0
M036,2025-03-17,0,0
M036,2025-03-18,0,0
M036,2025-03-19,0,0
M036,2025-03-20,0,0
M036,2025-03-21,0,0
M036,2025-03-22,0,0
M036,2025-03-23,0,0
M036,2025-03-24,0,0
M036,2025-03-25,0,0
M036,2025-03-26,0,0
M036,2025-03-27,0,0
M036,2025-03-28,0,0
M036,2025-03-29,0,0
M036,2025-03-30,0,0
M036,2025-03-31,0,0
M036,2025-04-01,0,0
M036,2025-04-02,0,0
M036,2025-04-03,0,0
M036,2025-04-04,0,0
M036,2025-04-05,0,0
M036,2025-04-06,0,0
M036,2025-04-07,0,0
M036,2025-04-08,0,0
M036,2025-04-09,0,0
M036,2025-04-10,0,0
M036,2025-04-11,0,0
M036,2025-04-12,0,0
M036,2025-04-13,0,0
M036,2025-04-14,0,0
M036,2025-04-15,0,0
M036,2025-04-16,0,0
M036,2025-04-17,0,0
M036,2025-04-18,0,0
M036,2025-04-19,0,0
M036,2025-04-20,0,0
M036,2025-04-21,0,0
M036,2025-04-22,0,0
M036,2025-04-23,0,0
M036,2025-04-24,0,0
M036,2025-04-25,0,0
M036,2025-04-26,0,0
M036,2025-04-27,0,0
M036,2025-04-28,0,0
M036,2025-04-29,0,0
M036,2025-04-30,0,0
M036,2025-05-01,0,0
M036,2025-05-02,0,0
M036,2025-05-03,0,0
M036,2025-05-04,0,0
M036,2025-05-05,0,0
M036,2025-05-06,0,0
M036,2025-05-07,0,0
M036,2025-05-08,0,0
M036,2025-05-09,0,0
M036,2025-05-10,0,0
M036,2025-05-11,0,0
M036,2025-05-12,0,0
M036,2025-05-13,0,0
M036,2025-05-14,0,0
M036,2025-05-15,0,0
M036,2025-05-16,0,0
M036,2025-05-17,0,0
M036,2025-05-18,0,0
M036,2025-05-19,0,0
M036,2025-05-20,0,0
M036,2025-05-21,0,0
M036,2025-05-22,0,0
M036,2025-05-23,0,0
M036,2025-05-24,0,0
M036,2025-05-25,0,0
M036,2025-05-26,0,0
M036,2025-05-27,0,0
M036,2025-05-28,0,0
M036,2025-05-29,0,0
M036,2025-05-30,0,0
M036,2025-05-31,0,0
M036,2025-06-01,0,0
M036,2025-06-02,0,0
M036,2025-06-03,0,0
M036,2025-06-04,0,0
M036,2025-06-05,0,0
M036,2025-06-06,0,0
M036,2025-06-07,0,0
M036,2025-06-08,0,0
M036,2025-06-09,0,0
M036,2025-06-10,0,0
M036,2025-06-11,0,0
M036,2025-06-12,0,0
M036,2025-06-13,0,0
M036,2025-06-14,0,0
M036,2025-06-15,0,0
M036,2025-06-16,0,0
M036,2025-06-17,0,0
M036,2025-06-18,0,0
M036,2025-06-19,0,0
M036,2025-06-20,0,0
M036,2025-06-21,0,0
M036,2025-06-22,0,0
M036,2025-06-23,0,0
M036,2025-06-24,0,0
M036,2025-06-25,0,0
M036,2025-06-26,0,0
M036,2025-06-27,0,0
M036,2025-06-28,0,0
M036,2025-06-29,0,0
M036,2025-06-30,0,0
M036,2025-07-01,0,0
M036,2025-07-02,0,0
M036,2025-07-03,0,0
M036,2025-07-04,0,0
M036,2025-07-05,0,0
M036,2025-07-06,0,0
M036,2025-07-07,0,0
M036,2025-07-08,0,0
M036,2025-07-09,0,0
M036,2025-07-10,0,0
M036,2025-07-11,0,0
M036,2025-07-12,0,0
M036,2025-07-13,0,0
M036,2025-07-14,0,0
M036,2025-07-15,0,0
M036,2025-07-16,0,0
M036,2025-07-17,0,0
M036,2025-07-18,0,0
M036,2025-07-19,0,0
M036,2025-07-20,0,0
M036,2025-07-21,0,0
M036,2025-07-22,0,0
M036,2025-07-23,0,0
M036,2025-07-24,0,0
M036,2025-07-25,0,0
M036,2025-07-26,0,0
M036,2025-07-27,0,0
M036,2025-07-28,0,0
M036,2025-07-29,0,0
M036,2025-07-30,0,0
M036,2025-07-31,0,0
M036,2025-08-01,0,0
M036,2025-08-02,0,0
M036,2025-08-03,0,0
M036,2025-08-04,0,0
M036,2025-08-05,0,0
M036,2025-08-06,0,0
M036,2025-08-07,0,0
M036,2025-08-08,0,0
M036,2025-08-09,0,0
M036,2025-08-10,0,0
M036,2025-08-11,0,0
M036,2025-08-12,0,0
M036,2025-08-13,0,0
M036,2025-08-14,0,0
M036,2025-08-15,0,0
M036,2025-08-16,0,0
M036,2025-08-17,0,0
M036,2025-08-18,0,0
M036,2025-08-19,0,0
M036,2025-08-20,0,0
M036,2025-08-21,0,0
M036,2025-08-22,0,0
M036,2025-08-23,0,0
M036,2025-08-24,0,0
M036,2025-08-25,0,0
M036,2025-08-26,0,0
M036,2025-08-27,0,0
M036,2025-08-28,0,0
M036,2025-08-29,0,0
M036,2025-08-30,0,0
M036,2025-08-31,0,0
M036,2025-09-01,0,0
M036,2025-09-02,0,0
M036,2025-09-03,0,0
M036,2025-09-04,0,0
M036,2025-09-05,0,0
M036,2025-09-06,0,0
M036,2025-09-07,0,0
M036,2025-09-08,0,0
M036,2025-09-09,0,0
M036,2025-09-10,0,0
M036,2025-09-11,0,0
M036,2025-09-12,0,0
M036,2025-09-13,0,0
M036,2025-09-14,0,0
M036,2025-09-15,0,0
M036,2025-09-16,0,0
M036,2025-09-17,0,0
M036,2025-09-18,0,0
M036,2025-09-19,0,0
M036,2025-09-20,0,0
M036,2025-09-21,0,0
M036,2025-09-22,0,0
M036,2025-09-23,0,0
M036,2025-09-24,0,0
M036,2025-09-25,0,0
M036,2025-09-26,0,0
M036,2025-09-27,0,0
M036,2025-09-28,0,0
M036,2025-09-29,0,0
M036,2025-09-30,0,0
M036,2025-10-01,0,0
M036,2025-10-02,0,0
M036,2025-10-03,0,0
M036,2025-10-04,0,0
M036,2025-10-05,0,0
M036,2025-10-06,0,0
M036,2025-10-07,0,0
M036,2025-10-08,0,0
M036,2025-10-09,0,0
M036,2025-10-10,0,0
M036,2025-10-11,0,0
M036,2025-10-12,0,0
M036,2025-10-13,0,0
M036,2025-10-14,0,0
M036,2025-10-15,0,0
M036,2025-10-16,0,0
M036,2025-10-17,0,0
M036,2025-10-18,0,0
M036,2025-10-19,0,0
M036,2025-10-20,0,0
M036,2025-10-21,0,0
M036,2025-10-22,0,0
M036,2025-10-23,0,0
M036,2025-10-24,0,0
M036,2025-10-25,0,0
M036,2025-10-26,0,0
M036,2025-10-27,0,0
M036,2025-10-28,0,0
M036,2025-10-29,0,0
M036,2025-10-30,0,0
M036,2025-10-31,0,0
M036,2025-11-01,0,0
M036,2025-11-02,0,0
M036,2025-11-03,0,0
M036,2025-11-04,0,0
M036,2025-11-05,0,0
M036,2025-11-06,0,0
M036,2025-11-07,0,0
M036,2025-11-08,0,0
M036,2025-11-09,0,0
M036,2025-11-10,0,0
M036,2025-11-11,0,0
M036,2025-11-12,0,0
M036,2025-11-13,0,0
M036,2025-11-14,0,0
M036,2025-11-15,0,0
M036,2025-11-16,0,0
M036,2025-11-17,0,0
M036,2025-11-18,0,0
M036,2025-11-19,0,0
M036,2025-11-20,0,0
M036,2025-11-21,0,0
M036,2025-11-22,0,0
M036,2025-11-23,0,0
M036,2025-11-24,0,0
M036,2025-11-25,0,0
M036,2025-11-26,0,0
M036,2025-11-27,0,0
M036,2025-11-28,0,0
M036,2025-11-29,0,0
M036,2025-11-30,0,0
M036,2025-12-01,0,0
M036,2025-12-02,0,0
M036,2025-12-03,0,0
M036,2025-12-04,0,0
M036,2025-12-05,0,0
M036,2025-12-06,0,0
M036,2025-12-07,0,0
M036,2025-12-08,0,0
M036,2025-12-09,0,0
M036,2025-12-10,0,0
M036,2025-12-11,0,0
M036,2025-12-12,0,0
M036,2025-12-13,0,0
M036,2025-12-14,0,0
M036,2025-12-15,0,0
M036,2025-12-16,0,0
M036,2025-12-17,0,0
M036,2025-12-18,0,0
M036,2025-12-19,0,0
M036,2025-12-20,0,0
M036,2025-12-21,0,0
M036,2025-12-22,0,0
M036,2025-12-23,0,0
M036,2025-12-24,0,0
M036,2025-12-25,0,0
M036,2025-12-26,0,0
M036,2025-12-27,0,0
M036,2025-12-28,0,0
M036,2025-12-29,0,0
M036,2025-12-30,0,0
M036,2025-12-31,0,0
M036,2026-01-01,0,0
M036,2026-01-02,0,0
M036,2026-01-03,0,0
M036,2026-01-04,0,0
M036,2026-01-05,0,0
M036,2026-01-06,0,0
M036,2026-01-07,0,0
M036,2026-01-08,0,0
M036,2026-01-09,0,0
M036,2026-01-10,0,0
M036,2026-01-11,0,0
M036,2026-01-12,0,0
M036,2026-01-13,0,0
M036,2026-01-14,0,0
M036,2026-01-15,0,0
M036,2026-01-16,0,0
M036,2026-01-17,0,0
M036,2026-01-18,0,0
M036,2026-01-19,0,0
M036,2026-01-20,0,0
M036,2026-01-21,0,0
M036,2026-01-22,0,0
M036,2026-01-23,0,0
M036,2026-01-24,0,0
M036,2026-01-25,0,0
M036,2026-01-26,0,0
M036,2026-01-27,0,0
M036,2026-01-28,0,0
M036,2026-01-29,0,0
M036,2026-01-30,0,0
M036,2026-01-31,0,0
M036,2026-02-01,0,0
M036,2026-02-02,0,0
M036,2026-02-03,0,0
M036,2026-02-04,0,0
M036,2026-02-05,0,0
M036,2026-02-06,0,0
M036,2026-02-07,0,0
M036,2026-02-08,0,0
M036,2026-02-09,0,0
M036,2026-02-10,0,0
M036,2026-02-11,0,0
M036,2026-02-12,0,0
M036,2026-02-13,0,0
M036,2026-02-14,0,0
M036,2026-02-15,0,0
M036,2026-02-16,0,0
M036,2026-02-17,0,0
M036,2026-02-18,0,0
M036,2026-02-19,0,0
M036,2026-02-20,0,0
M036,2026-02-21,0,0
M036,2026-02-22,0,0
M036,2026-02-23,0,0
M036,2026-02-24,0,0
M036,2026-02-25,0,0
M036,2026-02-26,0,0
M036,2026-02-27,0,0
M036,2026-02-28,0,0
M036,2026-03-01,0,0
M036,2026-03-02,0,0
M036,2026-03-03,0,0
M036,2026-03-04,0,0
M036,2026-03-05,0,0
M036,2026-03-06,0,0
M036,2026-03-07,0,0
M036,2026-03-08,0,0
M036,2026-03-09,0,0
M036,2026-03-10,0,0
M036,2026-03-11,0,0
M036,2026-03-12,0,0
M036,2026-03-13,0,0
M036,2026-03-14,0,0
M036,2026-03-15,0,0
M036,2026-03-16,0,0
M036,2026-03-17,0,0
M036,2026-03-18,0,0
M036,2026-03-19,0,0
M036,2026-03-20,0,0
M036,2026-03-21,0,0
M036,2026-03-22,0,0
M036,2026-03-23,0,0
M036,2026-03-24,0,0
M036,2026-03-25,0,0
M036,2026-03-26,0,0
M036,2026-03-27,0,0
M036,2026-03-28,0,0
M036,2026-03-29,0,0
M036,2026-03-30,0,0
M036,2026-03-31,0,0
M036,2026-04-01,0,0
M036,2026-04-02,0,0
M036,2026-04-03,0,0
M036,2026-04-04,0,0
M036,2026-04-05,0,0
M036,2026-04-06,0,0
M036,2026-04-07,0,0
M036,2026-04-08,0,0
M036,2026-04-09,0,0
M036,2026-04-10,0,0
M036,2026-04-11,0,0
M036,2026-04-12,0,0
M036,2026-04-13,0,0
M036,2026-04-14,0,0
M036,2026-04-15,0,0
M036,2026-04-16,0,0
M036,2026-04-17,0,0
M036,2026-04-18,0,0
M036,2026-04-19,0,0
M036,2026-04-20,0,0
M036,2026-04-21,0,0
M036,2026-04-22,0,0
M036,2026-04-23,0,0
M036,2026-04-24,0,0
M036,2026-04-25,0,0
M036,2026-04-26,0,0
M036,2026-04-27,0,0
M036,2026-04-28,0,0
M036,2026-04-29,0,0
M036,2026-04-30,0,0
M036,2026-05-01,0,0
M036,2026-05-02,0,0
M036,2026-05-03,0,0
M036,2026-05-04,0,0
M036,2026-05-05,0,0
M036,2026-05-06,0,0
M036,2026-05-07,0,0
M036,2026-05-08,0,0
M036,2026-05-09,0,0
M036,2026-05-10,0,0
M036,2026-05-11,0,0
M036,2026-05-12,0,0
M036,2026-05-13,0,0
M036,2026-05-14,0,0
M036,2026-05-15,0,0
M036,2026-05-16,0,0
M036,2026-05-17,0,0
M036,2026-05-18,0,0
M036,2026-05-19,0,0
M036,2026-05-20,0,0
M036,2026-05-21,0,0
M036,2026-05-22,0,0
M036,2026-05-23,0,0
M036,2026-05-24,0,0
M036,2026-05-25,0,0
M036,2026-05-26,0,0
M036,2026-05-27,0,0
M036,2026-05-28,0,0
M036,2026-05-29,0,0
M036,2026-05-30,0,0
M036,2026-05-31,0,0
M036,2026-06-01,0,0
M036,2026-06-02,0,0
M036,2026-06-03,0,0
M036,2026-06-04,0,0
M036,2026-06-05,0,0
M036,2026-06-06,0,0
M036,2026-06-07,0,0
M036,2026-06-08,0,0
M036,2026-06-09,0,0
M036,2026-06-10,0,0
M036,2026-06-11,0,0
M036,2026-06-12,0,0
M036,2026-06-13,0,0
M036,2026-06-14,0,0
M036,2026-06-15,0,0
M036,2026-06-16,0,0
M036,2026-06-17,0,0
M036,2026-06-18,0,0
M036,2026-06-19,0,0
M036,2026-06-20,0,0
M036,2026-06-21,0,0
M036,2026-06-22,0,0
M036,2026-06-23,0,0
M036,2026-06-24,0,0
M036,2026-06-25,0,0
M036,2026-06-26,0,0
M036,2026-06-27,0,0
M036,2026-06-28,0,0
M036,2026-06-29,0,0
M036,2026-06-30,0,0
M036,2026-07-01,0,0
M036,2026-07-02,0,0
M036,2026-07-03,0,0
M036,2026-07-04,0,0
M036,2026-07-05,0,0
M036,2026-07-06,0,0
M036,2026-07-07,0,0
M036,2026-07-08,0,0
M036,2026-07-09,0,0
M036,2026-07-10,0,0
M036,2026-07-11,0,0
M036,2026-07-12,0,0
M036,2026-07-13,0,0
M036,2026-07-14,0,0
M036,2026-07-15,0,0
M036,2026-07-16,0,0
M036,2026-07-17,0,0
M036,2026-07-18,0,0
M036,2026-07-19,0,0
M036,2026-07-20,0,0
M036,2026-07-21,0,0
M036,2026-07-22,0,0
M036,2026-07-23,0,0
M036,2026-07-24,0,0
M036,2026-07-25,0,0
M036,2026-07-26,0,0
M036,2026-07-27,0,0
M036,2026-07-28,0,0
M036,2026-07-29,0,0
M036,2026-07-30,0,0
M036,2026-07-31,0,0
M036,2026-08-01,0,0
M036,2026-08-02,0,0
M036,2026-08-03,0,0
M036,2026-08-04,0,0
M036,2026-08-05,0,0
M036,2026-08-06,0,0
M036,2026-08-07,0,0
M036,2026-08-08,0,0
M036,2026-08-09,0,0
M036,2026-08-10,0,0
M036,2026-08-11,0,0
M036,2026-08-12,0,0
M036,2026-08-13,0,0
M036,2026-08-14,0,0
M036,2026-08-15,0,0
M036,2026-08-16,0,0
M036,2026-08-17,0,0
M036,2026-08-18,0,0
M036,2026-08-19,0,0
M036,2026-08-20,0,0
M036,2026-08-21,0,0
M036,2026-08-22,0,0
M036,2026-08-23,0,0
M036,2026-08-24,0,0
M036,2026-08-25,0,0
M036,2026-08-26,0,0
M036,2026-08-27,0,0
M036,2026-08-28,0,0
M036,2026-08-29,0,0
M036,2026-08-30,0,0
M036,2026-08-31,0,0
M039,2025-06-18,0,0
M039,2025-06-19,0,0
M039,2025-06-20,0,0
M039,2025-06-21,0,0
M039,2025-06-22,0,0
M039,2025-06-23,0,0
M039,2025-06-24,0,0
M039,2025-06-25,3,300909
M039,2025-06-26,4,267888
M039,2025-06-27,2,314186
M039,2025-06-28,0,0
M039,2025-06-29,2,128326
M039,2025-06-30,0,0
M039,2025-07-01,0,0
M039,2025-07-02,0,0
M039,2025-07-03,0,0
M039,2025-07-04,0,0
M039,2025-07-05,7,787143
M039,2025-07-06,4,233016
M039,2025-07-07,0,0
M039,2025-07-08,0,0
M039,2025-07-09,0,0
M039,2025-07-10,2,280778
M039,2025-07-11,0,0
M039,2025-07-12,0,0
M039,2025-07-13,3,465429
M039,2025-07-14,0,0
M039,2025-07-15,4,168068
M039,2025-07-16,5,254650
M039,2025-07-17,4,394452
M039,2025-07-18,4,608504
M039,2025-07-19,6,784782
M039,2025-07-20,0,0
M039,2025-07-21,1,156826
M039,2025-07-22,7,510181
M039,2025-07-23,3,459228
M039,2025-07-24,5,717810
M039,2025-07-25,6,430836
M039,2025-07-26,0,0
M039,2025-07-27,4,430808
M039,2025-07-28,0,0
M039,2025-07-29,0,0
M039,2025-07-30,1,43479
M039,2025-07-31,0,0
M039,2025-08-01,3,247269
M039,2025-08-02,0,0
M039,2025-08-03,0,0
M039,2025-08-04,0,0
M039,2025-08-05,0,0
M039,2025-08-06,0,0
M039,2025-08-07,0,0
M039,2025-08-08,0,0
M039,2025-08-09,0,0
M039,2025-08-10,4,309480
M039,2025-08-11,0,0
M039,2025-08-12,0,0
M039,2025-08-13,0,0
M039,2025-08-14,1,160395
M039,2025-08-15,0,0
M039,2025-08-16,4,646148
M039,2025-08-17,4,286104
M039,2025-08-18,5,265580
M039,2025-08-19,4,616860
M039,2025-08-20,5,828390
M039,2025-08-21,2,202454
M039,2025-08-22,5,537435
M039,2025-08-23,0,0
M039,2025-08-24,0,0
M039,2025-08-25,5,799295
M039,2025-08-26,3,426381
M039,2025-08-27,0,0
M039,2025-08-28,0,0
M039,2025-08-29,7,1232441
M039,2025-08-30,3,282372
M039,2025-08-31,3,313689
M039,2025-09-01,2,139606
M039,2025-09-02,0,0
M039,2025-09-03,5,663160
M039,2025-09-04,0,0
M039,2025-09-05,5,459925
M039,2025-09-06,6,670764
M039,2025-09-07,4,172880
M039,2025-09-08,0,0
M039,2025-09-09,6,940926
M039,2025-09-10,6,762360
M039,2025-09-11,3,366159
M039,2025-09-12,3,507258
M039,2025-09-13,2,315566
M039,2025-09-14,6,516600
M039,2025-09-15,3,462150
M039,2025-09-16,5,319245
M039,2025-09-17,7,886123
M039,2025-09-18,3,333873
M039,2025-09-19,1,50785
M039,2025-09-20,0,0
M039,2025-09-21,3,204507
M039,2025-09-22,10,1764710
M039,2025-09-23,3,514176
M039,2025-09-24,6,649536
M039,2025-09-25,1,151904
M039,2025-09-26,0,0
M039,2025-09-27,5,795995
M039,2025-09-28,0,0
M039,2025-09-29,2,120984
M039,2025-09-30,3,492774
M039,2025-10-01,0,0
M039,2025-10-02,0,0
M039,2025-10-03,6,942450
M039,2025-10-04,0,0
M039,2025-10-05,3,407247
M039,2025-10-06,2,257988
M039,2025-10-07,0,0
M039,2025-10-08,6,560652
M039,2025-10-09,3,394428
M039,2025-10-10,2,288724
M039,2025-10-11,4,414928
M039,2025-10-12,0,0
M039,2025-10-13,1,87206
M039,2025-10-14,4,299952
M039,2025-10-15,2,221574
M039,2025-10-16,0,0
M039,2025-10-17,4,616256
M039,2025-10-18,0,0
M039,2025-10-19,2,262560
M039,2025-10-20,2,356026
M039,2025-10-21,0,0
M039,2025-10-22,0,0
M039,2025-10-23,0,0
M039,2025-10-24,7,569387
M039,2025-10-25,1,51908
M039,2025-10-26,5,303055
M039,2025-10-27,2,80646
M039,2025-10-28,2,225046
M039,2025-10-29,4,310260
M039,2025-10-30,0,0
M039,2025-10-31,4,649488
M039,2025-11-01,3,145908
M039,2025-11-02,0,0
M039,2025-11-03,0,0
M039,2025-11-04,4,201804
M039,2025-11-05,3,368451
M039,2025-11-06,1,110520
M039,2025-11-07,0,0
M039,2025-11-08,8,1393544
M039,2025-11-09,0,0
M039,2025-11-10,0,0
M039,2025-11-11,2,288248
M039,2025-11-12,5,539985
M039,2025-11-13,5,672300
M039,2025-11-14,0,0
M039,2025-11-15,0,0
M039,2025-11-16,0,0
M039,2025-11-17,0,0
M039,2025-11-18,0,0
M039,2025-11-19,4,143176
M039,2025-11-20,4,444696
M039,2025-11-21,5,666045
M039,2025-11-22,0,0
M039,2025-11-23,0,0
M039,2025-11-24,6,924360
M039,2025-11-25,2,289092
M039,2025-11-26,3,240120
M039,2025-11-27,0,0
M039,2025-11-28,6,644124
M039,2025-11-29,0,0
M039,2025-11-30,0,0
M039,2025-12-01,8,878344
M039,2025-12-02,0,0
M039,2025-12-03,2,277424
M039,2025-12-04,0,0
M039,2025-12-05,1,164926
M039,2025-12-06,5,463625
M039,2025-12-07,4,144468
M039,2025-12-08,7,511588
M039,2025-12-09,0,0
M039,2025-12-10,1,145045
M039,2025-12-11,0,0
M039,2025-12-12,0,0
M039,2025-12-13,1,129130
M039,2025-12-14,5,868445
M039,2025-12-15,4,513460
M039,2025-12-16,2,289834
M039,2025-12-17,5,817190
M039,2025-12-18,5,750755
M039,2025-12-19,4,538524
M039,2025-12-20,5,394950
M039,2025-12-21,2,202298
M039,2025-12-22,5,891150
M039,2025-12-23,2,73434
M039,2025-12-24,0,0
M039,2025-12-25,3,412533
M039,2025-12-26,7,994826
M039,2025-12-27,6,1073364
M039,2025-12-28,1,105195
M039,2025-12-29,0,0
M039,2025-12-30,0,0
M039,2025-12-31,4,261696
M039,2026-01-01,0,0
M039,2026-01-02,0,0
M039,2026-01-03,0,0
M039,2026-01-04,0,0
M039,2026-01-05,0,0
M039,2026-01-06,0,0
M039,2026-01-07,0,0
M039,2026-01-08,0,0
M039,2026-01-09,3,237138
M039,2026-01-10,5,893455
M039,2026-01-11,0,0
M039,2026-01-12,1,170450
M039,2026-01-13,3,214491
M039,2026-01-14,3,341748
M039,2026-01-15,0,0
M039,2026-01-16,4,609100
M039,2026-01-17,0,0
M039,2026-01-18,4,561396
M039,2026-01-19,3,381339
M039,2026-01-20,0,0
M039,2026-01-21,6,610872
M039,2026-01-22,0,0
M039,2026-01-23,3,225918
M039,2026-01-24,0,0
M039,2026-01-25,0,0
M039,2026-01-26,3,275661
M039,2026-01-27,4,663732
M039,2026-01-28,0,0
M039,2026-01-29,6,610578
M039,2026-01-30,1,169035
M039,2026-01-31,6,366186
M039,2026-02-01,0,0
M039,2026-02-02,0,0
M039,2026-02-03,0,0
M039,2026-02-04,4,555556
M039,2026-02-05,2,153422
M039,2026-02-06,0,0
M039,2026-02-07,4,548984
M039,2026-02-08,5,243925
M039,2026-02-09,0,0
M039,2026-02-10,5,395420
M039,2026-02-11,3,224010
M039,2026-02-12,4,406632
M039,2026-02-13,0,0
M039,2026-02-14,6,1046118
M039,2026-02-15,10,1425730
M039,2026-02-16,0,0
M039,2026-02-17,1,95457
M039,2026-02-18,4,687144
M039,2026-02-19,6,972402
M039,2026-02-20,0,0
M039,2026-02-21,10,1042250
M039,2026-02-22,0,0
M039,2026-02-23,3,489327
M039,2026-02-24,0,0
M039,2026-02-25,0,0
M039,2026-02-26,3,178323
M039,2026-02-27,4,410028
M039,2026-02-28,0,0
M039,2026-03-01,1,35664
M039,2026-03-02,0,0
M039,2026-03-03,0,0
M039,2026-03-04,0,0
M039,2026-03-05,6,956322
M039,2026-03-06,3,391617
M039,2026-03-07,0,0
M039,2026-03-08,4,709884
M039,2026-03-09,3,214293
M039,2026-03-10,0,0
M039,2026-03-11,1,53296
M039,2026-03-12,5,842020
M039,2026-03-13,6,952578
M039,2026-03-14,0,0
M039,2026-03-15,0,0
M039,2026-03-16,3,259389
M039,2026-03-17,6,697152
M039,2026-03-18,1,137761
M039,2026-03-19,0,0
M039,2026-03-20,2,305050
M039,2026-03-21,0,0
M039,2026-03-22,4,318272
M039,2026-03-23,5,208395
M039,2026-03-24,3,218244
M039,2026-03-25,6,466254
M039,2026-03-26,0,0
M039,2026-03-27,1,163961
M039,2026-03-28,5,176305
M039,2026-03-29,2,302132
M039,2026-03-30,4,156748
M039,2026-03-31,2,197100
M039,2026-04-01,1,63927
M039,2026-04-02,8,1431928
M039,2026-04-03,0,0
M039,2026-04-04,0,0
M039,2026-04-05,7,1111726
M039,2026-04-06,4,212928
M039,2026-04-07,0,0
M039,2026-04-08,0,0
M039,2026-04-09,7,564739
M039,2026-04-10,7,1116255
M039,2026-04-11,6,948330
M039,2026-04-12,2,130632
M039,2026-04-13,7,1184400
M039,2026-04-14,1,116035
M039,2026-04-15,0,0
M039,2026-04-16,2,115156
M039,2026-04-17,0,0
M039,2026-04-18,5,754170
M039,2026-04-19,0,0
M039,2026-04-20,2,172006
M039,2026-04-21,4,586504
M039,2026-04-22,0,0
M039,2026-04-23,2,315464
M039,2026-04-24,7,1186920
M039,2026-04-25,7,920136
M039,2026-04-26,0,0
M039,2026-04-27,5,250460
M039,2026-04-28,0,0
M039,2026-04-29,7,1164912
M039,2026-04-30,0,0
M039,2026-05-01,1,43894
M039,2026-05-02,0,0
M039,2026-05-03,0,0
M039,2026-05-04,1,159906
M039,2026-05-05,4,396772
M039,2026-05-06,0,0
M039,2026-05-07,0,0
M039,2026-05-08,0,0
M039,2026-05-09,0,0
M039,2026-05-10,2,304866
M039,2026-05-11,0,0
M039,2026-05-12,5,276475
M039,2026-05-13,5,789230
M039,2026-05-14,0,0
M039,2026-05-15,9,1337004
M039,2026-05-16,9,344610
M039,2026-05-17,4,429148
M039,2026-05-18,0,0
M039,2026-05-19,3,248391
M039,2026-05-20,3,270465
M039,2026-05-21,6,668862
M039,2026-05-22,5,693790
M039,2026-05-23,0,0
M039,2026-05-24,4,376524
M039,2026-05-25,5,593120
M039,2026-05-26,5,832210
M039,2026-05-27,3,258639
M039,2026-05-28,4,598216
M039,2026-05-29,5,712035
M039,2026-05-30,0,0
M039,2026-05-31,3,313191
M039,2026-06-01,4,520812
M039,2026-06-02,3,492102
M039,2026-06-03,0,0
M039,2026-06-04,0,0
M039,2026-06-05,0,0
M039,2026-06-06,3,388980
M039,2026-06-07,7,739256
M039,2026-06-08,3,120357
M039,2026-06-09,5,295940
M039,2026-06-10,0,0
M039,2026-06-11,2,314682
M039,2026-06-12,0,0
M039,2026-06-13,0,0
M039,2026-06-14,4,309568
M039,2026-06-15,6,470892
M039,2026-06-16,3,203055
M039,2026-06-17,0,0
M039,2026-06-18,6,476724
M039,2026-06-19,0,0
M039,2026-06-20,5,842835
M039,2026-06-21,4,502528
M039,2026-06-22,2,158632
M039,2026-06-23,0,0
M039,2026-06-24,0,0
M039,2026-06-25,6,570396
M039,2026-06-26,3,116460
M039,2026-06-27,6,467682
M039,2026-06-28,3,423948
M039,2026-06-29,6,263406
M039,2026-06-30,0,0
M039,2026-07-01,0,0
M039,2026-07-02,0,0
M039,2026-07-03,0,0
M039,2026-07-04,4,659840
M039,2026-07-05,6,897990
M039,2026-07-06,0,0
M039,2026-07-07,2,216722
M039,2026-07-08,5,455101
M039,2026-07-09,8,736830
M039,2026-07-10,1,97521
M039,2026-07-11,6,530951
M039,2026-07-12,4,400922
M039,2026-07-13,0,0
M039,2026-07-14,0,0
M039,2026-07-15,10,877695
M039,2026-07-16,2,162536
M039,2026-07-17,0,0
M039,2026-07-18,1,119193
M039,2026-07-19,0,0
M039,2026-07-20,0,0
M039,2026-07-21,8,693487
M039,2026-07-22,0,0
M039,2026-07-23,4,400922
M039,2026-07-24,0,0
M039,2026-07-25,10,942710
M039,2026-07-26,8,682652
M039,2026-07-27,0,0
M039,2026-07-28,1,119193
M039,2026-07-29,7,639309
M039,2026-07-30,10,931874
M039,2026-07-31,0,0
M039,2026-08-01,0,0
M039,2026-08-02,8,725995
M039,2026-08-03,7,585130
M039,2026-08-04,7,661248
M039,2026-08-05,7,622795
M039,2026-08-06,4,322931
M039,2026-08-07,1,53821
M039,2026-08-08,7,607418
M039,2026-08-09,0,0
M039,2026-08-10,0,0
M039,2026-08-11,0,0
M039,2026-08-12,3,284487
M039,2026-08-13,0,0
M039,2026-08-14,5,461330
M039,2026-08-15,5,422886
M039,2026-08-16,0,0
M039,2026-08-17,8,722750
M039,2026-08-18,6,538218
M039,2026-08-19,8,707373
M039,2026-08-20,8,676617
M039,2026-08-21,7,615107
M039,2026-08-22,5,430574
M039,2026-08-23,0,0
M039,2026-08-24,4,384441
M039,2026-08-25,1,130710
M039,2026-08-26,0,0
M039,2026-08-27,7,661240
M039,2026-08-28,8,730439
M039,2026-08-29,3,276798
M039,2026-08-30,0,0
M039,2026-08-31,8,745817
M040,2026-06-01,0,0
M040,2026-06-02,0,0
M040,2026-06-03,0,0
M040,2026-06-04,0,0
M040,2026-06-05,0,0
M040,2026-06-06,0,0
M040,2026-06-07,0,0
M040,2026-06-08,3,451020
M040,2026-06-09,1,147017
M040,2026-06-10,0,0
M040,2026-06-11,0,0
M040,2026-06-12,5,452580
M040,2026-06-13,0,0
M040,2026-06-14,5,472445
M040,2026-06-15,6,323304
M040,2026-06-16,2,90410
M040,2026-06-17,0,0
M040,2026-06-18,2,288258
M040,2026-06-19,2,279936
M040,2026-06-20,5,759140
M040,2026-06-21,4,653548
M040,2026-06-22,4,305264
M040,2026-06-23,4,454792
M040,2026-06-24,6,246972
M040,2026-06-25,3,218928
M040,2026-06-26,7,555226
M040,2026-06-27,0,0
M040,2026-06-28,4,520548
M040,2026-06-29,0,0
M040,2026-06-30,0,0
M040,2026-07-01,2,102452
M040,2026-07-02,3,112779
M040,2026-07-03,0,0
M040,2026-07-04,0,0
M040,2026-07-05,4,614336
M040,2026-07-06,4,695584
M040,2026-07-07,3,240599
M040,2026-07-08,6,537785
M040,2026-07-09,1,49532
M040,2026-07-10,0,0
M040,2026-07-11,0,0
M040,2026-07-12,4,360882
M040,2026-07-13,0,0
M040,2026-07-14,7,643927
M040,2026-07-15,4,403339
M040,2026-07-16,0,0
M040,2026-07-17,0,0
M040,2026-07-18,7,636851
M040,2026-07-19,2,155674
M040,2026-07-20,3,275969
M040,2026-07-21,0,0
M040,2026-07-22,7,665156
M040,2026-07-23,1,120294
M040,2026-07-24,6,566090
M040,2026-07-25,3,311349
M040,2026-07-26,0,0
M040,2026-07-27,2,176903
M040,2026-07-28,3,261816
M040,2026-07-29,3,283045
M040,2026-07-30,7,643927
M040,2026-07-31,3,290121
M040,2026-08-01,1,49532
M040,2026-08-02,5,488253
M040,2026-08-03,0,0
M040,2026-08-04,3,248677
M040,2026-08-05,1,49078
M040,2026-08-06,1,134149
M040,2026-08-07,1,85070
M040,2026-08-08,0,0
M040,2026-08-09,3,314105
M040,2026-08-10,3,281385
M040,2026-08-11,2,193043
M040,2026-08-12,3,287929
M040,2026-08-13,1,114517
M040,2026-08-14,1,75254
M040,2026-08-15,1,98157
M040,2026-08-16,3,287929
M040,2026-08-17,3,248666
M040,2026-08-18,0,0
M040,2026-08-19,0,0
M040,2026-08-20,0,0
M040,2026-08-21,0,0
M040,2026-08-22,0,0
M040,2026-08-23,2,160324
M040,2026-08-24,0,0
M040,2026-08-25,2,157052
M040,2026-08-26,3,274842
M040,2026-08-27,3,304289
M040,2026-08-28,1,124333
M040,2026-08-29,2,183228
M040,2026-08-30,0,0
M040,2026-08-31,1,107973
M043,2026-07-03,0,0
M043,2026-07-04,0,0
M043,2026-07-05,0,0
M043,2026-07-06,0,0
M043,2026-07-07,0,0
M043,2026-07-08,0,0
M043,2026-07-09,10,2529150
M043,2026-07-10,10,1744170
M043,2026-07-11,10,1749120
M043,2026-07-12,12,1793976
M043,2026-07-13,0,0
M043,2026-07-14,9,2188161
M043,2026-07-15,11,1241394
M043,2026-07-16,0,0
M043,2026-07-17,5,1213965
M043,2026-07-18,11,2322507
M043,2026-07-19,11,1498728
M043,2026-07-20,8,1727256
M043,2026-07-21,0,0
M043,2026-07-22,14,2707614
M043,2026-07-23,9,2277216
M043,2026-07-24,5,536225
M043,2026-07-25,8,1192488
M043,2026-07-26,0,0
M043,2026-07-27,0,0
M043,2026-07-28,10,1676110
M043,2026-07-29,9,1821159
M043,2026-07-30,11,2234914
M043,2026-07-31,6,596082
M043,2026-08-01,10,1912350
M043,2026-08-02,0,0
M043,2026-08-03,6,1070526
M043,2026-08-04,5,1175560
M043,2026-08-05,7,1213100
M043,2026-08-06,0,0
M043,2026-08-07,0,0
M043,2026-08-08,0,0
M043,2026-08-09,5,465405
M043,2026-08-10,8,1347176
M043,2026-08-11,0,0
M043,2026-08-12,7,1577044
M043,2026-08-13,0,0
M043,2026-08-14,0,0
M043,2026-08-15,0,0
M043,2026-08-16,8,1906032
M043,2026-08-17,0,0
M043,2026-08-18,7,1597141
M043,2026-08-19,0,0
M043,2026-08-20,0,0
M043,2026-08-21,6,576930
M043,2026-08-22,11,1362416
M043,2026-08-23,0,0
M043,2026-08-24,8,1487976
M043,2026-08-25,10,1405840
M043,2026-08-26,5,882730
M043,2026-08-27,11,2829717
M043,2026-08-28,10,1904220
M043,2026-08-29,10,974810
M043,2026-08-30,9,1160847
M043,2026-08-31,8,607512
M045,2025-08-20,0,0
M045,2025-08-21,0,0
M045,2025-08-22,0,0
M045,2025-08-23,0,0
M045,2025-08-24,0,0
M045,2025-08-25,4,203688
M045,2025-08-26,0,0
M045,2025-08-27,0,0
M045,2025-08-28,3,186162
M045,2025-08-29,3,112659
M045,2025-08-30,5,442010
M045,2025-08-31,5,426095
M045,2025-09-01,6,548394
M045,2025-09-02,3,496857
M045,2025-09-03,1,100724
M045,2025-09-04,5,469295
M045,2025-09-05,0,0
M045,2025-09-06,0,0
M045,2025-09-07,4,458360
M045,2025-09-08,0,0
M045,2025-09-09,4,289844
M045,2025-09-10,1,68331
M045,2025-09-11,7,353703
M045,2025-09-12,3,194325
M045,2025-09-13,5,233820
M045,2025-09-14,7,515368
M045,2025-09-15,0,0
M045,2025-09-16,2,226028
M045,2025-09-17,0,0
M045,2025-09-18,4,650876
M045,2025-09-19,2,134308
M045,2025-09-20,0,0
M045,2025-09-21,4,195968
M045,2025-09-22,0,0
M045,2025-09-23,4,182332
M045,2025-09-24,0,0
M045,2025-09-25,2,222654
M045,2025-09-26,0,0
M045,2025-09-27,0,0
M045,2025-09-28,3,279222
M045,2025-09-29,0,0
M045,2025-09-30,5,691630
M045,2025-10-01,5,878160
M045,2025-10-02,0,0
M045,2025-10-03,0,0
M045,2025-10-04,0,0
M045,2025-10-05,1,151546
M045,2025-10-06,4,390592
M045,2025-10-07,1,44126
M045,2025-10-08,0,0
M045,2025-10-09,5,512020
M045,2025-10-10,2,195580
M045,2025-10-11,0,0
M045,2025-10-12,0,0
M045,2025-10-13,0,0
M045,2025-10-14,0,0
M045,2025-10-15,3,501966
M045,2025-10-16,0,0
M045,2025-10-17,2,232168
M045,2025-10-18,0,0
M045,2025-10-19,0,0
M045,2025-10-20,7,484372
M045,2025-10-21,2,187752
M045,2025-10-22,5,371415
M045,2025-10-23,3,503040
M045,2025-10-24,6,719514
M045,2025-10-25,4,299132
M045,2025-10-26,0,0
M045,2025-10-27,0,0
M045,2025-10-28,7,1003968
M045,2025-10-29,4,309200
M045,2025-10-30,3,343746
M045,2025-10-31,3,503271
M045,2025-11-01,0,0
M045,2025-11-02,2,320818
M045,2025-11-03,0,0
M045,2025-11-04,0,0
M045,2025-11-05,0,0
M045,2025-11-06,0,0
M045,2025-11-07,0,0
M045,2025-11-08,4,262360
M045,2025-11-09,3,166443
M045,2025-11-10,0,0
M045,2025-11-11,2,161412
M045,2025-11-12,3,107694
M045,2025-11-13,3,203160
M045,2025-11-14,4,330624
M045,2025-11-15,1,46127
M045,2025-11-16,5,725615
M045,2025-11-17,0,0
M045,2025-11-18,3,117561
M045,2025-11-19,2,291256
M045,2025-11-20,2,353434
M045,2025-11-21,0,0
M045,2025-11-22,9,1065753
M045,2025-11-23,3,112560
M045,2025-11-24,0,0
M045,2025-11-25,0,0
M045,2025-11-26,1,168368
M045,2025-11-27,5,771730
M045,2025-11-28,2,319572
M045,2025-11-29,4,633972
M045,2025-11-30,6,424422
M045,2025-12-01,0,0
M045,2025-12-02,8,784912
M045,2025-12-03,3,443067
M045,2025-12-04,6,574440
M045,2025-12-05,4,710816
M045,2025-12-06,4,558648
M045,2025-12-07,0,0
M045,2025-12-08,6,587322
M045,2025-12-09,2,326270
M045,2025-12-10,0,0
M045,2025-12-11,0,0
M045,2025-12-12,3,408138
M045,2025-12-13,0,0
M045,2025-12-14,5,429745
M045,2025-12-15,3,514533
M045,2025-12-16,5,283795
M045,2025-12-17,0,0
M045,2025-12-18,0,0
M045,2025-12-19,6,399030
M045,2025-12-20,8,925296
M045,2025-12-21,0,0
M045,2025-12-22,5,453745
M045,2025-12-23,0,0
M045,2025-12-24,2,150908
M045,2025-12-25,4,705352
M045,2025-12-26,5,789795
M045,2025-12-27,2,331076
M045,2025-12-28,6,477924
M045,2025-12-29,0,0
M045,2025-12-30,7,929103
M045,2025-12-31,10,1525560
M045,2026-01-01,2,217374
M045,2026-01-02,2,259654
M045,2026-01-03,0,0
M045,2026-01-04,0,0
M045,2026-01-05,5,508740
M045,2026-01-06,3,195870
M045,2026-01-07,2,237568
M045,2026-01-08,0,0
M045,2026-01-09,5,210365
M045,2026-01-10,0,0
M045,2026-01-11,0,0
M045,2026-01-12,0,0
M045,2026-01-13,6,961524
M045,2026-01-14,3,391608
M045,2026-01-15,0,0
M045,2026-01-16,4,588220
M045,2026-01-17,4,437756
M045,2026-01-18,2,212216
M045,2026-01-19,1,117931
M045,2026-01-20,0,0
M045,2026-01-21,0,0
M045,2026-01-22,0,0
M045,2026-01-23,1,146424
M045,2026-01-24,3,364035
M045,2026-01-25,0,0
M045,2026-01-26,3,154596
M045,2026-01-27,0,0
M045,2026-01-28,5,726165
M045,2026-01-29,2,219256
M045,2026-01-30,0,0
M045,2026-01-31,0,0
M045,2026-02-01,4,367652
M045,2026-02-02,4,150316
M045,2026-02-03,2,196766
M045,2026-02-04,3,364254
M045,2026-02-05,6,276936
M045,2026-02-06,1,174673
M045,2026-02-07,5,418345
M045,2026-02-08,0,0
M045,2026-02-09,6,491658
M045,2026-02-10,4,481712
M045,2026-02-11,0,0
M045,2026-02-12,2,125796
M045,2026-02-13,0,0
M045,2026-02-14,6,444312
M045,2026-02-15,0,0
M045,2026-02-16,6,489234
M045,2026-02-17,0,0
M045,2026-02-18,5,748775
M045,2026-02-19,3,170931
M045,2026-02-20,1,139410
M045,2026-02-21,5,849400
M045,2026-02-22,1,51510
M045,2026-02-23,8,537688
M045,2026-02-24,0,0
M045,2026-02-25,0,0
M045,2026-02-26,0,0
M045,2026-02-27,0,0
M045,2026-02-28,0,0
M045,2026-03-01,0,0
M045,2026-03-02,0,0
M045,2026-03-03,0,0
M045,2026-03-04,3,281331
M045,2026-03-05,0,0
M045,2026-03-06,7,373429
M045,2026-03-07,0,0
M045,2026-03-08,0,0
M045,2026-03-09,0,0
M045,2026-03-10,4,260292
M045,2026-03-11,0,0
M045,2026-03-12,8,850008
M045,2026-03-13,1,101135
M045,2026-03-14,6,241386
M045,2026-03-15,7,547918
M045,2026-03-16,2,324076
M045,2026-03-17,0,0
M045,2026-03-18,6,854322
M045,2026-03-19,6,553116
M045,2026-03-20,5,679100
M045,2026-03-21,5,621480
M045,2026-03-22,6,726654
M045,2026-03-23,3,308988
M045,2026-03-24,6,956568
M045,2026-03-25,0,0
M045,2026-03-26,6,846156
M045,2026-03-27,0,0
M045,2026-03-28,4,340368
M045,2026-03-29,0,0
M045,2026-03-30,4,538420
M045,2026-03-31,0,0
M045,2026-04-01,0,0
M045,2026-04-02,2,332738
M045,2026-04-03,9,387729
M045,2026-04-04,0,0
M045,2026-04-05,0,0
M045,2026-04-06,4,163400
M045,2026-04-07,5,378530
M045,2026-04-08,1,179457
M045,2026-04-09,0,0
M045,2026-04-10,0,0
M045,2026-04-11,4,641408
M045,2026-04-12,5,848060
M045,2026-04-13,0,0
M045,2026-04-14,4,388332
M045,2026-04-15,0,0
M045,2026-04-16,3,250572
M045,2026-04-17,0,0
M045,2026-04-18,0,0
M045,2026-04-19,4,340256
M045,2026-04-20,5,845600
M045,2026-04-21,5,205400
M045,2026-04-22,7,1134217
M045,2026-04-23,0,0
M045,2026-04-24,2,215800
M045,2026-04-25,5,352165
M045,2026-04-26,0,0
M045,2026-04-27,0,0
M045,2026-04-28,3,217749
M045,2026-04-29,6,976206
M045,2026-04-30,6,1009116
M045,2026-05-01,5,757595
M045,2026-05-02,7,689521
M045,2026-05-03,1,69530
M045,2026-05-04,5,563000
M045,2026-05-05,0,0
M045,2026-05-06,0,0
M045,2026-05-07,0,0
M045,2026-05-08,5,362660
M045,2026-05-09,5,403395
M045,2026-05-10,0,0
M045,2026-05-11,0,0
M045,2026-05-12,0,0
M045,2026-05-13,0,0
M045,2026-05-14,0,0
M045,2026-05-15,0,0
M045,2026-05-16,0,0
M045,2026-05-17,0,0
M045,2026-05-18,3,139662
M045,2026-05-19,0,0
M045,2026-05-20,1,90542
M045,2026-05-21,2,323832
M045,2026-05-22,0,0
M045,2026-05-23,0,0
M045,2026-05-24,1,153856
M045,2026-05-25,4,201460
M045,2026-05-26,1,46327
M045,2026-05-27,2,150470
M045,2026-05-28,2,70902
M045,2026-05-29,5,619725
M045,2026-05-30,6,969432
M045,2026-05-31,3,457038
M045,2026-06-01,6,441618
M045,2026-06-02,0,0
M045,2026-06-03,4,609256
M045,2026-06-04,4,594496
M045,2026-06-05,0,0
M045,2026-06-06,3,132750
M045,2026-06-07,0,0
M045,2026-06-08,3,242154
M045,2026-06-09,3,496095
M045,2026-06-10,2,136364
M045,2026-06-11,0,0
M045,2026-06-12,5,541780
M045,2026-06-13,0,0
M045,2026-06-14,0,0
M045,2026-06-15,1,64169
M045,2026-06-16,0,0
M045,2026-06-17,0,0
M045,2026-06-18,1,145880
M045,2026-06-19,1,164921
M045,2026-06-20,3,360645
M045,2026-06-21,0,0
M045,2026-06-22,0,0
M045,2026-06-23,4,550444
M045,2026-06-24,4,594488
M045,2026-06-25,3,267801
M045,2026-06-26,1,69769
M045,2026-06-27,5,883245
M045,2026-06-28,8,323864
M045,2026-06-29,2,317920
M045,2026-06-30,0,0
M045,2026-07-01,5,199175
M045,2026-07-02,0,0
M045,2026-07-03,3,195822
M045,2026-07-04,1,168143
M045,2026-07-05,0,0
M045,2026-07-06,2,224454
M045,2026-07-07,0,0
M045,2026-07-08,6,568886
M045,2026-07-09,9,771363
M045,2026-07-10,4,318187
M045,2026-07-11,1,9642
M045,2026-07-12,6,539954
M045,2026-07-13,0,0
M045,2026-07-14,3,241051
M045,2026-07-15,5,482102
M045,2026-07-16,1,19284
M045,2026-07-17,0,0
M045,2026-07-18,0,0
M045,2026-07-19,0,0
M045,2026-07-20,3,231408
M045,2026-07-21,6,549596
M045,2026-07-22,7,588164
M045,2026-07-23,10,896709
M045,2026-07-24,0,0
M045,2026-07-25,5,453175
M045,2026-07-26,7,626732
M045,2026-07-27,6,511028
M045,2026-07-28,1,67494
M045,2026-07-29,0,0
M045,2026-07-30,3,289261
M045,2026-07-31,0,0
M045,2026-08-01,0,0
M045,2026-08-02,0,0
M045,2026-08-03,0,0
M045,2026-08-04,3,247279
M045,2026-08-05,9,824240
M045,2026-08-06,13,1142161
M045,2026-08-07,9,812465
M045,2026-08-08,9,765365
M045,2026-08-09,0,0
M045,2026-08-10,0,0
M045,2026-08-11,6,553418
M045,2026-08-12,1,94198
M045,2026-08-13,0,0
M045,2026-08-14,5,459219
M045,2026-08-15,2,153073
M045,2026-08-16,0,0
M045,2026-08-17,1,94198
M045,2026-08-18,7,635842
M045,2026-08-19,5,482769
M045,2026-08-20,7,600517
M045,2026-08-21,0,0
M045,2026-08-22,6,529868
M045,2026-08-23,0,0
M045,2026-08-24,2,223722
M045,2026-08-25,0,0
M045,2026-08-26,0,0
M045,2026-08-27,6,553418
M045,2026-08-28,3,306146
M045,2026-08-29,4,388570
M045,2026-08-30,11,965538
M045,2026-08-31,5,470994
M051,2026-05-12,0,0
M051,2026-05-13,0,0
M051,2026-05-14,0,0
M051,2026-05-15,0,0
M051,2026-05-16,0,0
M051,2026-05-17,0,0
M051,2026-05-18,0,0
M051,2026-05-19,5,660720
M051,2026-05-20,3,495633
M051,2026-05-21,5,228720
M051,2026-05-22,1,125617
M051,2026-05-23,0,0
M051,2026-05-24,0,0
M051,2026-05-25,5,433485
M051,2026-05-26,0,0
M051,2026-05-27,5,717055
M051,2026-05-28,2,141144
M051,2026-05-29,0,0
M051,2026-05-30,2,277476
M051,2026-05-31,3,516366
M051,2026-06-01,8,679312
M051,2026-06-02,0,0
M051,2026-06-03,6,527886
M051,2026-06-04,4,152512
M051,2026-06-05,0,0
M051,2026-06-06,0,0
M051,2026-06-07,3,499632
M051,2026-06-08,2,111822
M051,2026-06-09,0,0
M051,2026-06-10,9,1446858
M051,2026-06-11,0,0
M051,2026-06-12,5,462715
M051,2026-06-13,0,0
M051,2026-06-14,0,0
M051,2026-06-15,0,0
M051,2026-06-16,0,0
M051,2026-06-17,0,0
M051,2026-06-18,0,0
M051,2026-06-19,1,63095
M051,2026-06-20,0,0
M051,2026-06-21,5,309990
M051,2026-06-22,3,454632
M051,2026-06-23,0,0
M051,2026-06-24,0,0
M051,2026-06-25,3,314220
M051,2026-06-26,3,492375
M051,2026-06-27,3,458571
M051,2026-06-28,5,896745
M051,2026-06-29,6,938604
M051,2026-06-30,1,92147
M051,2026-07-01,4,215976
M051,2026-07-02,4,580444
M051,2026-07-03,6,1060440
M051,2026-07-04,6,645420
M051,2026-07-05,0,0
M051,2026-07-06,0,0
M051,2026-07-07,2,167152
M051,2026-07-08,6,536262
M051,2026-07-09,0,0
M051,2026-07-10,2,222862
M051,2026-07-11,0,0
M051,2026-07-12,7,612871
M051,2026-07-13,5,459653
M051,2026-07-14,5,459653
M051,2026-07-15,1,69644
M051,2026-07-16,0,0
M051,2026-07-17,7,591977
M051,2026-07-18,2,222862
M051,2026-07-19,0,0
M051,2026-07-20,0,0
M051,2026-07-21,0,0
M051,2026-07-22,1,76608
M051,2026-07-23,0,0
M051,2026-07-24,0,0
M051,2026-07-25,0,0
M051,2026-07-26,5,473582
M051,2026-07-27,0,0
M051,2026-07-28,6,522333
M051,2026-07-29,4,320364
M051,2026-07-30,0,0
M051,2026-07-31,3,236791
M051,2026-08-01,0,0
M051,2026-08-02,0,0
M051,2026-08-03,7,612871
M051,2026-08-04,0,0
M051,2026-08-05,0,0
M051,2026-08-06,0,0
M051,2026-08-07,0,0
M051,2026-08-08,0,0
M051,2026-08-09,0,0
M051,2026-08-10,0,0
M051,2026-08-11,0,0
M051,2026-08-12,0,0
M051,2026-08-13,0,0
M051,2026-08-14,0,0
M051,2026-08-15,0,0
M051,2026-08-16,0,0
M051,2026-08-17,0,0
M051,2026-08-18,0,0
M051,2026-08-19,0,0
M051,2026-08-20,0,0
M051,2026-08-21,0,0
M051,2026-08-22,0,0
M051,2026-08-23,0,0
M051,2026-08-24,0,0
M051,2026-08-25,0,0
M051,2026-08-26,0,0
M051,2026-08-27,0,0
M051,2026-08-28,0,0
M051,2026-08-29,0,0
M051,2026-08-30,0,0
M051,2026-08-31,0,0
M052,2026-06-24,0,0
M052,2026-06-25,0,0
M052,2026-06-26,0,0
M052,2026-06-27,0,0
M052,2026-06-28,0,0
M052,2026-06-29,0,0
M052,2026-06-30,0,0
M052,2026-07-01,0,0
M052,2026-07-02,0,0
M052,2026-07-03,0,0
M052,2026-07-04,0,0
M052,2026-07-05,0,0
M052,2026-07-06,0,0
M052,2026-07-07,0,0
M052,2026-07-08,0,0
M052,2026-07-09,0,0
M052,2026-07-10,0,0
M052,2026-07-11,0,0
M052,2026-07-12,0,0
M052,2026-07-13,0,0
M052,2026-07-14,0,0
M052,2026-07-15,0,0
M052,2026-07-16,0,0
M052,2026-07-17,0,0
M052,2026-07-18,0,0
M052,2026-07-19,0,0
M052,2026-07-20,0,0
M052,2026-07-21,0,0
M052,2026-07-22,0,0
M052,2026-07-23,0,0
M052,2026-07-24,0,0
M052,2026-07-25,0,0
M052,2026-07-26,0,0
M052,2026-07-27,0,0
M052,2026-07-28,0,0
M052,2026-07-29,0,0
M052,2026-07-30,0,0
M052,2026-07-31,0,0
M052,2026-08-01,0,0
M052,2026-08-02,0,0
M052,2026-08-03,0,0
M052,2026-08-04,0,0
M052,2026-08-05,0,0
M052,2026-08-06,0,0
M052,2026-08-07,0,0
M052,2026-08-08,0,0
M052,2026-08-09,0,0
M052,2026-08-10,0,0
M052,2026-08-11,0,0
M052,2026-08-12,0,0
M052,2026-08-13,0,0
M052,2026-08-14,0,0
M052,2026-08-15,0,0
M052,2026-08-16,0,0
M052,2026-08-17,0,0
M052,2026-08-18,0,0
M052,2026-08-19,0,0
M052,2026-08-20,0,0
M052,2026-08-21,0,0
M052,2026-08-22,0,0
M052,2026-08-23,0,0
M052,2026-08-24,0,0
M052,2026-08-25,0,0
M052,2026-08-26,0,0
M052,2026-08-27,0,0
M052,2026-08-28,0,0
M052,2026-08-29,0,0
M052,2026-08-30,0,0
M052,2026-08-31,0,0
M054,2025-02-05,0,0
M054,2025-02-06,0,0
M054,2025-02-07,0,0
M054,2025-02-08,0,0
M054,2025-02-09,0,0
M054,2025-02-10,5,795445
M054,2025-02-11,2,312506
M054,2025-02-12,4,363068
M054,2025-02-13,2,353778
M054,2025-02-14,3,244617
M054,2025-02-15,2,298372
M054,2025-02-16,5,842145
M054,2025-02-17,4,597504
M054,2025-02-18,0,0
M054,2025-02-19,4,383480
M054,2025-02-20,0,0
M054,2025-02-21,0,0
M054,2025-02-22,3,198027
M054,2025-02-23,2,234046
M054,2025-02-24,0,0
M054,2025-02-25,0,0
M054,2025-02-26,4,568364
M054,2025-02-27,1,88298
M054,2025-02-28,8,476712
M054,2025-03-01,0,0
M054,2025-03-02,3,349833
M054,2025-03-03,0,0
M054,2025-03-04,0,0
M054,2025-03-05,0,0
M054,2025-03-06,6,931176
M054,2025-03-07,2,186340
M054,2025-03-08,0,0
M054,2025-03-09,5,374565
M054,2025-03-10,0,0
M054,2025-03-11,4,691992
M054,2025-03-12,0,0
M054,2025-03-13,0,0
M054,2025-03-14,4,693980
M054,2025-03-15,3,113004
M054,2025-03-16,3,490383
M054,2025-03-17,0,0
M054,2025-03-18,4,651820
M054,2025-03-19,2,196426
M054,2025-03-20,0,0
M054,2025-03-21,1,148100
M054,2025-03-22,0,0
M054,2025-03-23,0,0
M054,2025-03-24,0,0
M054,2025-03-25,0,0
M054,2025-03-26,7,502397
M054,2025-03-27,0,0
M054,2025-03-28,5,408185
M054,2025-03-29,0,0
M054,2025-03-30,6,720858
M054,2025-03-31,2,162214
M054,2025-04-01,0,0
M054,2025-04-02,0,0
M054,2025-04-03,0,0
M054,2025-04-04,2,207356
M054,2025-04-05,7,697893
M054,2025-04-06,1,168085
M054,2025-04-07,0,0
M054,2025-04-08,0,0
M054,2025-04-09,3,478587
M054,2025-04-10,0,0
M054,2025-04-11,6,441864
M054,2025-04-12,0,0
M054,2025-04-13,0,0
M054,2025-04-14,2,152706
M054,2025-04-15,5,424655
M054,2025-04-16,4,629008
M054,2025-04-17,2,185834
M054,2025-04-18,2,308730
M054,2025-04-19,4,688060
M054,2025-04-20,0,0
M054,2025-04-21,7,818552
M054,2025-04-22,0,0
M054,2025-04-23,0,0
M054,2025-04-24,0,0
M054,2025-04-25,0,0
M054,2025-04-26,1,150214
M054,2025-04-27,0,0
M054,2025-04-28,2,187962
M054,2025-04-29,3,417780
M054,2025-04-30,2,205700
M054,2025-05-01,5,761080
M054,2025-05-02,5,797230
M054,2025-05-03,0,0
M054,2025-05-04,5,436820
M054,2025-05-05,0,0
M054,2025-05-06,0,0
M054,2025-05-07,7,552426
M054,2025-05-08,4,185600
M054,2025-05-09,0,0
M054,2025-05-10,4,539200
M054,2025-05-11,2,179120
M054,2025-05-12,0,0
M054,2025-05-13,6,461628
M054,2025-05-14,3,172743
M054,2025-05-15,0,0
M054,2025-05-16,4,288164
M054,2025-05-17,0,0
M054,2025-05-18,7,277690
M054,2025-05-19,5,180345
M054,2025-05-20,6,611148
M054,2025-05-21,0,0
M054,2025-05-22,4,566584
M054,2025-05-23,5,522980
M054,2025-05-24,0,0
M054,2025-05-25,1,143853
M054,2025-05-26,0,0
M054,2025-05-27,2,215414
M054,2025-05-28,1,79882
M054,2025-05-29,0,0
M054,2025-05-30,0,0
M054,2025-05-31,0,0
M054,2025-06-01,5,738595
M054,2025-06-02,6,890898
M054,2025-06-03,0,0
M054,2025-06-04,4,226744
M054,2025-06-05,5,541975
M054,2025-06-06,0,0
M054,2025-06-07,0,0
M054,2025-06-08,0,0
M054,2025-06-09,3,180741
M054,2025-06-10,0,0
M054,2025-06-11,2,265572
M054,2025-06-12,0,0
M054,2025-06-13,0,0
M054,2025-06-14,3,520428
M054,2025-06-15,5,667845
M054,2025-06-16,1,78124
M054,2025-06-17,3,501210
M054,2025-06-18,4,562724
M054,2025-06-19,0,0
M054,2025-06-20,3,180102
M054,2025-06-21,8,634056
M054,2025-06-22,1,171403
M054,2025-06-23,0,0
M054,2025-06-24,0,0
M054,2025-06-25,0,0
M054,2025-06-26,0,0
M054,2025-06-27,4,421768
M054,2025-06-28,3,383895
M054,2025-06-29,0,0
M054,2025-06-30,1,76396
M054,2025-07-01,4,417964
M054,2025-07-02,6,962910
M054,2025-07-03,0,0
M054,2025-07-04,6,474720
M054,2025-07-05,3,402351
M054,2025-07-06,3,349389
M054,2025-07-07,1,86174
M054,2025-07-08,0,0
M054,2025-07-09,0,0
M054,2025-07-10,5,878395
M054,2025-07-11,3,210762
M054,2025-07-12,0,0
M054,2025-07-13,0,0
M054,2025-07-14,5,451075
M054,2025-07-15,2,310346
M054,2025-07-16,5,593390
M054,2025-07-17,6,523368
M054,2025-07-18,1,166428
M054,2025-07-19,3,407211
M054,2025-07-20,0,0
M054,2025-07-21,4,288792
M054,2025-07-22,0,0
M054,2025-07-23,0,0
M054,2025-07-24,1,55616
M054,2025-07-25,1,177971
M054,2025-07-26,0,0
M054,2025-07-27,7,545839
M054,2025-07-28,5,686425
M054,2025-07-29,0,0
M054,2025-07-30,0,0
M054,2025-07-31,0,0
M054,2025-08-01,7,760669
M054,2025-08-02,0,0
M054,2025-08-03,3,498069
M054,2025-08-04,3,527853
M054,2025-08-05,4,341484
M054,2025-08-06,1,70605
M054,2025-08-07,1,52323
M054,2025-08-08,4,612660
M054,2025-08-09,0,0
M054,2025-08-10,2,327476
M054,2025-08-11,4,317164
M054,2025-08-12,0,0
M054,2025-08-13,6,387576
M054,2025-08-14,8,769536
M054,2025-08-15,0,0
M054,2025-08-16,0,0
M054,2025-08-17,4,394380
M054,2025-08-18,7,718277
M054,2025-08-19,3,260760
M054,2025-08-20,0,0
M054,2025-08-21,0,0
M054,2025-08-22,0,0
M054,2025-08-23,3,224292
M054,2025-08-24,6,462264
M054,2025-08-25,0,0
M054,2025-08-26,0,0
M054,2025-08-27,3,192549
M054,2025-08-28,8,1293224
M054,2025-08-29,0,0
M054,2025-08-30,3,379335
M054,2025-08-31,5,392845
M054,2025-09-01,0,0
M054,2025-09-02,1,131961
M054,2025-09-03,6,685338
M054,2025-09-04,4,663916
M054,2025-09-05,4,277136
M054,2025-09-06,0,0
M054,2025-09-07,0,0
M054,2025-09-08,4,193308
M054,2025-09-09,5,720815
M054,2025-09-10,0,0
M054,2025-09-11,4,616012
M054,2025-09-12,0,0
M054,2025-09-13,7,458395
M054,2025-09-14,7,978439
M054,2025-09-15,0,0
M054,2025-09-16,6,971052
M054,2025-09-17,0,0
M054,2025-09-18,3,515427
M054,2025-09-19,2,222744
M054,2025-09-20,0,0
M054,2025-09-21,0,0
M054,2025-09-22,2,168296
M054,2025-09-23,0,0
M054,2025-09-24,0,0
M054,2025-09-25,0,0
M054,2025-09-26,2,346492
M054,2025-09-27,5,899425
M054,2025-09-28,0,0
M054,2025-09-29,0,0
M054,2025-09-30,0,0
M054,2025-10-01,0,0
M054,2025-10-02,1,57653
M054,2025-10-03,4,287152
M054,2025-10-04,0,0
M054,2025-10-05,0,0
M054,2025-10-06,0,0
M054,2025-10-07,0,0
M054,2025-10-08,0,0
M054,2025-10-09,3,501417
M054,2025-10-10,0,0
M054,2025-10-11,1,133855
M054,2025-10-12,1,179231
M054,2025-10-13,3,279783
M054,2025-10-14,5,466005
M054,2025-10-15,7,546049
M054,2025-10-16,0,0
M054,2025-10-17,1,122250
M054,2025-10-18,0,0
M054,2025-10-19,0,0
M054,2025-10-20,0,0
M054,2025-10-21,0,0
M054,2025-10-22,0,0
M054,2025-10-23,3,269853
M054,2025-10-24,0,0
M054,2025-10-25,0,0
M054,2025-10-26,0,0
M054,2025-10-27,1,59418
M054,2025-10-28,5,727975
M054,2025-10-29,5,431605
M054,2025-10-30,10,1724970
M054,2025-10-31,10,1788740
M054,2025-11-01,0,0
M054,2025-11-02,0,0
M054,2025-11-03,0,0
M054,2025-11-04,0,0
M054,2025-11-05,0,0
M054,2025-11-06,7,921767
M054,2025-11-07,2,207370
M054,2025-11-08,0,0
M054,2025-11-09,3,379872
M054,2025-11-10,4,626768
M054,2025-11-11,4,150164
M054,2025-11-12,3,397461
M054,2025-11-13,1,110516
M054,2025-11-14,0,0
M054,2025-11-15,0,0
M054,2025-11-16,3,252144
M054,2025-11-17,0,0
M054,2025-11-18,0,0
M054,2025-11-19,3,146295
M054,2025-11-20,4,332072
M054,2025-11-21,0,0
M054,2025-11-22,7,1135442
M054,2025-11-23,1,76177
M054,2025-11-24,1,115864
M054,2025-11-25,0,0
M054,2025-11-26,6,943242
M054,2025-11-27,0,0
M054,2025-11-28,0,0
M054,2025-11-29,2,83334
M054,2025-11-30,0,0
M054,2025-12-01,6,247938
M054,2025-12-02,3,180051
M054,2025-12-03,0,0
M054,2025-12-04,4,696256
M054,2025-12-05,4,669284
M054,2025-12-06,0,0
M054,2025-12-07,4,664164
M054,2025-12-08,4,189552
M054,2025-12-09,0,0
M054,2025-12-10,7,465192
M054,2025-12-11,2,174952
M054,2025-12-12,3,535212
M054,2025-12-13,7,1210601
M054,2025-12-14,0,0
M054,2025-12-15,0,0
M054,2025-12-16,0,0
M054,2025-12-17,3,240303
M054,2025-12-18,2,103984
M054,2025-12-19,0,0
M054,2025-12-20,4,144184
M054,2025-12-21,3,250554
M054,2025-12-22,2,291784
M054,2025-12-23,0,0
M054,2025-12-24,0,0
M054,2025-12-25,0,0
M054,2025-12-26,0,0
M054,2025-12-27,3,249003
M054,2025-12-28,2,182892
M054,2025-12-29,3,218325
M054,2025-12-30,4,146436
M054,2025-12-31,5,297300
M054,2026-01-01,3,531081
M054,2026-01-02,2,196524
M054,2026-01-03,0,0
M054,2026-01-04,0,0
M054,2026-01-05,0,0
M054,2026-01-06,2,193006
M054,2026-01-07,4,268948
M054,2026-01-08,1,141817
M054,2026-01-09,0,0
M054,2026-01-10,2,167584
M054,2026-01-11,0,0
M054,2026-01-12,4,573404
M054,2026-01-13,0,0
M054,2026-01-14,0,0
M054,2026-01-15,5,670310
M054,2026-01-16,0,0
M054,2026-01-17,0,0
M054,2026-01-18,5,656500
M054,2026-01-19,0,0
M054,2026-01-20,0,0
M054,2026-01-21,0,0
M054,2026-01-22,2,145934
M054,2026-01-23,2,143592
M054,2026-01-24,0,0
M054,2026-01-25,0,0
M054,2026-01-26,0,0
M054,2026-01-27,0,0
M054,2026-01-28,1,108465
M054,2026-01-29,2,295098
M054,2026-01-30,0,0
M054,2026-01-31,2,200456
M054,2026-02-01,7,1184470
M054,2026-02-02,0,0
M054,2026-02-03,0,0
M054,2026-02-04,5,759195
M054,2026-02-05,0,0
M054,2026-02-06,0,0
M054,2026-02-07,4,527260
M054,2026-02-08,5,871170
M054,2026-02-09,6,486360
M054,2026-02-10,0,0
M054,2026-02-11,0,0
M054,2026-02-12,0,0
M054,2026-02-13,7,975401
M054,2026-02-14,0,0
M054,2026-02-15,0,0
M054,2026-02-16,4,195996
M054,2026-02-17,2,244654
M054,2026-02-18,3,128067
M054,2026-02-19,6,343644
M054,2026-02-20,5,799200
M054,2026-02-21,0,0
M054,2026-02-22,3,133173
M054,2026-02-23,4,242408
M054,2026-02-24,5,327010
M054,2026-02-25,0,0
M054,2026-02-26,1,110450
M054,2026-02-27,4,536516
M054,2026-02-28,0,0
M054,2026-03-01,0,0
M054,2026-03-02,0,0
M054,2026-03-03,0,0
M054,2026-03-04,0,0
M054,2026-03-05,2,71894
M054,2026-03-06,0,0
M054,2026-03-07,0,0
M054,2026-03-08,0,0
M054,2026-03-09,4,203620
M054,2026-03-10,4,464508
M054,2026-03-11,8,586200
M054,2026-03-12,0,0
M054,2026-03-13,6,730836
M054,2026-03-14,0,0
M054,2026-03-15,3,147219
M054,2026-03-16,2,150118
M054,2026-03-17,0,0
M054,2026-03-18,0,0
M054,2026-03-19,0,0
M054,2026-03-20,7,825433
M054,2026-03-21,3,296397
M054,2026-03-22,0,0
M054,2026-03-23,8,673456
M054,2026-03-24,1,97147
M054,2026-03-25,2,271404
M054,2026-03-26,0,0
M054,2026-03-27,0,0
M054,2026-03-28,0,0
M054,2026-03-29,3,341607
M054,2026-03-30,3,298440
M054,2026-03-31,0,0
M054,2026-04-01,4,432572
M054,2026-04-02,6,886374
M054,2026-04-03,3,372987
M054,2026-04-04,0,0
M054,2026-04-05,0,0
M054,2026-04-06,0,0
M054,2026-04-07,4,313492
M054,2026-04-08,0,0
M054,2026-04-09,0,0
M054,2026-04-10,0,0
M054,2026-04-11,3,262992
M054,2026-04-12,0,0
M054,2026-04-13,7,641298
M054,2026-04-14,1,142622
M054,2026-04-15,9,699885
M054,2026-04-16,0,0
M054,2026-04-17,7,564025
M054,2026-04-18,1,164431
M054,2026-04-19,9,1288557
M054,2026-04-20,6,463506
M054,2026-04-21,4,598584
M054,2026-04-22,1,51168
M054,2026-04-23,2,95940
M054,2026-04-24,0,0
M054,2026-04-25,0,0
M054,2026-04-26,4,248124
M054,2026-04-27,7,556633
M054,2026-04-28,0,0
M054,2026-04-29,2,200676
M054,2026-04-30,0,0
M054,2026-05-01,6,411864
M054,2026-05-02,5,453395
M054,2026-05-03,0,0
M054,2026-05-04,8,770472
M054,2026-05-05,1,168515
M054,2026-05-06,7,795578
M054,2026-05-07,4,350924
M054,2026-05-08,0,0
M054,2026-05-09,5,291865
M054,2026-05-10,0,0
M054,2026-05-11,6,521994
M054,2026-05-12,1,74922
M054,2026-05-13,4,661732
M054,2026-05-14,7,823221
M054,2026-05-15,1,73078
M054,2026-05-16,4,633096
M054,2026-05-17,0,0
M054,2026-05-18,2,90528
M054,2026-05-19,0,0
M054,2026-05-20,0,0
M054,2026-05-21,0,0
M054,2026-05-22,0,0
M054,2026-05-23,6,785784
M054,2026-05-24,3,288249
M054,2026-05-25,5,235775
M054,2026-05-26,3,153252
M054,2026-05-27,2,272770
M054,2026-05-28,3,524271
M054,2026-05-29,0,0
M054,2026-05-30,3,499821
M054,2026-05-31,3,294447
M054,2026-06-01,0,0
M054,2026-06-02,4,169196
M054,2026-06-03,3,428067
M054,2026-06-04,0,0
M054,2026-06-05,2,253590
M054,2026-06-06,0,0
M054,2026-06-07,3,143286
M054,2026-06-08,3,471087
M054,2026-06-09,0,0
M054,2026-06-10,3,528567
M054,2026-06-11,8,562344
M054,2026-06-12,0,0
M054,2026-06-13,0,0
M054,2026-06-14,6,984750
M054,2026-06-15,0,0
M054,2026-06-16,0,0
M054,2026-06-17,1,88623
M054,2026-06-18,2,353112
M054,2026-06-19,7,595280
M054,2026-06-20,2,89524
M054,2026-06-21,6,477120
M054,2026-06-22,0,0
M054,2026-06-23,0,0
M054,2026-06-24,2,87874
M054,2026-06-25,2,297226
M054,2026-06-26,7,923657
M054,2026-06-27,7,329917
M054,2026-06-28,6,1019028
M054,2026-06-29,5,717055
M054,2026-06-30,0,0
M054,2026-07-01,0,0
M054,2026-07-02,1,142451
M054,2026-07-03,4,689048
M054,2026-07-04,0,0
M054,2026-07-05,6,219210
M054,2026-07-06,0,0
M054,2026-07-07,4,365044
M054,2026-07-08,2,209445
M054,2026-07-09,6,580463
M054,2026-07-10,2,191493
M054,2026-07-11,3,245350
M054,2026-07-12,3,281255
M054,2026-07-13,0,0
M054,2026-07-14,3,287239
M054,2026-07-15,1,71809
M054,2026-07-16,6,562510
M054,2026-07-17,1,83778
M054,2026-07-18,1,41889
M054,2026-07-19,5,430859
M054,2026-07-20,4,353065
M054,2026-07-21,2,167556
M054,2026-07-22,5,424875
M054,2026-07-23,0,0
M054,2026-07-24,5,436843
M054,2026-07-25,0,0
M054,2026-07-26,6,520621
M054,2026-07-27,0,0
M054,2026-07-28,2,203461
M054,2026-07-29,1,83778
M054,2026-07-30,5,430859
M054,2026-07-31,3,257318
M054,2026-08-01,6,568494
M054,2026-08-02,5,460780
M054,2026-08-03,2,137635
M054,2026-08-04,2,152974
M054,2026-08-05,8,721122
M054,2026-08-06,0,0
M054,2026-08-07,3,262226
M054,2026-08-08,0,0
M054,2026-08-09,0,0
M054,2026-08-10,0,0
M054,2026-08-11,5,422475
M054,2026-08-12,6,575441
M054,2026-08-13,0,0
M054,2026-08-14,6,502600
M054,2026-08-15,8,706554
M054,2026-08-16,6,517168
M054,2026-08-17,1,131113
M054,2026-08-18,8,721122
M054,2026-08-19,0,0
M054,2026-08-20,0,0
M054,2026-08-21,7,590009
M054,2026-08-22,0,0
M054,2026-08-23,0,0
M054,2026-08-24,2,182101
M054,2026-08-25,0,0
M054,2026-08-26,4,371487
M054,2026-08-27,0,0
M054,2026-08-28,0,0
M054,2026-08-29,4,393339
M054,2026-08-30,2,160249
M054,2026-08-31,6,539020
M057,2026-01-11,0,0
M057,2026-01-12,0,0
M057,2026-01-13,0,0
M057,2026-01-14,0,0
M057,2026-01-15,0,0
M057,2026-01-16,0,0
M057,2026-01-17,0,0
M057,2026-01-18,4,521052
M057,2026-01-19,5,186340
M057,2026-01-20,0,0
M057,2026-01-21,0,0
M057,2026-01-22,4,572892
M057,2026-01-23,3,195930
M057,2026-01-24,0,0
M057,2026-01-25,4,621376
M057,2026-01-26,3,193980
M057,2026-01-27,1,82599
M057,2026-01-28,0,0
M057,2026-01-29,10,701690
M057,2026-01-30,0,0
M057,2026-01-31,3,238233
M057,2026-02-01,0,0
M057,2026-02-02,0,0
M057,2026-02-03,2,134220
M057,2026-02-04,0,0
M057,2026-02-05,6,546822
M057,2026-02-06,0,0
M057,2026-02-07,5,412285
M057,2026-02-08,0,0
M057,2026-02-09,0,0
M057,2026-02-10,4,393120
M057,2026-02-11,5,483255
M057,2026-02-12,0,0
M057,2026-02-13,1,175196
M057,2026-02-14,2,262878
M057,2026-02-15,0,0
M057,2026-02-16,2,84572
M057,2026-02-17,0,0
M057,2026-02-18,0,0
M057,2026-02-19,2,314846
M057,2026-02-20,4,507468
M057,2026-02-21,0,0
M057,2026-02-22,0,0
M057,2026-02-23,3,126993
M057,2026-02-24,0,0
M057,2026-02-25,0,0
M057,2026-02-26,6,687384
M057,2026-02-27,0,0
M057,2026-02-28,4,465448
M057,2026-03-01,5,574185
M057,2026-03-02,0,0
M057,2026-03-03,0,0
M057,2026-03-04,0,0
M057,2026-03-05,5,218300
M057,2026-03-06,0,0
M057,2026-03-07,3,398811
M057,2026-03-08,4,575652
M057,2026-03-09,2,275992
M057,2026-03-10,0,0
M057,2026-03-11,7,615202
M057,2026-03-12,6,552222
M057,2026-03-13,0,0
M057,2026-03-14,0,0
M057,2026-03-15,0,0
M057,2026-03-16,1,115408
M057,2026-03-17,1,148025
M057,2026-03-18,5,444415
M057,2026-03-19,2,285414
M057,2026-03-20,6,1030560
M057,2026-03-21,3,200775
M057,2026-03-22,2,346642
M057,2026-03-23,7,1134637
M057,2026-03-24,0,0
M057,2026-03-25,0,0
M057,2026-03-26,4,713236
M057,2026-03-27,3,183954
M057,2026-03-28,0,0
M057,2026-03-29,0,0
M057,2026-03-30,9,717561
M057,2026-03-31,6,957444
M057,2026-04-01,0,0
M057,2026-04-02,0,0
M057,2026-04-03,7,1149309
M057,2026-04-04,3,118662
M057,2026-04-05,4,542036
M057,2026-04-06,4,394724
M057,2026-04-07,4,486740
M057,2026-04-08,5,446305
M057,2026-04-09,4,318456
M057,2026-04-10,4,471152
M057,2026-04-11,2,146516
M057,2026-04-12,0,0
M057,2026-04-13,6,775278
M057,2026-04-14,0,0
M057,2026-04-15,3,109899
M057,2026-04-16,2,208636
M057,2026-04-17,0,0
M057,2026-04-18,0,0
M057,2026-04-19,2,155506
M057,2026-04-20,0,0
M057,2026-04-21,5,685090
M057,2026-04-22,0,0
M057,2026-04-23,0,0
M057,2026-04-24,6,585294
M057,2026-04-25,5,247910
M057,2026-04-26,3,478749
M057,2026-04-27,0,0
M057,2026-04-28,3,486189
M057,2026-04-29,4,684624
M057,2026-04-30,0,0
M057,2026-05-01,0,0
M057,2026-05-02,3,305829
M057,2026-05-03,4,479624
M057,2026-05-04,6,1070502
M057,2026-05-05,0,0
M057,2026-05-06,0,0
M057,2026-05-07,4,210964
M057,2026-05-08,0,0
M057,2026-05-09,6,1007316
M057,2026-05-10,2,162966
M057,2026-05-11,4,224364
M057,2026-05-12,0,0
M057,2026-05-13,0,0
M057,2026-05-14,2,154148
M057,2026-05-15,0,0
M057,2026-05-16,6,952560
M057,2026-05-17,3,489177
M057,2026-05-18,6,1050606
M057,2026-05-19,0,0
M057,2026-05-20,1,79459
M057,2026-05-21,5,303850
M057,2026-05-22,3,160197
M057,2026-05-23,0,0
M057,2026-05-24,0,0
M057,2026-05-25,5,695525
M057,2026-05-26,4,321312
M057,2026-05-27,2,86148
M057,2026-05-28,0,0
M057,2026-05-29,3,398751
M057,2026-05-30,6,399456
M057,2026-05-31,3,536145
M057,2026-06-01,0,0
M057,2026-06-02,3,470238
M057,2026-06-03,5,533975
M057,2026-06-04,0,0
M057,2026-06-05,4,166116
M057,2026-06-06,0,0
M057,2026-06-07,2,111364
M057,2026-06-08,3,335424
M057,2026-06-09,4,687892
M057,2026-06-10,3,157383
M057,2026-06-11,3,297096
M057,2026-06-12,0,0
M057,2026-06-13,9,716193
M057,2026-06-14,3,187179
M057,2026-06-15,6,1043388
M057,2026-06-16,1,105945
M057,2026-06-17,1,63257
M057,2026-06-18,5,181125
M057,2026-06-19,0,0
M057,2026-06-20,4,206236
M057,2026-06-21,0,0
M057,2026-06-22,0,0
M057,2026-06-23,9,628020
M057,2026-06-24,0,0
M057,2026-06-25,6,313770
M057,2026-06-26,6,749028
M057,2026-06-27,0,0
M057,2026-06-28,3,512877
M057,2026-06-29,5,898310
M057,2026-06-30,0,0
M057,2026-07-01,3,248385
M057,2026-07-02,3,460128
M057,2026-07-03,0,0
M057,2026-07-04,2,303914
M057,2026-07-05,8,1100200
M057,2026-07-06,0,0
M057,2026-07-07,2,170127
M057,2026-07-08,5,443786
M057,2026-07-09,3,236686
M057,2026-07-10,0,0
M057,2026-07-11,8,702662
M057,2026-07-12,0,0
M057,2026-07-13,5,443786
M057,2026-07-14,2,207100
M057,2026-07-15,0,0
M057,2026-07-16,3,303254
M057,2026-07-17,3,266272
M057,2026-07-18,0,0
M057,2026-07-19,7,650887
M057,2026-07-20,0,0
M057,2026-07-21,0,0
M057,2026-07-22,0,0
M057,2026-07-23,3,236686
M057,2026-07-24,0,0
M057,2026-07-25,0,0
M057,2026-07-26,4,332840
M057,2026-07-27,1,110946
M057,2026-07-28,0,0
M057,2026-07-29,5,428994
M057,2026-07-30,1,29585
M057,2026-07-31,1,73964
M057,2026-08-01,2,214497
M057,2026-08-02,0,0
M057,2026-08-03,2,147928
M057,2026-08-04,0,0
M057,2026-08-05,0,0
M057,2026-08-06,1,10748
M057,2026-08-07,0,0
M057,2026-08-08,9,837748
M057,2026-08-09,0,0
M057,2026-08-10,0,0
M057,2026-08-11,4,322211
M057,2026-08-12,8,762566
M057,2026-08-13,5,418874
M057,2026-08-14,8,719604
M057,2026-08-15,3,236288
M057,2026-08-16,7,633681
M057,2026-08-17,1,32221
M057,2026-08-18,0,0
M057,2026-08-19,4,375912
M057,2026-08-20,0,0
M057,2026-08-21,2,204067
M057,2026-08-22,0,0
M057,2026-08-23,0,0
M057,2026-08-24,4,386653
M057,2026-08-25,0,0
M057,2026-08-26,3,247028
M057,2026-08-27,6,547758
M057,2026-08-28,8,719604
M057,2026-08-29,0,0
M057,2026-08-30,12,1074037
M057,2026-08-31,0,0
M061,2025-07-10,0,0
M061,2025-07-11,0,0
M061,2025-07-12,0,0
M061,2025-07-13,6,991800
M061,2025-07-14,0,0
M061,2025-07-15,0,0
M061,2025-07-16,0,0
M061,2025-07-17,4,709208
M061,2025-07-18,0,0
M061,2025-07-19,3,308100
M061,2025-07-20,5,269590
M061,2025-07-21,0,0
M061,2025-07-22,3,494997
M061,2025-07-23,0,0
M061,2025-07-24,7,1010506
M061,2025-07-25,0,0
M061,2025-07-26,4,700632
M061,2025-07-27,0,0
M061,2025-07-28,0,0
M061,2025-07-29,3,369927
M061,2025-07-30,2,229388
M061,2025-07-31,0,0
M061,2025-08-01,5,626165
M061,2025-08-02,0,0
M061,2025-08-03,0,0
M061,2025-08-04,4,638956
M061,2025-08-05,8,468192
M061,2025-08-06,0,0
M061,2025-08-07,4,426680
M061,2025-08-08,0,0
M061,2025-08-09,0,0
M061,2025-08-10,0,0
M061,2025-08-11,6,802308
M061,2025-08-12,0,0
M061,2025-08-13,0,0
M061,2025-08-14,4,248452
M061,2025-08-15,5,786420
M061,2025-08-16,0,0
M061,2025-08-17,3,180711
M061,2025-08-18,3,146178
M061,2025-08-19,1,128201
M061,2025-08-20,0,0
M061,2025-08-21,3,132816
M061,2025-08-22,0,0
M061,2025-08-23,2,358304
M061,2025-08-24,0,0
M061,2025-08-25,0,0
M061,2025-08-26,2,338012
M061,2025-08-27,0,0
M061,2025-08-28,8,1392240
M061,2025-08-29,3,295122
M061,2025-08-30,5,233770
M061,2025-08-31,6,646884
M061,2025-09-01,0,0
M061,2025-09-02,4,183920
M061,2025-09-03,7,924490
M061,2025-09-04,2,215742
M061,2025-09-05,4,174852
M061,2025-09-06,0,0
M061,2025-09-07,0,0
M061,2025-09-08,3,426462
M061,2025-09-09,0,0
M061,2025-09-10,2,358664
M061,2025-09-11,6,507270
M061,2025-09-12,0,0
M061,2025-09-13,7,496615
M061,2025-09-14,0,0
M061,2025-09-15,0,0
M061,2025-09-16,4,698100
M061,2025-09-17,1,87746
M061,2025-09-18,5,470915
M061,2025-09-19,8,1074208
M061,2025-09-20,2,339286
M061,2025-09-21,2,329484
M061,2025-09-22,4,506592
M061,2025-09-23,0,0
M061,2025-09-24,4,236544
M061,2025-09-25,0,0
M061,2025-09-26,0,0
M061,2025-09-27,7,269913
M061,2025-09-28,0,0
M061,2025-09-29,4,363592
M061,2025-09-30,5,728625
M061,2025-10-01,2,268268
M061,2025-10-02,8,1070504
M061,2025-10-03,0,0
M061,2025-10-04,6,785772
M061,2025-10-05,0,0
M061,2025-10-06,0,0
M061,2025-10-07,0,0
M061,2025-10-08,0,0
M061,2025-10-09,5,857955
M061,2025-10-10,6,495942
M061,2025-10-11,6,605388
M061,2025-10-12,0,0
M061,2025-10-13,4,247704
M061,2025-10-14,0,0
M061,2025-10-15,0,0
M061,2025-10-16,4,495476
M061,2025-10-17,3,258183
M061,2025-10-18,3,140556
M061,2025-10-19,0,0
M061,2025-10-20,5,264215
M061,2025-10-21,2,270090
M061,2025-10-22,0,0
M061,2025-10-23,4,495164
M061,2025-10-24,0,0
M061,2025-10-25,0,0
M061,2025-10-26,6,937392
M061,2025-10-27,0,0
M061,2025-10-28,7,994406
M061,2025-10-29,0,0
M061,2025-10-30,0,0
M061,2025-10-31,2,186730
M061,2025-11-01,2,99232
M061,2025-11-02,1,78985
M061,2025-11-03,5,633115
M061,2025-11-04,5,681185
M061,2025-11-05,3,384276
M061,2025-11-06,1,92783
M061,2025-11-07,0,0
M061,2025-11-08,0,0
M061,2025-11-09,0,0
M061,2025-11-10,0,0
M061,2025-11-11,0,0
M061,2025-11-12,0,0
M061,2025-11-13,0,0
M061,2025-11-14,3,536964
M061,2025-11-15,0,0
M061,2025-11-16,4,245468
M061,2025-11-17,2,81386
M061,2025-11-18,0,0
M061,2025-11-19,2,77118
M061,2025-11-20,2,344710
M061,2025-11-21,0,0
M061,2025-11-22,1,58652
M061,2025-11-23,4,379688
M061,2025-11-24,4,232984
M061,2025-11-25,6,445014
M061,2025-11-26,3,451341
M061,2025-11-27,0,0
M061,2025-11-28,0,0
M061,2025-11-29,0,0
M061,2025-11-30,0,0
M061,2025-12-01,0,0
M061,2025-12-02,8,774400
M061,2025-12-03,6,961350
M061,2025-12-04,4,502380
M061,2025-12-05,0,0
M061,2025-12-06,0,0
M061,2025-12-07,1,37404
M061,2025-12-08,0,0
M061,2025-12-09,2,96326
M061,2025-12-10,0,0
M061,2025-12-11,4,354876
M061,2025-12-12,2,208706
M061,2025-12-13,1,156457
M061,2025-12-14,5,566780
M061,2025-12-15,0,0
M061,2025-12-16,0,0
M061,2025-12-17,4,357228
M061,2025-12-18,5,852620
M061,2025-12-19,3,309951
M061,2025-12-20,7,888342
M061,2025-12-21,0,0
M061,2025-12-22,5,501685
M061,2025-12-23,4,177100
M061,2025-12-24,2,249876
M061,2025-12-25,0,0
M061,2025-12-26,4,346064
M061,2025-12-27,3,332376
M061,2025-12-28,0,0
M061,2025-12-29,0,0
M061,2025-12-30,0,0
M061,2025-12-31,5,716605
M061,2026-01-01,4,166504
M061,2026-01-02,2,133328
M061,2026-01-03,6,419760
M061,2026-01-04,2,110788
M061,2026-01-05,0,0
M061,2026-01-06,2,212112
M061,2026-01-07,0,0
M061,2026-01-08,0,0
M061,2026-01-09,0,0
M061,2026-01-10,2,274856
M061,2026-01-11,0,0
M061,2026-01-12,0,0
M061,2026-01-13,2,111706
M061,2026-01-14,8,740656
M061,2026-01-15,0,0
M061,2026-01-16,0,0
M061,2026-01-17,1,137601
M061,2026-01-18,3,499782
M061,2026-01-19,5,573590
M061,2026-01-20,0,0
M061,2026-01-21,0,0
M061,2026-01-22,8,1060624
M061,2026-01-23,0,0
M061,2026-01-24,5,502900
M061,2026-01-25,6,721914
M061,2026-01-26,1,140837
M061,2026-01-27,7,874874
M061,2026-01-28,6,910656
M061,2026-01-29,0,0
M061,2026-01-30,0,0
M061,2026-01-31,2,271264
M061,2026-02-01,5,231090
M061,2026-02-02,1,174291
M061,2026-02-03,3,479034
M061,2026-02-04,5,372845
M061,2026-02-05,0,0
M061,2026-02-06,0,0
M061,2026-02-07,4,568720
M061,2026-02-08,2,293614
M061,2026-02-09,2,75460
M061,2026-02-10,1,141617
M061,2026-02-11,0,0
M061,2026-02-12,0,0
M061,2026-02-13,3,209802
M061,2026-02-14,4,224064
M061,2026-02-15,0,0
M061,2026-02-16,5,619430
M061,2026-02-17,2,252704
M061,2026-02-18,0,0
M061,2026-02-19,3,289830
M061,2026-02-20,0,0
M061,2026-02-21,3,309609
M061,2026-02-22,4,636124
M061,2026-02-23,0,0
M061,2026-02-24,1,88374
M061,2026-02-25,0,0
M061,2026-02-26,2,186108
M061,2026-02-27,9,1362024
M061,2026-02-28,1,167192
M061,2026-03-01,4,705856
M061,2026-03-02,6,649440
M061,2026-03-03,4,252416
M061,2026-03-04,1,163890
M061,2026-03-05,5,474340
M061,2026-03-06,3,436233
M061,2026-03-07,5,866065
M061,2026-03-08,2,136838
M061,2026-03-09,4,719136
M061,2026-03-10,4,513236
M061,2026-03-11,0,0
M061,2026-03-12,0,0
M061,2026-03-13,0,0
M061,2026-03-14,2,251292
M061,2026-03-15,2,234100
M061,2026-03-16,3,467109
M061,2026-03-17,0,0
M061,2026-03-18,2,139100
M061,2026-03-19,5,491695
M061,2026-03-20,6,231786
M061,2026-03-21,6,417558
M061,2026-03-22,3,392784
M061,2026-03-23,0,0
M061,2026-03-24,2,256350
M061,2026-03-25,0,0
M061,2026-03-26,5,199670
M061,2026-03-27,4,389308
M061,2026-03-28,4,227680
M061,2026-03-29,5,844590
M061,2026-03-30,3,137109
M061,2026-03-31,3,327381
M061,2026-04-01,3,407142
M061,2026-04-02,5,869050
M061,2026-04-03,3,523950
M061,2026-04-04,8,1282832
M061,2026-04-05,8,351792
M061,2026-04-06,7,540064
M061,2026-04-07,0,0
M061,2026-04-08,1,62557
M061,2026-04-09,0,0
M061,2026-04-10,5,713425
M061,2026-04-11,0,0
M061,2026-04-12,0,0
M061,2026-04-13,0,0
M061,2026-04-14,0,0
M061,2026-04-15,1,57583
M061,2026-04-16,0,0
M061,2026-04-17,4,495400
M061,2026-04-18,5,633850
M061,2026-04-19,5,417705
M061,2026-04-20,0,0
M061,2026-04-21,4,225856
M061,2026-04-22,0,0
M061,2026-04-23,1,162098
M061,2026-04-24,1,143544
M061,2026-04-25,0,0
M061,2026-04-26,4,661700
M061,2026-04-27,2,293028
M061,2026-04-28,2,141600
M061,2026-04-29,0,0
M061,2026-04-30,0,0
M061,2026-05-01,5,316535
M061,2026-05-02,3,172032
M061,2026-05-03,4,707360
M061,2026-05-04,0,0
M061,2026-05-05,0,0
M061,2026-05-06,6,598986
M061,2026-05-07,2,309810
M061,2026-05-08,0,0
M061,2026-05-09,6,238818
M061,2026-05-10,0,0
M061,2026-05-11,5,561715
M061,2026-05-12,4,531824
M061,2026-05-13,6,352452
M061,2026-05-14,0,0
M061,2026-05-15,8,929208
M061,2026-05-16,0,0
M061,2026-05-17,0,0
M061,2026-05-18,0,0
M061,2026-05-19,0,0
M061,2026-05-20,5,377685
M061,2026-05-21,0,0
M061,2026-05-22,8,807456
M061,2026-05-23,3,393261
M061,2026-05-24,3,470238
M061,2026-05-25,8,683232
M061,2026-05-26,5,858640
M061,2026-05-27,0,0
M061,2026-05-28,5,394180
M061,2026-05-29,3,203262
M061,2026-05-30,0,0
M061,2026-05-31,2,165260
M061,2026-06-01,3,465135
M061,2026-06-02,3,163707
M061,2026-06-03,1,73502
M061,2026-06-04,0,0
M061,2026-06-05,0,0
M061,2026-06-06,9,948519
M061,2026-06-07,5,431075
M061,2026-06-08,6,866958
M061,2026-06-09,2,334278
M061,2026-06-10,7,683438
M061,2026-06-11,3,417894
M061,2026-06-12,3,457965
M061,2026-06-13,0,0
M061,2026-06-14,6,224478
M061,2026-06-15,0,0
M061,2026-06-16,5,419470
M061,2026-06-17,3,298914
M061,2026-06-18,6,469644
M061,2026-06-19,3,172200
M061,2026-06-20,0,0
M061,2026-06-21,6,951684
M061,2026-06-22,5,415275
M061,2026-06-23,0,0
M061,2026-06-24,2,153300
M061,2026-06-25,0,0
M061,2026-06-26,9,1016055
M061,2026-06-27,1,39712
M061,2026-06-28,0,0
M061,2026-06-29,1,122590
M061,2026-06-30,4,569420
M061,2026-07-01,5,749520
M061,2026-07-02,0,0
M061,2026-07-03,5,177840
M061,2026-07-04,0,0
M061,2026-07-05,0,0
M061,2026-07-06,0,0
M061,2026-07-07,0,0
M061,2026-07-08,0,0
M061,2026-07-09,0,0
M061,2026-07-10,0,0
M061,2026-07-11,0,0
M061,2026-07-12,0,0
M061,2026-07-13,0,0
M061,2026-07-14,0,0
M061,2026-07-15,5,470306
M061,2026-07-16,5,470298
M061,2026-07-17,0,0
M061,2026-07-18,5,481769
M061,2026-07-19,0,0
M061,2026-07-20,11,997951
M061,2026-07-21,3,298238
M061,2026-07-22,3,240884
M061,2026-07-23,0,0
M061,2026-07-24,12,1078246
M061,2026-07-25,12,1101187
M061,2026-07-26,9,814420
M061,2026-07-27,6,562064
M061,2026-07-28,0,0
M061,2026-07-29,0,0
M061,2026-07-30,11,1009422
M061,2026-07-31,9,825890
M061,2026-08-01,7,585005
M061,2026-08-02,5,470298
M061,2026-08-03,0,0
M061,2026-08-04,11,970125
M061,2026-08-05,11,1006046
M061,2026-08-06,0,0
M061,2026-08-07,8,718604
M061,2026-08-08,9,814418
M061,2026-08-09,0,0
M061,2026-08-10,0,0
M061,2026-08-11,0,0
M061,2026-08-12,7,622790
M061,2026-08-13,0,0
M061,2026-08-14,4,347325
M061,2026-08-15,0,0
M061,2026-08-16,0,0
M061,2026-08-17,2,179651
M061,2026-08-18,13,1149767
M061,2026-08-19,5,407209
M061,2026-08-20,8,706627
M061,2026-08-21,10,910232
M061,2026-08-22,0,0
M061,2026-08-23,13,1197674
M061,2026-08-24,2,191627
M061,2026-08-25,0,0
M061,2026-08-26,5,431162
M061,2026-08-27,0,0
M061,2026-08-28,0,0
M061,2026-08-29,7,610813
M061,2026-08-30,0,0
M061,2026-08-31,1,35930
M062,2026-08-19,0,0
M062,2026-08-20,4,492108
M062,2026-08-21,3,317532
M062,2026-08-22,5,775615
M062,2026-08-23,2,184982
M062,2026-08-24,5,575450
M062,2026-08-25,4,598056
M062,2026-08-26,0,0
M062,2026-08-27,3,179157
M062,2026-08-28,9,1026576
M062,2026-08-29,6,853308
M062,2026-08-30,4,663800
M062,2026-08-31,0,0
M063,2026-03-09,0,0
M063,2026-03-10,9,669672
M063,2026-03-11,6,1310286
M063,2026-03-12,6,1267716
M063,2026-03-13,0,0
M063,2026-03-14,0,0
M063,2026-03-15,0,0
M063,2026-03-16,3,491484
M063,2026-03-17,12,2777988
M063,2026-03-18,0,0
M063,2026-03-19,8,1461584
M063,2026-03-20,5,420595
M063,2026-03-21,0,0
M063,2026-03-22,9,2269152
M063,2026-03-23,10,910540
M063,2026-03-24,3,562362
M063,2026-03-25,9,2076867
M063,2026-03-26,0,0
M063,2026-03-27,10,909040
M063,2026-03-28,8,761992
M063,2026-03-29,12,1620396
M063,2026-03-30,0,0
M063,2026-03-31,6,727686
M063,2026-04-01,9,1910376
M063,2026-04-02,8,636200
M063,2026-04-03,4,331364
M063,2026-04-04,9,2254878
M063,2026-04-05,10,2374500
M063,2026-04-06,9,754056
M063,2026-04-07,9,1330182
M063,2026-04-08,10,767210
M063,2026-04-09,0,0
M063,2026-04-10,9,1951740
M063,2026-04-11,6,805248
M063,2026-04-12,5,1065205
M063,2026-04-13,8,1588856
M063,2026-04-14,10,2306380
M063,2026-04-15,10,1181540
M063,2026-04-16,10,1084330
M063,2026-04-17,12,2900796
M063,2026-04-18,7,534779
M063,2026-04-19,0,0
M063,2026-04-20,10,2376280
M063,2026-04-21,7,1531474
M063,2026-04-22,8,819600
M063,2026-04-23,8,1957960
M063,2026-04-24,9,1631043
M063,2026-04-25,5,890480
M063,2026-04-26,8,582080
M063,2026-04-27,0,0
M063,2026-04-28,9,2246292
M063,2026-04-29,0,0
M063,2026-04-30,10,1694490
M063,2026-05-01,10,2405610
M063,2026-05-02,4,344484
M063,2026-05-03,0,0
M063,2026-05-04,0,0
M063,2026-05-05,4,837108
M063,2026-05-06,0,0
M063,2026-05-07,11,1351801
M063,2026-05-08,0,0
M063,2026-05-09,9,1233648
M063,2026-05-10,9,1290384
M063,2026-05-11,8,909544
M063,2026-05-12,0,0
M063,2026-05-13,9,1516608
M063,2026-05-14,0,0
M063,2026-05-15,6,710898
M063,2026-05-16,7,1481991
M063,2026-05-17,0,0
M063,2026-05-18,8,1595136
M063,2026-05-19,0,0
M063,2026-05-20,0,0
M063,2026-05-21,8,838344
M063,2026-05-22,8,1017248
M063,2026-05-23,2,452476
M063,2026-05-24,0,0
M063,2026-05-25,0,0
M063,2026-05-26,3,486138
M063,2026-05-27,0,0
M063,2026-05-28,7,1286341
M063,2026-05-29,0,0
M063,2026-05-30,11,1412554
M063,2026-05-31,8,614152
M063,2026-06-01,15,3261975
M063,2026-06-02,5,687610
M063,2026-06-03,8,2031896
M063,2026-06-04,3,374970
M063,2026-06-05,9,1467990
M063,2026-06-06,0,0
M063,2026-06-07,7,1664131
M063,2026-06-08,5,636915
M063,2026-06-09,12,2172900
M063,2026-06-10,0,0
M063,2026-06-11,8,1248128
M063,2026-06-12,2,299238
M063,2026-06-13,8,1358784
M063,2026-06-14,9,920331
M063,2026-06-15,8,572272
M063,2026-06-16,6,670284
M063,2026-06-17,4,568648
M063,2026-06-18,0,0
M063,2026-06-19,8,1073560
M063,2026-06-20,4,765864
M063,2026-06-21,8,1771240
M063,2026-06-22,11,2421771
M063,2026-06-23,0,0
M063,2026-06-24,8,1692864
M063,2026-06-25,4,684620
M063,2026-06-26,2,457616
M063,2026-06-27,4,793912
M063,2026-06-28,8,852928
M063,2026-06-29,0,0
M063,2026-06-30,5,947485
M063,2026-07-01,9,1144773
M063,2026-07-02,9,1954242
M063,2026-07-03,8,594480
M063,2026-07-04,0,0
M063,2026-07-05,8,1907376
M063,2026-07-06,9,2046339
M063,2026-07-07,1,30367
M063,2026-07-08,16,2398242
M063,2026-07-09,10,1457160
M063,2026-07-10,7,1001797
M063,2026-07-11,0,0
M063,2026-07-12,6,941082
M063,2026-07-13,3,394647
M063,2026-07-14,0,0
M063,2026-07-15,0,0
M063,2026-07-16,7,1062512
M063,2026-07-17,12,1851807
M063,2026-07-18,8,1214300
M063,2026-07-19,13,2003595
M063,2026-07-20,0,0
M063,2026-07-21,6,941082
M063,2026-07-22,17,2550030
M063,2026-07-23,4,637507
M063,2026-07-24,3,455362
M063,2026-07-25,0,0
M063,2026-07-26,10,1457160
M063,2026-07-27,9,1305372
M063,2026-07-28,7,1001797
M063,2026-07-29,0,0
M063,2026-07-30,1,121430
M063,2026-07-31,0,0
M063,2026-08-01,14,2064310
M063,2026-08-02,10,1487517
M063,2026-08-03,16,2367885
M063,2026-08-04,0,0
M063,2026-08-05,12,1873407
M063,2026-08-06,17,2587066
M063,2026-08-07,0,0
M063,2026-08-08,8,1189455
M063,2026-08-09,18,2735748
M063,2026-08-10,9,1308401
M063,2026-08-11,12,1843656
M063,2026-08-12,14,2051811
M063,2026-08-13,8,1129983
M063,2026-08-14,0,0
M063,2026-08-15,4,594727
M063,2026-08-16,13,1932865
M063,2026-08-17,17,2497857
M063,2026-08-18,8,1219192
M063,2026-08-19,3,475782
M063,2026-08-20,15,2230229
M063,2026-08-21,19,2854694
M063,2026-08-22,10,1546292
M063,2026-08-23,3,475782
M063,2026-08-24,0,0
M063,2026-08-25,5,713673
M063,2026-08-26,1,148681
M063,2026-08-27,9,1338137
M063,2026-08-28,18,2706012
M063,2026-08-29,8,1129983
M063,2026-08-30,18,2676275
M063,2026-08-31,10,1546292
M064,2025-08-15,0,0
M064,2025-08-16,0,0
M064,2025-08-17,0,0
M064,2025-08-18,0,0
M064,2025-08-19,5,225890
M064,2025-08-20,1,167217
M064,2025-08-21,0,0
M064,2025-08-22,5,697000
M064,2025-08-23,0,0
M064,2025-08-24,5,386995
M064,2025-08-25,0,0
M064,2025-08-26,6,378882
M064,2025-08-27,3,482337
M064,2025-08-28,0,0
M064,2025-08-29,6,243564
M064,2025-08-30,0,0
M064,2025-08-31,0,0
M064,2025-09-01,4,538468
M064,2025-09-02,5,662655
M064,2025-09-03,2,121876
M064,2025-09-04,4,556520
M064,2025-09-05,2,108104
M064,2025-09-06,0,0
M064,2025-09-07,4,476956
M064,2025-09-08,0,0
M064,2025-09-09,1,42423
M064,2025-09-10,0,0
M064,2025-09-11,0,0
M064,2025-09-12,7,856373
M064,2025-09-13,3,377817
M064,2025-09-14,4,305472
M064,2025-09-15,2,189674
M064,2025-09-16,3,112482
M064,2025-09-17,0,0
M064,2025-09-18,4,715712
M064,2025-09-19,0,0
M064,2025-09-20,0,0
M064,2025-09-21,1,113926
M064,2025-09-22,3,295248
M064,2025-09-23,0,0
M064,2025-09-24,5,800310
M064,2025-09-25,0,0
M064,2025-09-26,0,0
M064,2025-09-27,1,105811
M064,2025-09-28,0,0
M064,2025-09-29,3,539304
M064,2025-09-30,0,0
M064,2025-10-01,7,1067423
M064,2025-10-02,3,351879
M064,2025-10-03,8,876096
M064,2025-10-04,3,215610
M064,2025-10-05,4,419756
M064,2025-10-06,1,112896
M064,2025-10-07,4,210396
M064,2025-10-08,1,41957
M064,2025-10-09,0,0
M064,2025-10-10,3,273522
M064,2025-10-11,0,0
M064,2025-10-12,3,313389
M064,2025-10-13,2,211016
M064,2025-10-14,0,0
M064,2025-10-15,2,220390
M064,2025-10-16,8,1325608
M064,2025-10-17,0,0
M064,2025-10-18,5,783100
M064,2025-10-19,0,0
M064,2025-10-20,3,480924
M064,2025-10-21,3,267492
M064,2025-10-22,0,0
M064,2025-10-23,3,210624
M064,2025-10-24,0,0
M064,2025-10-25,0,0
M064,2025-10-26,3,348258
M064,2025-10-27,0,0
M064,2025-10-28,2,79760
M064,2025-10-29,5,295025
M064,2025-10-30,0,0
M064,2025-10-31,0,0
M064,2025-11-01,0,0
M064,2025-11-02,2,338572
M064,2025-11-03,1,94905
M064,2025-11-04,0,0
M064,2025-11-05,6,211164
M064,2025-11-06,6,240834
M064,2025-11-07,10,1717790
M064,2025-11-08,3,494640
M064,2025-11-09,0,0
M064,2025-11-10,1,82807
M064,2025-11-11,0,0
M064,2025-11-12,0,0
M064,2025-11-13,8,963720
M064,2025-11-14,0,0
M064,2025-11-15,6,704940
M064,2025-11-16,0,0
M064,2025-11-17,0,0
M064,2025-11-18,5,342680
M064,2025-11-19,0,0
M064,2025-11-20,0,0
M064,2025-11-21,5,607955
M064,2025-11-22,0,0
M064,2025-11-23,0,0
M064,2025-11-24,0,0
M064,2025-11-25,4,513320
M064,2025-11-26,8,786952
M064,2025-11-27,0,0
M064,2025-11-28,7,1090229
M064,2025-11-29,3,314238
M064,2025-11-30,6,533658
M064,2025-12-01,5,607040
M064,2025-12-02,5,239865
M064,2025-12-03,0,0
M064,2025-12-04,0,0
M064,2025-12-05,0,0
M064,2025-12-06,0,0
M064,2025-12-07,0,0
M064,2025-12-08,0,0
M064,2025-12-09,0,0
M064,2025-12-10,0,0
M064,2025-12-11,0,0
M064,2025-12-12,4,360248
M064,2025-12-13,0,0
M064,2025-12-14,8,1027672
M064,2025-12-15,0,0
M064,2025-12-16,4,609808
M064,2025-12-17,0,0
M064,2025-12-18,0,0
M064,2025-12-19,0,0
M064,2025-12-20,3,170358
M064,2025-12-21,0,0
M064,2025-12-22,0,0
M064,2025-12-23,0,0
M064,2025-12-24,1,147086
M064,2025-12-25,5,459120
M064,2025-12-26,2,185908
M064,2025-12-27,5,422745
M064,2025-12-28,4,334440
M064,2025-12-29,4,374124
M064,2025-12-30,0,0
M064,2025-12-31,0,0
M064,2026-01-01,0,0
M064,2026-01-02,6,566718
M064,2026-01-03,3,258576
M064,2026-01-04,3,418362
M064,2026-01-05,0,0
M064,2026-01-06,0,0
M064,2026-01-07,5,571545
M064,2026-01-08,7,1117368
M064,2026-01-09,0,0
M064,2026-01-10,3,235818
M064,2026-01-11,1,117705
M064,2026-01-12,4,508676
M064,2026-01-13,2,215674
M064,2026-01-14,0,0
M064,2026-01-15,5,749675
M064,2026-01-16,0,0
M064,2026-01-17,4,371044
M064,2026-01-18,2,75558
M064,2026-01-19,0,0
M064,2026-01-20,0,0
M064,2026-01-21,3,528321
M064,2026-01-22,0,0
M064,2026-01-23,5,282725
M064,2026-01-24,0,0
M064,2026-01-25,6,556086
M064,2026-01-26,0,0
M064,2026-01-27,3,423333
M064,2026-01-28,1,43639
M064,2026-01-29,2,312164
M064,2026-01-30,4,678228
M064,2026-01-31,0,0
M064,2026-02-01,5,491315
M064,2026-02-02,7,489965
M064,2026-02-03,0,0
M064,2026-02-04,1,35863
M064,2026-02-05,0,0
M064,2026-02-06,4,189112
M064,2026-02-07,3,115110
M064,2026-02-08,3,248004
M064,2026-02-09,0,0
M064,2026-02-10,10,887100
M064,2026-02-11,5,535135
M064,2026-02-12,1,133740
M064,2026-02-13,4,181436
M064,2026-02-14,2,319618
M064,2026-02-15,0,0
M064,2026-02-16,4,247056
M064,2026-02-17,3,276120
M064,2026-02-18,0,0
M064,2026-02-19,0,0
M064,2026-02-20,3,418881
M064,2026-02-21,0,0
M064,2026-02-22,0,0
M064,2026-02-23,5,740670
M064,2026-02-24,4,244936
M064,2026-02-25,3,131706
M064,2026-02-26,5,466420
M064,2026-02-27,0,0
M064,2026-02-28,3,218547
M064,2026-03-01,0,0
M064,2026-03-02,0,0
M064,2026-03-03,2,71242
M064,2026-03-04,2,95052
M064,2026-03-05,0,0
M064,2026-03-06,2,232986
M064,2026-03-07,2,119364
M064,2026-03-08,7,462462
M064,2026-03-09,5,237065
M064,2026-03-10,0,0
M064,2026-03-11,4,276872
M064,2026-03-12,0,0
M064,2026-03-13,3,165714
M064,2026-03-14,0,0
M064,2026-03-15,0,0
M064,2026-03-16,3,164337
M064,2026-03-17,0,0
M064,2026-03-18,7,1106833
M064,2026-03-19,4,352456
M064,2026-03-20,3,192828
M064,2026-03-21,7,638883
M064,2026-03-22,0,0
M064,2026-03-23,5,656585
M064,2026-03-24,4,313036
M064,2026-03-25,2,355570
M064,2026-03-26,0,0
M064,2026-03-27,4,528940
M064,2026-03-28,1,114807
M064,2026-03-29,6,472380
M064,2026-03-30,0,0
M064,2026-03-31,2,262620
M064,2026-04-01,5,658405
M064,2026-04-02,5,831200
M064,2026-04-03,0,0
M064,2026-04-04,0,0
M064,2026-04-05,5,253700
M064,2026-04-06,4,638108
M064,2026-04-07,0,0
M064,2026-04-08,3,249963
M064,2026-04-09,0,0
M064,2026-04-10,4,291400
M064,2026-04-11,8,673224
M064,2026-04-12,2,158022
M064,2026-04-13,0,0
M064,2026-04-14,6,704616
M064,2026-04-15,6,271530
M064,2026-04-16,4,350436
M064,2026-04-17,0,0
M064,2026-04-18,6,499890
M064,2026-04-19,0,0
M064,2026-04-20,5,706820
M064,2026-04-21,4,299712
M064,2026-04-22,3,492951
M064,2026-04-23,0,0
M064,2026-04-24,7,1186290
M064,2026-04-25,3,472329
M064,2026-04-26,0,0
M064,2026-04-27,4,152136
M064,2026-04-28,5,555720
M064,2026-04-29,0,0
M064,2026-04-30,10,1316450
M064,2026-05-01,5,423165
M064,2026-05-02,2,293186
M064,2026-05-03,3,512202
M064,2026-05-04,3,276906
M064,2026-05-05,0,0
M064,2026-05-06,9,543303
M064,2026-05-07,2,122440
M064,2026-05-08,2,289610
M064,2026-05-09,2,325496
M064,2026-05-10,0,0
M064,2026-05-11,4,669828
M064,2026-05-12,1,49210
M064,2026-05-13,0,0
M064,2026-05-14,0,0
M064,2026-05-15,0,0
M064,2026-05-16,1,171913
M064,2026-05-17,0,0
M064,2026-05-18,7,638715
M064,2026-05-19,0,0
M064,2026-05-20,5,801185
M064,2026-05-21,1,62859
M064,2026-05-22,0,0
M064,2026-05-23,3,141402
M064,2026-05-24,2,357404
M064,2026-05-25,4,144796
M064,2026-05-26,3,536853
M064,2026-05-27,4,457876
M064,2026-05-28,0,0
M064,2026-05-29,6,474420
M064,2026-05-30,5,386150
M064,2026-05-31,0,0
M064,2026-06-01,0,0
M064,2026-06-02,6,497118
M064,2026-06-03,0,0
M064,2026-06-04,0,0
M064,2026-06-05,0,0
M064,2026-06-06,0,0
M064,2026-06-07,0,0
M064,2026-06-08,4,218872
M064,2026-06-09,3,225312
M064,2026-06-10,0,0
M064,2026-06-11,0,0
M064,2026-06-12,2,193798
M064,2026-06-13,5,324120
M064,2026-06-14,5,268290
M064,2026-06-15,3,349260
M064,2026-06-16,5,425645
M064,2026-06-17,0,0
M064,2026-06-18,0,0
M064,2026-06-19,3,132522
M064,2026-06-20,1,171902
M064,2026-06-21,0,0
M064,2026-06-22,9,1020924
M064,2026-06-23,6,1078140
M064,2026-06-24,4,237164
M064,2026-06-25,0,0
M064,2026-06-26,0,0
M064,2026-06-27,4,329752
M064,2026-06-28,0,0
M064,2026-06-29,0,0
M064,2026-06-30,0,0
M064,2026-07-01,2,157894
M064,2026-07-02,0,0
M064,2026-07-03,0,0
M064,2026-07-04,5,531840
M064,2026-07-05,7,827204
M064,2026-07-06,3,471036
M064,2026-07-07,1,124177
M064,2026-07-08,5,487817
M064,2026-07-09,0,0
M064,2026-07-10,0,0
M064,2026-07-11,0,0
M064,2026-07-12,0,0
M064,2026-07-13,2,212865
M064,2026-07-14,0,0
M064,2026-07-15,6,532164
M064,2026-07-16,6,558772
M064,2026-07-17,1,35477
M064,2026-07-18,8,753899
M064,2026-07-19,2,159649
M064,2026-07-20,5,470078
M064,2026-07-21,4,399123
M064,2026-07-22,0,0
M064,2026-07-23,2,150779
M064,2026-07-24,7,647466
M064,2026-07-25,7,585380
M064,2026-07-26,4,354776
M064,2026-07-27,9,842593
M064,2026-07-28,1,88694
M064,2026-07-29,7,620858
M064,2026-07-30,8,727290
M064,2026-07-31,8,691813
M064,2026-08-01,0,0
M064,2026-08-02,0,0
M064,2026-08-03,1,88694
M064,2026-08-04,11,945337
M064,2026-08-05,2,201669
M064,2026-08-06,6,504174
M064,2026-08-07,12,1046162
M064,2026-08-08,1,88230
M064,2026-08-09,8,731053
M064,2026-08-10,13,1146997
M064,2026-08-11,0,0
M064,2026-08-12,5,415944
M064,2026-08-13,13,1146997
M064,2026-08-14,0,0
M064,2026-08-15,0,0
M064,2026-08-16,0,0
M064,2026-08-17,10,882305
M064,2026-08-18,1,37813
M064,2026-08-19,1,100834
M064,2026-08-20,4,340317
M064,2026-08-21,0,0
M064,2026-08-22,3,226878
M064,2026-08-23,0,0
M064,2026-08-24,0,0
M064,2026-08-25,0,0
M064,2026-08-26,3,252087
M064,2026-08-27,2,201669
M064,2026-08-28,3,226878
M064,2026-08-29,6,541987
M064,2026-08-30,0,0
M064,2026-08-31,2,201669
M069,2025-07-16,0,0
M069,2025-07-17,0,0
M069,2025-07-18,0,0
M069,2025-07-19,0,0
M069,2025-07-20,0,0
M069,2025-07-21,4,651228
M069,2025-07-22,6,430842
M069,2025-07-23,0,0
M069,2025-07-24,4,387960
M069,2025-07-25,0,0
M069,2025-07-26,8,1598120
M069,2025-07-27,0,0
M069,2025-07-28,6,1000836
M069,2025-07-29,7,611478
M069,2025-07-30,12,1113768
M069,2025-07-31,10,1175600
M069,2025-08-01,8,1023064
M069,2025-08-02,0,0
M069,2025-08-03,9,1759194
M069,2025-08-04,6,1424160
M069,2025-08-05,7,1779358
M069,2025-08-06,8,845192
M069,2025-08-07,10,2227100
M069,2025-08-08,10,1529650
M069,2025-08-09,9,2018727
M069,2025-08-10,12,1727028
M069,2025-08-11,4,604852
M069,2025-08-12,0,0
M069,2025-08-13,0,0
M069,2025-08-14,3,541566
M069,2025-08-15,6,430002
M069,2025-08-16,0,0
M069,2025-08-17,8,1727784
M069,2025-08-18,10,2517830
M069,2025-08-19,8,629256
M069,2025-08-20,10,2452650
M069,2025-08-21,0,0
M069,2025-08-22,0,0
M069,2025-08-23,0,0
M069,2025-08-24,8,1510088
M069,2025-08-25,9,1766772
M069,2025-08-26,11,850872
M069,2025-08-27,5,479940
M069,2025-08-28,8,1195792
M069,2025-08-29,10,1832890
M069,2025-08-30,7,1425431
M069,2025-08-31,7,1206198
M069,2025-09-01,6,808824
M069,2025-09-02,8,1020616
M069,2025-09-03,8,1983968
M069,2025-09-04,9,2278800
M069,2025-09-05,9,752751
M069,2025-09-06,12,2338932
M069,2025-09-07,15,3487455
M069,2025-09-08,8,1368312
M069,2025-09-09,0,0
M069,2025-09-10,9,1019718
M069,2025-09-11,8,1822296
M069,2025-09-12,0,0
M069,2025-09-13,0,0
M069,2025-09-14,6,483870
M069,2025-09-15,0,0
M069,2025-09-16,8,648360
M069,2025-09-17,4,612600
M069,2025-09-18,0,0
M069,2025-09-19,0,0
M069,2025-09-20,7,1471183
M069,2025-09-21,10,1205400
M069,2025-09-22,9,2182311
M069,2025-09-23,10,1587280
M069,2025-09-24,6,430320
M069,2025-09-25,8,1795208
M069,2025-09-26,0,0
M069,2025-09-27,7,1498448
M069,2025-09-28,0,0
M069,2025-09-29,0,0
M069,2025-09-30,10,1784600
M069,2025-10-01,11,985963
M069,2025-10-02,10,1753930
M069,2025-10-03,8,1027616
M069,2025-10-04,0,0
M069,2025-10-05,9,1635552
M069,2025-10-06,0,0
M069,2025-10-07,9,1823382
M069,2025-10-08,9,1068012
M069,2025-10-09,0,0
M069,2025-10-10,5,465950
M069,2025-10-11,6,1525068
M069,2025-10-12,4,822100
M069,2025-10-13,5,623365
M069,2025-10-14,11,2826912
M069,2025-10-15,0,0
M069,2025-10-16,4,718456
M069,2025-10-17,0,0
M069,2025-10-18,0,0
M069,2025-10-19,0,0
M069,2025-10-20,0,0
M069,2025-10-21,5,891880
M069,2025-10-22,0,0
M069,2025-10-23,4,578792
M069,2025-10-24,13,1503944
M069,2025-10-25,8,1952576
M069,2025-10-26,0,0
M069,2025-10-27,9,1220040
M069,2025-10-28,7,1658727
M069,2025-10-29,14,2395330
M069,2025-10-30,9,1827198
M069,2025-10-31,12,2680872
M069,2025-11-01,6,843456
M069,2025-11-02,5,869535
M069,2025-11-03,9,654183
M069,2025-11-04,5,968295
M069,2025-11-05,10,749340
M069,2025-11-06,0,0
M069,2025-11-07,7,1467235
M069,2025-11-08,14,2598638
M069,2025-11-09,8,1240984
M069,2025-11-10,0,0
M069,2025-11-11,0,0
M069,2025-11-12,9,994095
M069,2025-11-13,6,1058160
M069,2025-11-14,8,2010648
M069,2025-11-15,10,1449070
M069,2025-11-16,0,0
M069,2025-11-17,7,749063
M069,2025-11-18,9,2093697
M069,2025-11-19,10,1811280
M069,2025-11-20,0,0
M069,2025-11-21,5,750855
M069,2025-11-22,12,2451084
M069,2025-11-23,12,1981608
M069,2025-11-24,12,2605644
M069,2025-11-25,11,845130
M069,2025-11-26,10,1558910
M069,2025-11-27,5,1081995
M069,2025-11-28,10,2417650
M069,2025-11-29,8,1682432
M069,2025-11-30,0,0
M069,2025-12-01,8,1829616
M069,2025-12-02,8,1577344
M069,2025-12-03,11,2057011
M069,2025-12-04,9,981612
M069,2025-12-05,0,0
M069,2025-12-06,6,1034382
M069,2025-12-07,0,0
M069,2025-12-08,12,2418432
M069,2025-12-09,9,1637370
M069,2025-12-10,13,3282526
M069,2025-12-11,0,0
M069,2025-12-12,8,958512
M069,2025-12-13,0,0
M069,2025-12-14,0,0
M069,2025-12-15,12,1229940
M069,2025-12-16,7,891555
M069,2025-12-17,8,1479936
M069,2025-12-18,8,1951448
M069,2025-12-19,0,0
M069,2025-12-20,4,716088
M069,2025-12-21,14,1653638
M069,2025-12-22,14,1914276
M069,2025-12-23,10,1922450
M069,2025-12-24,9,1927467
M069,2025-12-25,7,713384
M069,2025-12-26,0,0
M069,2025-12-27,6,618168
M069,2025-12-28,11,2619870
M069,2025-12-29,8,1087376
M069,2025-12-30,5,1207930
M069,2025-12-31,11,1442837
M069,2026-01-01,12,1117848
M069,2026-01-02,5,792970
M069,2026-01-03,6,1180230
M069,2026-01-04,5,1221545
M069,2026-01-05,6,441330
M069,2026-01-06,0,0
M069,2026-01-07,5,712895
M069,2026-01-08,12,2028048
M069,2026-01-09,0,0
M069,2026-01-10,0,0
M069,2026-01-11,0,0
M069,2026-01-12,5,1015705
M069,2026-01-13,9,1557081
M069,2026-01-14,8,1941456
M069,2026-01-15,8,1021344
M069,2026-01-16,0,0
M069,2026-01-17,7,1456189
M069,2026-01-18,0,0
M069,2026-01-19,0,0
M069,2026-01-20,8,867768
M069,2026-01-21,12,2664744
M069,2026-01-22,7,1149365
M069,2026-01-23,8,1543984
M069,2026-01-24,13,1791985
M069,2026-01-25,5,920475
M069,2026-01-26,0,0
M069,2026-01-27,8,1318976
M069,2026-01-28,7,839055
M069,2026-01-29,9,1914597
M069,2026-01-30,0,0
M069,2026-01-31,0,0
M069,2026-02-01,5,570690
M069,2026-02-02,0,0
M069,2026-02-03,0,0
M069,2026-02-04,5,1294220
M069,2026-02-05,9,1264095
M069,2026-02-06,8,1390968
M069,2026-02-07,12,1884204
M069,2026-02-08,10,2309570
M069,2026-02-09,12,1723812
M069,2026-02-10,8,1954848
M069,2026-02-11,7,1087982
M069,2026-02-12,7,1716526
M069,2026-02-13,7,722463
M069,2026-02-14,0,0
M069,2026-02-15,7,849961
M069,2026-02-16,0,0
M069,2026-02-17,13,3022812
M069,2026-02-18,9,1493145
M069,2026-02-19,5,619485
M069,2026-02-20,9,723996
M069,2026-02-21,11,2121955
M069,2026-02-22,0,0
M069,2026-02-23,0,0
M069,2026-02-24,4,871940
M069,2026-02-25,0,0
M069,2026-02-26,0,0
M069,2026-02-27,11,2501004
M069,2026-02-28,2,246500
M069,2026-03-01,13,2174393
M069,2026-03-02,3,367845
M069,2026-03-03,10,923320
M069,2026-03-04,9,2218203
M069,2026-03-05,0,0
M069,2026-03-06,5,653750
M069,2026-03-07,10,1088850
M069,2026-03-08,9,1518057
M069,2026-03-09,12,2628288
M069,2026-03-10,0,0
M069,2026-03-11,12,2717172
M069,2026-03-12,6,935028
M069,2026-03-13,16,1673696
M069,2026-03-14,9,1082853
M069,2026-03-15,4,583308
M069,2026-03-16,6,1295994
M069,2026-03-17,0,0
M069,2026-03-18,4,785820
M069,2026-03-19,12,3049392
M069,2026-03-20,6,1345710
M069,2026-03-21,7,1153803
M069,2026-03-22,7,1033893
M069,2026-03-23,6,870054
M069,2026-03-24,6,760830
M069,2026-03-25,9,1879218
M069,2026-03-26,0,0
M069,2026-03-27,5,466435
M069,2026-03-28,0,0
M069,2026-03-29,0,0
M069,2026-03-30,8,1661928
M069,2026-03-31,10,1095000
M069,2026-04-01,15,1662870
M069,2026-04-02,12,1758336
M069,2026-04-03,6,1474860
M069,2026-04-04,7,567749
M069,2026-04-05,0,0
M069,2026-04-06,8,1859312
M069,2026-04-07,0,0
M069,2026-04-08,9,1278108
M069,2026-04-09,8,1043552
M069,2026-04-10,12,1725132
M069,2026-04-11,9,1994670
M069,2026-04-12,0,0
M069,2026-04-13,0,0
M069,2026-04-14,9,1770030
M069,2026-04-15,5,1136715
M069,2026-04-16,9,1673397
M069,2026-04-17,6,1456446
M069,2026-04-18,11,997458
M069,2026-04-19,0,0
M069,2026-04-20,11,2478102
M069,2026-04-21,18,4486248
M069,2026-04-22,7,1128554
M069,2026-04-23,9,901764
M069,2026-04-24,6,1294362
M069,2026-04-25,0,0
M069,2026-04-26,8,1061840
M069,2026-04-27,6,1201566
M069,2026-04-28,10,1177310
M069,2026-04-29,12,2770284
M069,2026-04-30,6,933090
M069,2026-05-01,8,2041168
M069,2026-05-02,7,682619
M069,2026-05-03,9,2327931
M069,2026-05-04,8,1294008
M069,2026-05-05,6,866766
M069,2026-05-06,8,1952280
M069,2026-05-07,8,1699704
M069,2026-05-08,10,1221370
M069,2026-05-09,8,2058352
M069,2026-05-10,7,1252426
M069,2026-05-11,0,0
M069,2026-05-12,8,970064
M069,2026-05-13,11,2374581
M069,2026-05-14,8,1774968
M069,2026-05-15,6,928584
M069,2026-05-16,3,479307
M069,2026-05-17,0,0
M069,2026-05-18,0,0
M069,2026-05-19,0,0
M069,2026-05-20,7,1677788
M069,2026-05-21,6,961590
M069,2026-05-22,8,1516912
M069,2026-05-23,4,595572
M069,2026-05-24,4,815088
M069,2026-05-25,0,0
M069,2026-05-26,10,2368110
M069,2026-05-27,0,0
M069,2026-05-28,10,1304860
M069,2026-05-29,8,1365184
M069,2026-05-30,7,1205078
M069,2026-05-31,4,362020
M069,2026-06-01,6,1251714
M069,2026-06-02,5,600420
M069,2026-06-03,0,0
M069,2026-06-04,11,1148752
M069,2026-06-05,7,697424
M069,2026-06-06,9,1897128
M069,2026-06-07,0,0
M069,2026-06-08,4,811928
M069,2026-06-09,0,0
M069,2026-06-10,0,0
M069,2026-06-11,6,934338
M069,2026-06-12,4,917924
M069,2026-06-13,7,1440712
M069,2026-06-14,10,1417410
M069,2026-06-15,9,1362213
M069,2026-06-16,9,1229355
M069,2026-06-17,8,1228424
M069,2026-06-18,0,0
M069,2026-06-19,9,2056644
M069,2026-06-20,0,0
M069,2026-06-21,0,0
M069,2026-06-22,0,0
M069,2026-06-23,10,801290
M069,2026-06-24,0,0
M069,2026-06-25,0,0
M069,2026-06-26,11,1055549
M069,2026-06-27,0,0
M069,2026-06-28,8,1767920
M069,2026-06-29,8,2033648
M069,2026-06-30,7,1758505
M069,2026-07-01,8,1354872
M069,2026-07-02,0,0
M069,2026-07-03,8,1093504
M069,2026-07-04,4,324476
M069,2026-07-05,4,658148
M069,2026-07-06,0,0
M069,2026-07-07,2,301690
M069,2026-07-08,4,603362
M069,2026-07-09,6,854763
M069,2026-07-10,14,2162049
M069,2026-07-11,1,75420
M069,2026-07-12,16,2463730
M069,2026-07-13,14,2111768
M069,2026-07-14,13,1960928
M069,2026-07-15,3,452521
M069,2026-07-16,0,0
M069,2026-07-17,0,0
M069,2026-07-18,15,2212329
M069,2026-07-19,8,1131304
M069,2026-07-20,0,0
M069,2026-07-21,0,0
M069,2026-07-22,2,251401
M069,2026-07-23,3,402241
M069,2026-07-24,0,0
M069,2026-07-25,7,980464
M069,2026-07-26,0,0
M069,2026-07-27,6,854763
M069,2026-07-28,0,0
M069,2026-07-29,1,175980
M069,2026-07-30,6,854763
M069,2026-07-31,4,628502
M069,2026-08-01,0,0
M069,2026-08-02,10,1483266
M069,2026-08-03,12,1810087
M069,2026-08-04,25,3795326
M069,2026-08-05,0,0
M069,2026-08-06,0,0
M069,2026-08-07,0,0
M069,2026-08-08,0,0
M069,2026-08-09,1,86257
M069,2026-08-10,6,948830
M069,2026-08-11,1,129385
M069,2026-08-12,23,3493419
M069,2026-08-13,26,3967834
M069,2026-08-14,12,1725145
M069,2026-08-15,10,1509502
M069,2026-08-16,28,4226606
M069,2026-08-17,2,258771
M069,2026-08-18,28,4140349
M069,2026-08-19,7,1078215
M069,2026-08-20,0,0
M069,2026-08-21,0,0
M069,2026-08-22,0,0
M069,2026-08-23,0,0
M069,2026-08-24,0,0
M069,2026-08-25,0,0
M069,2026-08-26,0,0
M069,2026-08-27,2,345029
M069,2026-08-28,0,0
M069,2026-08-29,0,0
M069,2026-08-30,16,2458332
M069,2026-08-31,0,0
M072,2025-10-01,0,0
M072,2025-10-02,0,0
M072,2025-10-03,0,0
M072,2025-10-04,0,0
M072,2025-10-05,0,0
M072,2025-10-06,5,890390
M072,2025-10-07,4,158948
M072,2025-10-08,2,152998
M072,2025-10-09,7,500689
M072,2025-10-10,3,318528
M072,2025-10-11,2,231292
M072,2025-10-12,3,487536
M072,2025-10-13,2,267172
M072,2025-10-14,0,0
M072,2025-10-15,3,505773
M072,2025-10-16,2,177650
M072,2025-10-17,4,691796
M072,2025-10-18,3,290715
M072,2025-10-19,0,0
M072,2025-10-20,4,560768
M072,2025-10-21,1,127955
M072,2025-10-22,2,358216
M072,2025-10-23,5,263540
M072,2025-10-24,0,0
M072,2025-10-25,1,86556
M072,2025-10-26,5,831595
M072,2025-10-27,0,0
M072,2025-10-28,0,0
M072,2025-10-29,4,289244
M072,2025-10-30,3,251409
M072,2025-10-31,7,792659
M072,2025-11-01,0,0
M072,2025-11-02,0,0
M072,2025-11-03,5,607525
M072,2025-11-04,0,0
M072,2025-11-05,0,0
M072,2025-11-06,6,391476
M072,2025-11-07,4,410296
M072,2025-11-08,2,337420
M072,2025-11-09,0,0
M072,2025-11-10,0,0
M072,2025-11-11,0,0
M072,2025-11-12,8,315776
M072,2025-11-13,0,0
M072,2025-11-14,6,773184
M072,2025-11-15,3,517518
M072,2025-11-16,8,931544
M072,2025-11-17,1,105461
M072,2025-11-18,6,482778
M072,2025-11-19,3,262704
M072,2025-11-20,5,291520
M072,2025-11-21,0,0
M072,2025-11-22,4,679944
M072,2025-11-23,0,0
M072,2025-11-24,4,500308
M072,2025-11-25,0,0
M072,2025-11-26,3,420927
M072,2025-11-27,5,377855
M072,2025-11-28,3,504201
M072,2025-11-29,0,0
M072,2025-11-30,5,256785
M072,2025-12-01,1,55418
M072,2025-12-02,0,0
M072,2025-12-03,0,0
M072,2025-12-04,1,113209
M072,2025-12-05,3,371937
M072,2025-12-06,5,506520
M072,2025-12-07,5,625810
M072,2025-12-08,8,781200
M072,2025-12-09,2,239290
M072,2025-12-10,3,360936
M072,2025-12-11,5,190565
M072,2025-12-12,3,479520
M072,2025-12-13,5,535130
M072,2025-12-14,0,0
M072,2025-12-15,6,361944
M072,2025-12-16,9,1433925
M072,2025-12-17,2,89894
M072,2025-12-18,0,0
M072,2025-12-19,6,212982
M072,2025-12-20,0,0
M072,2025-12-21,5,534815
M072,2025-12-22,3,368025
M072,2025-12-23,0,0
M072,2025-12-24,0,0
M072,2025-12-25,5,208070
M072,2025-12-26,4,326832
M072,2025-12-27,9,1074384
M072,2025-12-28,0,0
M072,2025-12-29,4,280184
M072,2025-12-30,3,254082
M072,2025-12-31,8,428152
M072,2026-01-01,1,129219
M072,2026-01-02,9,1076580
M072,2026-01-03,6,980814
M072,2026-01-04,0,0
M072,2026-01-05,2,311886
M072,2026-01-06,0,0
M072,2026-01-07,0,0
M072,2026-01-08,8,655856
M072,2026-01-09,0,0
M072,2026-01-10,0,0
M072,2026-01-11,0,0
M072,2026-01-12,7,285516
M072,2026-01-13,0,0
M072,2026-01-14,3,445314
M072,2026-01-15,0,0
M072,2026-01-16,0,0
M072,2026-01-17,0,0
M072,2026-01-18,2,356254
M072,2026-01-19,1,37414
M072,2026-01-20,1,54410
M072,2026-01-21,2,329548
M072,2026-01-22,3,355404
M072,2026-01-23,0,0
M072,2026-01-24,6,924258
M072,2026-01-25,0,0
M072,2026-01-26,0,0
M072,2026-01-27,0,0
M072,2026-01-28,0,0
M072,2026-01-29,0,0
M072,2026-01-30,1,104459
M072,2026-01-31,0,0
M072,2026-02-01,0,0
M072,2026-02-02,0,0
M072,2026-02-03,2,80656
M072,2026-02-04,4,657524
M072,2026-02-05,2,338792
M072,2026-02-06,0,0
M072,2026-02-07,0,0
M072,2026-02-08,0,0
M072,2026-02-09,0,0
M072,2026-02-10,0,0
M072,2026-02-11,7,266994
M072,2026-02-12,2,303660
M072,2026-02-13,2,189006
M072,2026-02-14,1,108048
M072,2026-02-15,2,119000
M072,2026-02-16,1,137339
M072,2026-02-17,3,253974
M072,2026-02-18,5,383095
M072,2026-02-19,0,0
M072,2026-02-20,0,0
M072,2026-02-21,0,0
M072,2026-02-22,5,566955
M072,2026-02-23,0,0
M072,2026-02-24,4,224936
M072,2026-02-25,4,672108
M072,2026-02-26,2,187552
M072,2026-02-27,0,0
M072,2026-02-28,4,410960
M072,2026-03-01,2,215236
M072,2026-03-02,5,582235
M072,2026-03-03,3,213768
M072,2026-03-04,0,0
M072,2026-03-05,4,384640
M072,2026-03-06,0,0
M072,2026-03-07,0,0
M072,2026-03-08,0,0
M072,2026-03-09,6,989322
M072,2026-03-10,5,226010
M072,2026-03-11,0,0
M072,2026-03-12,5,871890
M072,2026-03-13,1,37816
M072,2026-03-14,8,1081720
M072,2026-03-15,0,0
M072,2026-03-16,0,0
M072,2026-03-17,2,325216
M072,2026-03-18,5,469755
M072,2026-03-19,4,423620
M072,2026-03-20,4,503512
M072,2026-03-21,7,1239154
M072,2026-03-22,3,212319
M072,2026-03-23,0,0
M072,2026-03-24,9,1235952
M072,2026-03-25,3,313947
M072,2026-03-26,0,0
M072,2026-03-27,2,80722
M072,2026-03-28,2,74676
M072,2026-03-29,4,597996
M072,2026-03-30,4,318376
M072,2026-03-31,4,406804
M072,2026-04-01,2,185868
M072,2026-04-02,3,408333
M072,2026-04-03,3,319236
M072,2026-04-04,0,0
M072,2026-04-05,2,285126
M072,2026-04-06,0,0
M072,2026-04-07,0,0
M072,2026-04-08,4,640676
M072,2026-04-09,0,0
M072,2026-04-10,1,39730
M072,2026-04-11,0,0
M072,2026-04-12,9,478980
M072,2026-04-13,0,0
M072,2026-04-14,5,787275
M072,2026-04-15,4,303868
M072,2026-04-16,0,0
M072,2026-04-17,0,0
M072,2026-04-18,0,0
M072,2026-04-19,0,0
M072,2026-04-20,0,0
M072,2026-04-21,4,309736
M072,2026-04-22,0,0
M072,2026-04-23,0,0
M072,2026-04-24,0,0
M072,2026-04-25,0,0
M072,2026-04-26,3,413328
M072,2026-04-27,3,315525
M072,2026-04-28,4,289100
M072,2026-04-29,0,0
M072,2026-04-30,6,702684
M072,2026-05-01,3,290868
M072,2026-05-02,0,0
M072,2026-05-03,0,0
M072,2026-05-04,0,0
M072,2026-05-05,5,831285
M072,2026-05-06,2,250628
M072,2026-05-07,1,106840
M072,2026-05-08,0,0
M072,2026-05-09,4,634920
M072,2026-05-10,0,0
M072,2026-05-11,3,268692
M072,2026-05-12,0,0
M072,2026-05-13,6,792690
M072,2026-05-14,0,0
M072,2026-05-15,0,0
M072,2026-05-16,2,153562
M072,2026-05-17,0,0
M072,2026-05-18,4,588796
M072,2026-05-19,4,486396
M072,2026-05-20,5,280715
M072,2026-05-21,4,636136
M072,2026-05-22,0,0
M072,2026-05-23,4,183372
M072,2026-05-24,4,667448
M072,2026-05-25,6,404016
M072,2026-05-26,0,0
M072,2026-05-27,6,971166
M072,2026-05-28,5,420375
M072,2026-05-29,0,0
M072,2026-05-30,1,87199
M072,2026-05-31,1,57671
M072,2026-06-01,3,444411
M072,2026-06-02,0,0
M072,2026-06-03,0,0
M072,2026-06-04,0,0
M072,2026-06-05,6,878394
M072,2026-06-06,4,600932
M072,2026-06-07,0,0
M072,2026-06-08,11,1579094
M072,2026-06-09,0,0
M072,2026-06-10,3,459888
M072,2026-06-11,0,0
M072,2026-06-12,0,0
M072,2026-06-13,0,0
M072,2026-06-14,0,0
M072,2026-06-15,0,0
M072,2026-06-16,0,0
M072,2026-06-17,3,165744
M072,2026-06-18,3,393744
M072,2026-06-19,3,441831
M072,2026-06-20,3,412200
M072,2026-06-21,0,0
M072,2026-06-22,0,0
M072,2026-06-23,1,170577
M072,2026-06-24,5,826525
M072,2026-06-25,0,0
M072,2026-06-26,4,703212
M072,2026-06-27,6,804426
M072,2026-06-28,0,0
M072,2026-06-29,3,355794
M072,2026-06-30,0,0
M072,2026-07-01,2,105248
M072,2026-07-02,4,230880
M072,2026-07-03,1,80277
M072,2026-07-04,2,144582
M072,2026-07-05,3,153210
M072,2026-07-06,3,326319
M072,2026-07-07,1,81018
M072,2026-07-08,0,0
M072,2026-07-09,5,459041
M072,2026-07-10,2,205218
M072,2026-07-11,5,442839
M072,2026-07-12,2,156614
M072,2026-07-13,5,491444
M072,2026-07-14,4,378034
M072,2026-07-15,3,237621
M072,2026-07-16,3,286225
M072,2026-07-17,5,448240
M072,2026-07-18,1,37803
M072,2026-07-19,1,5400
M072,2026-07-20,0,0
M072,2026-07-21,0,0
M072,2026-07-22,6,513046
M072,2026-07-23,4,351031
M072,2026-07-24,4,340230
M072,2026-07-25,1,37803
M072,2026-07-26,1,37803
M072,2026-07-27,2,178216
M072,2026-07-28,1,48604
M072,2026-07-29,3,286225
M072,2026-07-30,5,405036
M072,2026-07-31,0,0
M072,2026-08-01,3,243021
M072,2026-08-02,2,194417
M072,2026-08-03,0,0
M072,2026-08-04,5,434740
M072,2026-08-05,0,0
M072,2026-08-06,0,0
M072,2026-08-07,1,114028
M072,2026-08-08,0,0
M072,2026-08-09,5,434732
M072,2026-08-10,3,263690
M072,2026-08-11,1,99774
M072,2026-08-12,0,0
M072,2026-08-13,3,306450
M072,2026-08-14,4,391971
M072,2026-08-15,8,677042
M072,2026-08-16,0,0
M072,2026-08-17,7,627154
M072,2026-08-18,0,0
M072,2026-08-19,0,0
M072,2026-08-20,1,21380
M072,2026-08-21,6,555887
M072,2026-08-22,0,0
M072,2026-08-23,0,0
M072,2026-08-24,0,0
M072,2026-08-25,0,0
M072,2026-08-26,3,242309
M072,2026-08-27,0,0
M072,2026-08-28,4,342084
M072,2026-08-29,0,0
M072,2026-08-30,4,363464
M072,2026-08-31,8,691295
M074,2025-09-27,0,0
M074,2025-09-28,0,0
M074,2025-09-29,0,0
M074,2025-09-30,0,0
M074,2025-10-01,0,0
M074,2025-10-02,0,0
M074,2025-10-03,1,75019
M074,2025-10-04,0,0
M074,2025-10-05,0,0
M074,2025-10-06,4,378356
M074,2025-10-07,0,0
M074,2025-10-08,2,157216
M074,2025-10-09,4,174292
M074,2025-10-10,0,0
M074,2025-10-11,0,0
M074,2025-10-12,5,721455
M074,2025-10-13,5,275020
M074,2025-10-14,3,209523
M074,2025-10-15,5,206010
M074,2025-10-16,4,578164
M074,2025-10-17,2,302402
M074,2025-10-18,4,597260
M074,2025-10-19,0,0
M074,2025-10-20,2,264322
M074,2025-10-21,0,0
M074,2025-10-22,0,0
M074,2025-10-23,0,0
M074,2025-10-24,5,445935
M074,2025-10-25,4,247952
M074,2025-10-26,3,505824
M074,2025-10-27,2,207586
M074,2025-10-28,2,73082
M074,2025-10-29,7,567532
M074,2025-10-30,7,989401
M074,2025-10-31,0,0
M074,2025-11-01,0,0
M074,2025-11-02,0,0
M074,2025-11-03,0,0
M074,2025-11-04,7,842779
M074,2025-11-05,1,42512
M074,2025-11-06,0,0
M074,2025-11-07,0,0
M074,2025-11-08,0,0
M074,2025-11-09,6,515064
M074,2025-11-10,4,482156
M074,2025-11-11,7,664083
M074,2025-11-12,0,0
M074,2025-11-13,1,53412
M074,2025-11-14,7,679854
M074,2025-11-15,5,854475
M074,2025-11-16,4,717348
M074,2025-11-17,4,272924
M074,2025-11-18,6,990990
M074,2025-11-19,2,248632
M074,2025-11-20,5,446610
M074,2025-11-21,3,394584
M074,2025-11-22,0,0
M074,2025-11-23,0,0
M074,2025-11-24,0,0
M074,2025-11-25,0,0
M074,2025-11-26,0,0
M074,2025-11-27,0,0
M074,2025-11-28,3,262209
M074,2025-11-29,7,339864
M074,2025-11-30,5,452020
M074,2025-12-01,2,186552
M074,2025-12-02,0,0
M074,2025-12-03,4,271688
M074,2025-12-04,4,367528
M074,2025-12-05,0,0
M074,2025-12-06,0,0
M074,2025-12-07,0,0
M074,2025-12-08,0,0
M074,2025-12-09,5,828005
M074,2025-12-10,2,256560
M074,2025-12-11,0,0
M074,2025-12-12,6,838044
M074,2025-12-13,2,93742
M074,2025-12-14,5,400550
M074,2025-12-15,5,329505
M074,2025-12-16,3,285465
M074,2025-12-17,4,566160
M074,2025-12-18,0,0
M074,2025-12-19,0,0
M074,2025-12-20,5,737675
M074,2025-12-21,0,0
M074,2025-12-22,3,198996
M074,2025-12-23,8,1069600
M074,2025-12-24,5,604880
M074,2025-12-25,6,454440
M074,2025-12-26,0,0
M074,2025-12-27,3,417687
M074,2025-12-28,0,0
M074,2025-12-29,1,70845
M074,2025-12-30,0,0
M074,2025-12-31,0,0
M074,2026-01-01,0,0
M074,2026-01-02,4,280304
M074,2026-01-03,0,0
M074,2026-01-04,7,1002743
M074,2026-01-05,0,0
M074,2026-01-06,6,828300
M074,2026-01-07,0,0
M074,2026-01-08,7,1136093
M074,2026-01-09,2,153654
M074,2026-01-10,0,0
M074,2026-01-11,8,995240
M074,2026-01-12,0,0
M074,2026-01-13,1,91150
M074,2026-01-14,0,0
M074,2026-01-15,4,531932
M074,2026-01-16,2,161892
M074,2026-01-17,8,1384872
M074,2026-01-18,0,0
M074,2026-01-19,8,522888
M074,2026-01-20,1,48658
M074,2026-01-21,5,364170
M074,2026-01-22,0,0
M074,2026-01-23,4,639580
M074,2026-01-24,0,0
M074,2026-01-25,4,683872
M074,2026-01-26,0,0
M074,2026-01-27,4,551744
M074,2026-01-28,0,0
M074,2026-01-29,6,469458
M074,2026-01-30,0,0
M074,2026-01-31,5,495745
M074,2026-02-01,2,302968
M074,2026-02-02,5,566610
M074,2026-02-03,0,0
M074,2026-02-04,0,0
M074,2026-02-05,1,73798
M074,2026-02-06,0,0
M074,2026-02-07,10,882520
M074,2026-02-08,0,0
M074,2026-02-09,5,785735
M074,2026-02-10,7,770322
M074,2026-02-11,0,0
M074,2026-02-12,4,694960
M074,2026-02-13,1,146784
M074,2026-02-14,8,365216
M074,2026-02-15,7,883547
M074,2026-02-16,0,0
M074,2026-02-17,0,0
M074,2026-02-18,5,183550
M074,2026-02-19,6,211572
M074,2026-02-20,4,349984
M074,2026-02-21,5,795175
M074,2026-02-22,6,709398
M074,2026-02-23,0,0
M074,2026-02-24,1,109487
M074,2026-02-25,0,0
M074,2026-02-26,0,0
M074,2026-02-27,1,91978
M074,2026-02-28,3,472356
M074,2026-03-01,5,592080
M074,2026-03-02,0,0
M074,2026-03-03,0,0
M074,2026-03-04,0,0
M074,2026-03-05,5,595480
M074,2026-03-06,5,546780
M074,2026-03-07,3,157812
M074,2026-03-08,0,0
M074,2026-03-09,0,0
M074,2026-03-10,4,656788
M074,2026-03-11,0,0
M074,2026-03-12,8,736720
M074,2026-03-13,5,571695
M074,2026-03-14,0,0
M074,2026-03-15,7,568911
M074,2026-03-16,0,0
M074,2026-03-17,0,0
M074,2026-03-18,3,395130
M074,2026-03-19,0,0
M074,2026-03-20,0,0
M074,2026-03-21,0,0
M074,2026-03-22,2,150740
M074,2026-03-23,4,612968
M074,2026-03-24,4,460428
M074,2026-03-25,3,232938
M074,2026-03-26,5,616065
M074,2026-03-27,7,565138
M074,2026-03-28,0,0
M074,2026-03-29,4,511348
M074,2026-03-30,7,633157
M074,2026-03-31,0,0
M074,2026-04-01,4,599124
M074,2026-04-02,0,0
M074,2026-04-03,7,1159837
M074,2026-04-04,0,0
M074,2026-04-05,0,0
M074,2026-04-06,0,0
M074,2026-04-07,3,154296
M074,2026-04-08,7,1228969
M074,2026-04-09,2,84692
M074,2026-04-10,2,83362
M074,2026-04-11,0,0
M074,2026-04-12,0,0
M074,2026-04-13,7,875539
M074,2026-04-14,0,0
M074,2026-04-15,6,822816
M074,2026-04-16,0,0
M074,2026-04-17,6,432576
M074,2026-04-18,3,184125
M074,2026-04-19,4,177756
M074,2026-04-20,2,152732
M074,2026-04-21,0,0
M074,2026-04-22,4,640188
M074,2026-04-23,4,459020
M074,2026-04-24,3,480264
M074,2026-04-25,3,404862
M074,2026-04-26,3,140961
M074,2026-04-27,0,0
M074,2026-04-28,0,0
M074,2026-04-29,6,1058328
M074,2026-04-30,5,555370
M074,2026-05-01,0,0
M074,2026-05-02,5,586200
M074,2026-05-03,5,452595
M074,2026-05-04,6,490722
M074,2026-05-05,0,0
M074,2026-05-06,4,484316
M074,2026-05-07,0,0
M074,2026-05-08,2,216204
M074,2026-05-09,0,0
M074,2026-05-10,2,296676
M074,2026-05-11,0,0
M074,2026-05-12,0,0
M074,2026-05-13,2,126808
M074,2026-05-14,0,0
M074,2026-05-15,4,607560
M074,2026-05-16,6,427368
M074,2026-05-17,3,359961
M074,2026-05-18,3,467142
M074,2026-05-19,0,0
M074,2026-05-20,8,288744
M074,2026-05-21,3,147255
M074,2026-05-22,5,227815
M074,2026-05-23,0,0
M074,2026-05-24,5,181950
M074,2026-05-25,3,303009
M074,2026-05-26,0,0
M074,2026-05-27,0,0
M074,2026-05-28,3,487359
M074,2026-05-29,0,0
M074,2026-05-30,5,656205
M074,2026-05-31,9,564507
M074,2026-06-01,0,0
M074,2026-06-02,0,0
M074,2026-06-03,0,0
M074,2026-06-04,7,1033039
M074,2026-06-05,3,471063
M074,2026-06-06,2,212002
M074,2026-06-07,2,78126
M074,2026-06-08,2,311408
M074,2026-06-09,0,0
M074,2026-06-10,2,218754
M074,2026-06-11,3,332019
M074,2026-06-12,0,0
M074,2026-06-13,1,119099
M074,2026-06-14,7,509341
M074,2026-06-15,0,0
M074,2026-06-16,5,811370
M074,2026-06-17,2,345828
M074,2026-06-18,0,0
M074,2026-06-19,0,0
M074,2026-06-20,3,206334
M074,2026-06-21,3,390054
M074,2026-06-22,5,808160
M074,2026-06-23,3,461820
M074,2026-06-24,0,0
M074,2026-06-25,4,599452
M074,2026-06-26,2,217808
M074,2026-06-27,0,0
M074,2026-06-28,0,0
M074,2026-06-29,1,119588
M074,2026-06-30,0,0
M074,2026-07-01,2,117296
M074,2026-07-02,0,0
M074,2026-07-03,0,0
M074,2026-07-04,0,0
M074,2026-07-05,0,0
M074,2026-07-06,5,253475
M074,2026-07-07,7,630104
M074,2026-07-08,9,850630
M074,2026-07-09,3,241537
M074,2026-07-10,7,651099
M074,2026-07-11,10,903138
M074,2026-07-12,6,567087
M074,2026-07-13,0,0
M074,2026-07-14,7,651099
M074,2026-07-15,0,0
M074,2026-07-16,0,0
M074,2026-07-17,0,0
M074,2026-07-18,0,0
M074,2026-07-19,5,420064
M074,2026-07-20,6,556585
M074,2026-07-21,7,588090
M074,2026-07-22,1,84012
M074,2026-07-23,0,0
M074,2026-07-24,0,0
M074,2026-07-25,0,0
M074,2026-07-26,0,0
M074,2026-07-27,0,0
M074,2026-07-28,12,1039659
M074,2026-07-29,0,0
M074,2026-07-30,0,0
M074,2026-07-31,1,115517
M074,2026-08-01,0,0
M074,2026-08-02,9,798122
M074,2026-08-03,0,0
M074,2026-08-04,0,0
M074,2026-08-05,9,842408
M074,2026-08-06,0,0
M074,2026-08-07,0,0
M074,2026-08-08,0,0
M074,2026-08-09,0,0
M074,2026-08-10,1,34619
M074,2026-08-11,11,1027038
M074,2026-08-12,6,565448
M074,2026-08-13,4,403891
M074,2026-08-14,1,115397
M074,2026-08-15,4,357732
M074,2026-08-16,0,0
M074,2026-08-17,1,92318
M074,2026-08-18,0,0
M074,2026-08-19,5,473129
M074,2026-08-20,0,0
M074,2026-08-21,6,519288
M074,2026-08-22,11,980879
M074,2026-08-23,7,646226
M074,2026-08-24,0,0
M074,2026-08-25,0,0
M074,2026-08-26,3,300033
M074,2026-08-27,0,0
M074,2026-08-28,6,507749
M074,2026-08-29,7,600067
M074,2026-08-30,0,0
M074,2026-08-31,1,80778
M075,2026-02-09,0,0
M075,2026-02-10,0,0
M075,2026-02-11,0,0
M075,2026-02-12,0,0
M075,2026-02-13,1,71536
M075,2026-02-14,3,117144
M075,2026-02-15,0,0
M075,2026-02-16,1,103127
M075,2026-02-17,0,0
M075,2026-02-18,3,399579
M075,2026-02-19,4,276808
M075,2026-02-20,6,870654
M075,2026-02-21,2,344948
M075,2026-02-22,2,234140
M075,2026-02-23,0,0
M075,2026-02-24,0,0
M075,2026-02-25,6,658668
M075,2026-02-26,4,333328
M075,2026-02-27,5,810935
M075,2026-02-28,0,0
M075,2026-03-01,3,498147
M075,2026-03-02,0,0
M075,2026-03-03,5,357870
M075,2026-03-04,3,199914
M075,2026-03-05,0,0
M075,2026-03-06,0,0
M075,2026-03-07,3,400458
M075,2026-03-08,3,208992
M075,2026-03-09,2,107006
M075,2026-03-10,0,0
M075,2026-03-11,6,787494
M075,2026-03-12,5,645685
M075,2026-03-13,6,879606
M075,2026-03-14,1,152927
M075,2026-03-15,6,986190
M075,2026-03-16,0,0
M075,2026-03-17,7,746221
M075,2026-03-18,3,332787
M075,2026-03-19,0,0
M075,2026-03-20,0,0
M075,2026-03-21,4,469960
M075,2026-03-22,2,204366
M075,2026-03-23,3,384336
M075,2026-03-24,3,315258
M075,2026-03-25,2,70122
M075,2026-03-26,3,245220
M075,2026-03-27,2,98348
M075,2026-03-28,0,0
M075,2026-03-29,4,256628
M075,2026-03-30,5,750110
M075,2026-03-31,2,168912
M075,2026-04-01,0,0
M075,2026-04-02,6,870936
M075,2026-04-03,2,340978
M075,2026-04-04,5,816135
M075,2026-04-05,4,302408
M075,2026-04-06,6,401244
M075,2026-04-07,0,0
M075,2026-04-08,1,87229
M075,2026-04-09,0,0
M075,2026-04-10,0,0
M075,2026-04-11,0,0
M075,2026-04-12,3,224382
M075,2026-04-13,0,0
M075,2026-04-14,0,0
M075,2026-04-15,5,446570
M075,2026-04-16,0,0
M075,2026-04-17,1,48840
M075,2026-04-18,1,60432
M075,2026-04-19,4,178724
M075,2026-04-20,0,0
M075,2026-04-21,2,355068
M075,2026-04-22,0,0
M075,2026-04-23,0,0
M075,2026-04-24,4,656280
M075,2026-04-25,0,0
M075,2026-04-26,6,558144
M075,2026-04-27,5,878785
M075,2026-04-28,0,0
M075,2026-04-29,7,334726
M075,2026-04-30,0,0
M075,2026-05-01,3,409494
M075,2026-05-02,6,626508
M075,2026-05-03,8,485056
M075,2026-05-04,4,574164
M075,2026-05-05,0,0
M075,2026-05-06,0,0
M075,2026-05-07,0,0
M075,2026-05-08,1,116476
M075,2026-05-09,0,0
M075,2026-05-10,4,393608
M075,2026-05-11,0,0
M075,2026-05-12,1,38282
M075,2026-05-13,0,0
M075,2026-05-14,0,0
M075,2026-05-15,0,0
M075,2026-05-16,4,234260
M075,2026-05-17,2,210758
M075,2026-05-18,0,0
M075,2026-05-19,0,0
M075,2026-05-20,0,0
M075,2026-05-21,0,0
M075,2026-05-22,2,233746
M075,2026-05-23,0,0
M075,2026-05-24,1,144084
M075,2026-05-25,6,597138
M075,2026-05-26,7,871619
M075,2026-05-27,0,0
M075,2026-05-28,0,0
M075,2026-05-29,0,0
M075,2026-05-30,7,546245
M075,2026-05-31,0,0
M075,2026-06-01,0,0
M075,2026-06-02,4,323984
M075,2026-06-03,2,278350
M075,2026-06-04,0,0
M075,2026-06-05,0,0
M075,2026-06-06,4,162948
M075,2026-06-07,6,387048
M075,2026-06-08,0,0
M075,2026-06-09,0,0
M075,2026-06-10,0,0
M075,2026-06-11,0,0
M075,2026-06-12,3,187977
M075,2026-06-13,5,772090
M075,2026-06-14,5,817180
M075,2026-06-15,0,0
M075,2026-06-16,4,307508
M075,2026-06-17,1,145084
M075,2026-06-18,5,238205
M075,2026-06-19,3,484626
M075,2026-06-20,6,906618
M075,2026-06-21,0,0
M075,2026-06-22,0,0
M075,2026-06-23,7,1182657
M075,2026-06-24,3,223338
M075,2026-06-25,7,1211315
M075,2026-06-26,0,0
M075,2026-06-27,4,501272
M075,2026-06-28,12,1728384
M075,2026-06-29,6,264678
M075,2026-06-30,6,476160
M075,2026-07-01,1,73018
M075,2026-07-02,0,0
M075,2026-07-03,4,541840
M075,2026-07-04,3,258651
M075,2026-07-05,0,0
M075,2026-07-06,0,0
M075,2026-07-07,5,417216
M075,2026-07-08,0,0
M075,2026-07-09,3,247717
M075,2026-07-10,0,0
M075,2026-07-11,5,456321
M075,2026-07-12,4,384613
M075,2026-07-13,0,0
M075,2026-07-14,4,397651
M075,2026-07-15,4,358538
M075,2026-07-16,1,19556
M075,2026-07-17,0,0
M075,2026-07-18,4,397651
M075,2026-07-19,1,130377
M075,2026-07-20,6,501953
M075,2026-07-21,0,0
M075,2026-07-22,0,0
M075,2026-07-23,2,195566
M075,2026-07-24,7,599736
M075,2026-07-25,5,456321
M075,2026-07-26,7,625812
M075,2026-07-27,0,0
M075,2026-07-28,6,541066
M075,2026-07-29,0,0
M075,2026-07-30,0,0
M075,2026-07-31,1,45632
M075,2026-08-01,0,0
M075,2026-08-02,6,560623
M075,2026-08-03,0,0
M075,2026-08-04,9,770008
M075,2026-08-05,0,0
M075,2026-08-06,0,0
M075,2026-08-07,7,658675
M075,2026-08-08,0,0
M075,2026-08-09,9,844217
M075,2026-08-10,6,519518
M075,2026-08-11,9,816386
M075,2026-08-12,0,0
M075,2026-08-13,10,918434
M075,2026-08-14,3,231928
M075,2026-08-15,0,0
M075,2026-08-16,0,0
M075,2026-08-17,6,584458
M075,2026-08-18,10,881326
M075,2026-08-19,0,0
M075,2026-08-20,5,463856
M075,2026-08-21,0,0
M075,2026-08-22,3,231928
M075,2026-08-23,0,0
M075,2026-08-24,0,0
M075,2026-08-25,5,454578
M075,2026-08-26,9,816386
M075,2026-08-27,0,0
M075,2026-08-28,5,408193
M075,2026-08-29,9,807109
M075,2026-08-30,0,0
M075,2026-08-31,0,0
M077,2026-04-20,11,1497837
M077,2026-04-21,5,1173235
M077,2026-04-22,13,1116427
M077,2026-04-23,7,1628599
M077,2026-04-24,11,2251920
M077,2026-04-25,0,0
M077,2026-04-26,8,1544952
M077,2026-04-27,0,0
M077,2026-04-28,13,2506452
M077,2026-04-29,12,1010592
M077,2026-04-30,6,1494780
M077,2026-05-01,0,0
M077,2026-05-02,0,0
M077,2026-05-03,13,1688427
M077,2026-05-04,5,872700
M077,2026-05-05,8,1382264
M077,2026-05-06,6,765570
M077,2026-05-07,0,0
M077,2026-05-08,4,296964
M077,2026-05-09,0,0
M077,2026-05-10,0,0
M077,2026-05-11,0,0
M077,2026-05-12,0,0
M077,2026-05-13,3,291231
M077,2026-05-14,13,3023878
M077,2026-05-15,0,0
M077,2026-05-16,7,1070804
M077,2026-05-17,8,1467656
M077,2026-05-18,6,651228
M077,2026-05-19,10,2017260
M077,2026-05-20,6,1099128
M077,2026-05-21,6,557790
M077,2026-05-22,9,1994319
M077,2026-05-23,0,0
M077,2026-05-24,8,1836488
M077,2026-05-25,0,0
M077,2026-05-26,10,753570
M077,2026-05-27,9,2311461
M077,2026-05-28,0,0
M077,2026-05-29,0,0
M077,2026-05-30,0,0
M077,2026-05-31,12,1981656
M077,2026-06-01,0,0
M077,2026-06-02,0,0
M077,2026-06-03,0,0
M077,2026-06-04,6,802590
M077,2026-06-05,4,736480
M077,2026-06-06,7,1197637
M077,2026-06-07,9,2192463
M077,2026-06-08,8,1286256
M077,2026-06-09,4,555172
M077,2026-06-10,5,439710
M077,2026-06-11,13,1288469
M077,2026-06-12,7,1424143
M077,2026-06-13,0,0
M077,2026-06-14,6,1351254
M077,2026-06-15,7,548597
M077,2026-06-16,3,324690
M077,2026-06-17,8,828368
M077,2026-06-18,10,1841270
M077,2026-06-19,7,683011
M077,2026-06-20,3,475050
M077,2026-06-21,11,2612676
M077,2026-06-22,6,1214532
M077,2026-06-23,7,1746500
M077,2026-06-24,5,755905
M077,2026-06-25,6,1514928
M077,2026-06-26,5,1064390
M077,2026-06-27,0,0
M077,2026-06-28,0,0
M077,2026-06-29,0,0
M077,2026-06-30,5,777410
M077,2026-07-01,0,0
M077,2026-07-02,8,1060176
M077,2026-07-03,11,1093499
M077,2026-07-04,4,720524
M077,2026-07-05,0,0
M077,2026-07-06,4,421388
M077,2026-07-07,11,1647530
M077,2026-07-08,12,1774249
M077,2026-07-09,7,977647
M077,2026-07-10,4,543137
M077,2026-07-11,6,941438
M077,2026-07-12,5,724183
M077,2026-07-13,8,1176798
M077,2026-07-14,7,1122484
M077,2026-07-15,8,1176798
M077,2026-07-16,0,0
M077,2026-07-17,3,416405
M077,2026-07-18,3,434510
M077,2026-07-19,1,108627
M077,2026-07-20,4,669869
M077,2026-07-21,4,597451
M077,2026-07-22,6,923333
M077,2026-07-23,0,0
M077,2026-07-24,1,108627
M077,2026-07-25,7,1122484
M077,2026-07-26,11,1611308
M077,2026-07-27,5,706078
M077,2026-07-28,8,1140588
M077,2026-07-29,11,1701831
M077,2026-07-30,5,796601
M077,2026-07-31,0,0
M077,2026-08-01,9,1321634
M077,2026-08-02,11,1629412
M077,2026-08-03,0,0
M077,2026-08-04,0,0
M077,2026-08-05,0,0
M077,2026-08-06,32,4795609
M077,2026-08-07,18,2768595
M077,2026-08-08,7,988784
M077,2026-08-09,0,0
M077,2026-08-10,14,2027007
M077,2026-08-11,25,3707940
M077,2026-08-12,0,0
M077,2026-08-13,32,4746163
M077,2026-08-14,22,3262987
M077,2026-08-15,24,3609062
M077,2026-08-16,10,1433736
M077,2026-08-17,23,3460744
M077,2026-08-18,15,2175325
M077,2026-08-19,0,0
M077,2026-08-20,5,791027
M077,2026-08-21,0,0
M077,2026-08-22,0,0
M077,2026-08-23,5,791027
M077,2026-08-24,10,1483176
M077,2026-08-25,13,1977568
M077,2026-08-26,0,0
M077,2026-08-27,0,0
M077,2026-08-28,0,0
M077,2026-08-29,10,1532615
M077,2026-08-30,2,296635
M077,2026-08-31,0,0
M078,2025-04-11,0,0
M078,2025-04-12,0,0
M078,2025-04-13,0,0
M078,2025-04-14,0,0
M078,2025-04-15,0,0
M078,2025-04-16,0,0
M078,2025-04-17,3,369240
M078,2025-04-18,0,0
M078,2025-04-19,3,491697
M078,2025-04-20,0,0
M078,2025-04-21,0,0
M078,2025-04-22,0,0
M078,2025-04-23,2,103240
M078,2025-04-24,5,277480
M078,2025-04-25,4,629344
M078,2025-04-26,1,110974
M078,2025-04-27,0,0
M078,2025-04-28,4,350820
M078,2025-04-29,4,427532
M078,2025-04-30,0,0
M078,2025-05-01,1,48783
M078,2025-05-02,7,777028
M078,2025-05-03,1,77937
M078,2025-05-04,3,292725
M078,2025-05-05,0,0
M078,2025-05-06,5,210665
M078,2025-05-07,6,813342
M078,2025-05-08,4,164560
M078,2025-05-09,6,408528
M078,2025-05-10,5,203445
M078,2025-05-11,0,0
M078,2025-05-12,0,0
M078,2025-05-13,2,348766
M078,2025-05-14,0,0
M078,2025-05-15,2,96460
M078,2025-05-16,0,0
M078,2025-05-17,4,532388
M078,2025-05-18,4,521152
M078,2025-05-19,3,207753
M078,2025-05-20,2,152570
M078,2025-05-21,5,639950
M078,2025-05-22,0,0
M078,2025-05-23,4,211712
M078,2025-05-24,0,0
M078,2025-05-25,3,210237
M078,2025-05-26,3,467940
M078,2025-05-27,0,0
M078,2025-05-28,4,415408
M078,2025-05-29,0,0
M078,2025-05-30,0,0
M078,2025-05-31,1,38225
M078,2025-06-01,2,157262
M078,2025-06-02,0,0
M078,2025-06-03,0,0
M078,2025-06-04,2,275558
M078,2025-06-05,4,248032
M078,2025-06-06,1,87061
M078,2025-06-07,3,320625
M078,2025-06-08,4,443720
M078,2025-06-09,3,338952
M078,2025-06-10,4,143080
M078,2025-06-11,0,0
M078,2025-06-12,4,433780
M078,2025-06-13,0,0
M078,2025-06-14,8,1422504
M078,2025-06-15,2,104542
M078,2025-06-16,7,314034
M078,2025-06-17,4,427880
M078,2025-06-18,4,273172
M078,2025-06-19,2,290440
M078,2025-06-20,5,393480
M078,2025-06-21,3,265869
M078,2025-06-22,3,215037
M078,2025-06-23,0,0
M078,2025-06-24,4,386652
M078,2025-06-25,2,328158
M078,2025-06-26,3,401175
M078,2025-06-27,5,249315
M078,2025-06-28,4,162352
M078,2025-06-29,0,0
M078,2025-06-30,3,383484
M078,2025-07-01,3,247407
M078,2025-07-02,1,62723
M078,2025-07-03,0,0
M078,2025-07-04,4,378432
M078,2025-07-05,3,228207
M078,2025-07-06,4,148396
M078,2025-07-07,1,162836
M078,2025-07-08,4,488708
M078,2025-07-09,6,712338
M078,2025-07-10,2,122842
M078,2025-07-11,5,204250
M078,2025-07-12,0,0
M078,2025-07-13,0,0
M078,2025-07-14,6,871278
M078,2025-07-15,6,289866
M078,2025-07-16,0,0
M078,2025-07-17,3,265458
M078,2025-07-18,0,0
M078,2025-07-19,0,0
M078,2025-07-20,0,0
M078,2025-07-21,0,0
M078,2025-07-22,0,0
M078,2025-07-23,3,496974
M078,2025-07-24,5,333875
M078,2025-07-25,0,0
M078,2025-07-26,2,194792
M078,2025-07-27,5,458105
M078,2025-07-28,0,0
M078,2025-07-29,0,0
M078,2025-07-30,7,650013
M078,2025-07-31,8,1221856
M078,2025-08-01,5,618450
M078,2025-08-02,4,350540
M078,2025-08-03,1,138496
M078,2025-08-04,0,0
M078,2025-08-05,3,190650
M078,2025-08-06,4,171212
M078,2025-08-07,4,683332
M078,2025-08-08,3,356895
M078,2025-08-09,6,804090
M078,2025-08-10,0,0
M078,2025-08-11,3,391065
M078,2025-08-12,2,199646
M078,2025-08-13,0,0
M078,2025-08-14,2,199652
M078,2025-08-15,1,134048
M078,2025-08-16,4,589260
M078,2025-08-17,2,162942
M078,2025-08-18,3,189918
M078,2025-08-19,0,0
M078,2025-08-20,0,0
M078,2025-08-21,0,0
M078,2025-08-22,2,176388
M078,2025-08-23,10,911860
M078,2025-08-24,0,0
M078,2025-08-25,3,401961
M078,2025-08-26,2,356516
M078,2025-08-27,5,246495
M078,2025-08-28,6,729972
M078,2025-08-29,0,0
M078,2025-08-30,0,0
M078,2025-08-31,5,468410
M078,2025-09-01,0,0
M078,2025-09-02,0,0
M078,2025-09-03,0,0
M078,2025-09-04,0,0
M078,2025-09-05,5,519395
M078,2025-09-06,0,0
M078,2025-09-07,3,283512
M078,2025-09-08,2,350572
M078,2025-09-09,6,511236
M078,2025-09-10,4,518176
M078,2025-09-11,0,0
M078,2025-09-12,0,0
M078,2025-09-13,0,0
M078,2025-09-14,0,0
M078,2025-09-15,3,486030
M078,2025-09-16,6,217710
M078,2025-09-17,4,406444
M078,2025-09-18,0,0
M078,2025-09-19,0,0
M078,2025-09-20,1,166363
M078,2025-09-21,0,0
M078,2025-09-22,5,735410
M078,2025-09-23,5,272235
M078,2025-09-24,6,268704
M078,2025-09-25,3,152871
M078,2025-09-26,0,0
M078,2025-09-27,3,341562
M078,2025-09-28,1,59761
M078,2025-09-29,0,0
M078,2025-09-30,0,0
M078,2025-10-01,8,1412120
M078,2025-10-02,1,70965
M078,2025-10-03,3,144354
M078,2025-10-04,0,0
M078,2025-10-05,7,1158010
M078,2025-10-06,0,0
M078,2025-10-07,0,0
M078,2025-10-08,5,283725
M078,2025-10-09,4,269108
M078,2025-10-10,1,136858
M078,2025-10-11,3,121170
M078,2025-10-12,0,0
M078,2025-10-13,0,0
M078,2025-10-14,6,604458
M078,2025-10-15,4,598364
M078,2025-10-16,3,133407
M078,2025-10-17,2,324074
M078,2025-10-18,0,0
M078,2025-10-19,0,0
M078,2025-10-20,4,395876
M078,2025-10-21,0,0
M078,2025-10-22,4,613532
M078,2025-10-23,4,263432
M078,2025-10-24,2,125448
M078,2025-10-25,4,633012
M078,2025-10-26,0,0
M078,2025-10-27,0,0
M078,2025-10-28,0,0
M078,2025-10-29,0,0
M078,2025-10-30,0,0
M078,2025-10-31,2,336420
M078,2025-11-01,0,0
M078,2025-11-02,0,0
M078,2025-11-03,8,448680
M078,2025-11-04,0,0
M078,2025-11-05,0,0
M078,2025-11-06,0,0
M078,2025-11-07,0,0
M078,2025-11-08,5,175075
M078,2025-11-09,0,0
M078,2025-11-10,2,227624
M078,2025-11-11,0,0
M078,2025-11-12,0,0
M078,2025-11-13,3,174465
M078,2025-11-14,2,233310
M078,2025-11-15,4,711404
M078,2025-11-16,0,0
M078,2025-11-17,5,197090
M078,2025-11-18,3,333597
M078,2025-11-19,0,0
M078,2025-11-20,0,0
M078,2025-11-21,0,0
M078,2025-11-22,4,203828
M078,2025-11-23,9,589914
M078,2025-11-24,2,266568
M078,2025-11-25,5,471570
M078,2025-11-26,0,0
M078,2025-11-27,1,74739
M078,2025-11-28,7,441049
M078,2025-11-29,0,0
M078,2025-11-30,0,0
M078,2025-12-01,0,0
M078,2025-12-02,0,0
M078,2025-12-03,4,267988
M078,2025-12-04,6,239838
M078,2025-12-05,7,1215543
M078,2025-12-06,7,723121
M078,2025-12-07,0,0
M078,2025-12-08,0,0
M078,2025-12-09,3,125124
M078,2025-12-10,5,291850
M078,2025-12-11,0,0
M078,2025-12-12,3,248379
M078,2025-12-13,0,0
M078,2025-12-14,7,357721
M078,2025-12-15,1,36466
M078,2025-12-16,0,0
M078,2025-12-17,0,0
M078,2025-12-18,0,0
M078,2025-12-19,0,0
M078,2025-12-20,0,0
M078,2025-12-21,0,0
M078,2025-12-22,0,0
M078,2025-12-23,7,384622
M078,2025-12-24,0,0
M078,2025-12-25,6,788718
M078,2025-12-26,0,0
M078,2025-12-27,0,0
M078,2025-12-28,0,0
M078,2025-12-29,0,0
M078,2025-12-30,4,174900
M078,2025-12-31,6,713730
M078,2026-01-01,2,137432
M078,2026-01-02,8,1061480
M078,2026-01-03,6,575298
M078,2026-01-04,7,339010
M078,2026-01-05,0,0
M078,2026-01-06,0,0
M078,2026-01-07,0,0
M078,2026-01-08,0,0
M078,2026-01-09,0,0
M078,2026-01-10,0,0
M078,2026-01-11,5,517380
M078,2026-01-12,1,120272
M078,2026-01-13,5,227280
M078,2026-01-14,5,601690
M078,2026-01-15,0,0
M078,2026-01-16,0,0
M078,2026-01-17,2,327974
M078,2026-01-18,2,156268
M078,2026-01-19,6,235854
M078,2026-01-20,5,531085
M078,2026-01-21,0,0
M078,2026-01-22,0,0
M078,2026-01-23,3,381156
M078,2026-01-24,4,406000
M078,2026-01-25,3,322821
M078,2026-01-26,3,395322
M078,2026-01-27,0,0
M078,2026-01-28,5,304140
M078,2026-01-29,0,0
M078,2026-01-30,0,0
M078,2026-01-31,0,0
M078,2026-02-01,3,510690
M078,2026-02-02,0,0
M078,2026-02-03,5,624440
M078,2026-02-04,6,677478
M078,2026-02-05,3,457365
M078,2026-02-06,4,591560
M078,2026-02-07,5,240175
M078,2026-02-08,0,0
M078,2026-02-09,0,0
M078,2026-02-10,0,0
M078,2026-02-11,4,183680
M078,2026-02-12,3,251217
M078,2026-02-13,4,453228
M078,2026-02-14,7,487802
M078,2026-02-15,6,999126
M078,2026-02-16,0,0
M078,2026-02-17,0,0
M078,2026-02-18,5,404925
M078,2026-02-19,5,392010
M078,2026-02-20,2,281760
M078,2026-02-21,0,0
M078,2026-02-22,2,71494
M078,2026-02-23,0,0
M078,2026-02-24,3,367941
M078,2026-02-25,1,124300
M078,2026-02-26,0,0
M078,2026-02-27,6,578634
M078,2026-02-28,2,289876
M078,2026-03-01,0,0
M078,2026-03-02,0,0
M078,2026-03-03,0,0
M078,2026-03-04,5,356570
M078,2026-03-05,1,118119
M078,2026-03-06,1,161397
M078,2026-03-07,0,0
M078,2026-03-08,1,87817
M078,2026-03-09,3,128220
M078,2026-03-10,3,135198
M078,2026-03-11,1,118322
M078,2026-03-12,4,543880
M078,2026-03-13,0,0
M078,2026-03-14,6,925116
M078,2026-03-15,0,0
M078,2026-03-16,0,0
M078,2026-03-17,0,0
M078,2026-03-18,0,0
M078,2026-03-19,0,0
M078,2026-03-20,0,0
M078,2026-03-21,7,585823
M078,2026-03-22,2,312486
M078,2026-03-23,5,372445
M078,2026-03-24,6,457920
M078,2026-03-25,6,308928
M078,2026-03-26,2,282008
M078,2026-03-27,3,163860
M078,2026-03-28,0,0
M078,2026-03-29,4,202260
M078,2026-03-30,4,526492
M078,2026-03-31,6,383454
M078,2026-04-01,0,0
M078,2026-04-02,0,0
M078,2026-04-03,0,0
M078,2026-04-04,7,561470
M078,2026-04-05,3,183588
M078,2026-04-06,4,518768
M078,2026-04-07,0,0
M078,2026-04-08,2,157492
M078,2026-04-09,4,416388
M078,2026-04-10,7,1229354
M078,2026-04-11,0,0
M078,2026-04-12,9,895743
M078,2026-04-13,3,327156
M078,2026-04-14,0,0
M078,2026-04-15,3,308679
M078,2026-04-16,0,0
M078,2026-04-17,5,452680
M078,2026-04-18,0,0
M078,2026-04-19,4,681088
M078,2026-04-20,0,0
M078,2026-04-21,4,257908
M078,2026-04-22,0,0
M078,2026-04-23,7,1106252
M078,2026-04-24,0,0
M078,2026-04-25,0,0
M078,2026-04-26,0,0
M078,2026-04-27,0,0
M078,2026-04-28,3,373122
M078,2026-04-29,4,451828
M078,2026-04-30,0,0
M078,2026-05-01,2,269732
M078,2026-05-02,0,0
M078,2026-05-03,4,336348
M078,2026-05-04,5,631045
M078,2026-05-05,0,0
M078,2026-05-06,0,0
M078,2026-05-07,0,0
M078,2026-05-08,4,698360
M078,2026-05-09,1,75998
M078,2026-05-10,3,194322
M078,2026-05-11,0,0
M078,2026-05-12,0,0
M078,2026-05-13,3,155478
M078,2026-05-14,7,589148
M078,2026-05-15,0,0
M078,2026-05-16,1,69760
M078,2026-05-17,2,144946
M078,2026-05-18,0,0
M078,2026-05-19,0,0
M078,2026-05-20,0,0
M078,2026-05-21,0,0
M078,2026-05-22,0,0
M078,2026-05-23,0,0
M078,2026-05-24,4,523740
M078,2026-05-25,7,882217
M078,2026-05-26,0,0
M078,2026-05-27,2,83168
M078,2026-05-28,3,185133
M078,2026-05-29,1,142018
M078,2026-05-30,9,1532457
M078,2026-05-31,0,0
M078,2026-06-01,0,0
M078,2026-06-02,1,97597
M078,2026-06-03,0,0
M078,2026-06-04,3,349788
M078,2026-06-05,3,304404
M078,2026-06-06,6,815580
M078,2026-06-07,0,0
M078,2026-06-08,0,0
M078,2026-06-09,3,213474
M078,2026-06-10,2,139182
M078,2026-06-11,5,676030
M078,2026-06-12,6,990426
M078,2026-06-13,0,0
M078,2026-06-14,3,425517
M078,2026-06-15,5,366855
M078,2026-06-16,4,682732
M078,2026-06-17,0,0
M078,2026-06-18,3,502926
M078,2026-06-19,4,591408
M078,2026-06-20,0,0
M078,2026-06-21,11,1781329
M078,2026-06-22,0,0
M078,2026-06-23,5,225460
M078,2026-06-24,3,424530
M078,2026-06-25,0,0
M078,2026-06-26,4,611440
M078,2026-06-27,0,0
M078,2026-06-28,0,0
M078,2026-06-29,4,299768
M078,2026-06-30,2,86812
M078,2026-07-01,5,290115
M078,2026-07-02,5,686320
M078,2026-07-03,1,136409
M078,2026-07-04,4,180300
M078,2026-07-05,0,0
M078,2026-07-06,4,447908
M078,2026-07-07,2,162304
M078,2026-07-08,0,0
M078,2026-07-09,3,289803
M078,2026-07-10,2,144901
M078,2026-07-11,1,115921
M078,2026-07-12,2,144901
M078,2026-07-13,6,521647
M078,2026-07-14,4,341968
M078,2026-07-15,3,272415
M078,2026-07-16,5,463686
M078,2026-07-17,0,0
M078,2026-07-18,4,359356
M078,2026-07-19,1,23184
M078,2026-07-20,4,341968
M078,2026-07-21,4,318784
M078,2026-07-22,4,330376
M078,2026-07-23,6,568015
M078,2026-07-24,4,330376
M078,2026-07-25,0,0
M078,2026-07-26,5,486870
M078,2026-07-27,3,249231
M078,2026-07-28,3,260823
M078,2026-07-29,2,139105
M078,2026-07-30,2,150698
M078,2026-07-31,0,0
M078,2026-08-01,3,278211
M078,2026-08-02,3,289803
M078,2026-08-03,3,243435
M078,2026-08-04,1,52942
M078,2026-08-05,4,358762
M078,2026-08-06,0,0
M078,2026-08-07,4,341118
M078,2026-08-08,2,147033
M078,2026-08-09,4,394050
M078,2026-08-10,0,0
M078,2026-08-11,1,35288
M078,2026-08-12,0,0
M078,2026-08-13,4,370525
M078,2026-08-14,2,194084
M078,2026-08-15,0,0
M078,2026-08-16,0,0
M078,2026-08-17,2,188203
M078,2026-08-18,0,0
M078,2026-08-19,0,0
M078,2026-08-20,0,0
M078,2026-08-21,1,47050
M078,2026-08-22,0,0
M078,2026-08-23,1,47050
M078,2026-08-24,0,0
M078,2026-08-25,0,0
M078,2026-08-26,3,311711
M078,2026-08-27,6,576372
M078,2026-08-28,0,0
M078,2026-08-29,3,247016
M078,2026-08-30,0,0
M078,2026-08-31,6,505796
M080,2025-11-05,0,0
M080,2025-11-06,0,0
M080,2025-11-07,0,0
M080,2025-11-08,0,0
M080,2025-11-09,2,143856
M080,2025-11-10,0,0
M080,2025-11-11,3,436257
M080,2025-11-12,3,179628
M080,2025-11-13,0,0
M080,2025-11-14,0,0
M080,2025-11-15,0,0
M080,2025-11-16,0,0
M080,2025-11-17,1,113408
M080,2025-11-18,0,0
M080,2025-11-19,2,190520
M080,2025-11-20,0,0
M080,2025-11-21,5,898450
M080,2025-11-22,3,173115
M080,2025-11-23,2,254998
M080,2025-11-24,4,582980
M080,2025-11-25,3,122145
M080,2025-11-26,7,340585
M080,2025-11-27,2,252180
M080,2025-11-28,0,0
M080,2025-11-29,2,144804
M080,2025-11-30,3,203223
M080,2025-12-01,0,0
M080,2025-12-02,4,230124
M080,2025-12-03,0,0
M080,2025-12-04,4,435424
M080,2025-12-05,0,0
M080,2025-12-06,3,305091
M080,2025-12-07,1,137203
M080,2025-12-08,0,0
M080,2025-12-09,3,428286
M080,2025-12-10,0,0
M080,2025-12-11,0,0
M080,2025-12-12,4,635380
M080,2025-12-13,2,196786
M080,2025-12-14,3,294210
M080,2025-12-15,5,584145
M080,2025-12-16,5,310780
M080,2025-12-17,4,246028
M080,2025-12-18,0,0
M080,2025-12-19,0,0
M080,2025-12-20,5,591005
M080,2025-12-21,4,579756
M080,2025-12-22,4,267204
M080,2025-12-23,1,78003
M080,2025-12-24,7,412545
M080,2025-12-25,6,960426
M080,2025-12-26,4,168264
M080,2025-12-27,0,0
M080,2025-12-28,2,359288
M080,2025-12-29,5,209650
M080,2025-12-30,2,152750
M080,2025-12-31,0,0
M080,2026-01-01,0,0
M080,2026-01-02,5,750935
M080,2026-01-03,0,0
M080,2026-01-04,4,288504
M080,2026-01-05,2,210344
M080,2026-01-06,3,394332
M080,2026-01-07,0,0
M080,2026-01-08,2,310242
M080,2026-01-09,4,655320
M080,2026-01-10,0,0
M080,2026-01-11,9,324324
M080,2026-01-12,0,0
M080,2026-01-13,3,180867
M080,2026-01-14,0,0
M080,2026-01-15,6,877986
M080,2026-01-16,0,0
M080,2026-01-17,2,299496
M080,2026-01-18,4,368716
M080,2026-01-19,5,645335
M080,2026-01-20,4,650328
M080,2026-01-21,3,229512
M080,2026-01-22,0,0
M080,2026-01-23,5,852635
M080,2026-01-24,3,401655
M080,2026-01-25,4,617100
M080,2026-01-26,1,93862
M080,2026-01-27,6,260712
M080,2026-01-28,0,0
M080,2026-01-29,0,0
M080,2026-01-30,0,0
M080,2026-01-31,4,155284
M080,2026-02-01,0,0
M080,2026-02-02,5,449105
M080,2026-02-03,0,0
M080,2026-02-04,5,845305
M080,2026-02-05,0,0
M080,2026-02-06,4,590048
M080,2026-02-07,3,445107
M080,2026-02-08,6,444288
M080,2026-02-09,4,378888
M080,2026-02-10,0,0
M080,2026-02-11,0,0
M080,2026-02-12,0,0
M080,2026-02-13,0,0
M080,2026-02-14,0,0
M080,2026-02-15,6,1011810
M080,2026-02-16,0,0
M080,2026-02-17,0,0
M080,2026-02-18,0,0
M080,2026-02-19,0,0
M080,2026-02-20,9,431379
M080,2026-02-21,3,436098
M080,2026-02-22,5,729515
M080,2026-02-23,2,333364
M080,2026-02-24,5,663780
M080,2026-02-25,0,0
M080,2026-02-26,0,0
M080,2026-02-27,5,193825
M080,2026-02-28,0,0
M080,2026-03-01,0,0
M080,2026-03-02,6,811578
M080,2026-03-03,3,366975
M080,2026-03-04,4,168912
M080,2026-03-05,5,505540
M080,2026-03-06,5,845915
M080,2026-03-07,3,306903
M080,2026-03-08,0,0
M080,2026-03-09,4,690868
M080,2026-03-10,4,607348
M080,2026-03-11,5,595430
M080,2026-03-12,5,236670
M080,2026-03-13,0,0
M080,2026-03-14,0,0
M080,2026-03-15,0,0
M080,2026-03-16,8,758800
M080,2026-03-17,0,0
M080,2026-03-18,4,460388
M080,2026-03-19,0,0
M080,2026-03-20,4,426208
M080,2026-03-21,4,309532
M080,2026-03-22,4,289340
M080,2026-03-23,0,0
M080,2026-03-24,5,381035
M080,2026-03-25,2,228196
M080,2026-03-26,5,846605
M080,2026-03-27,0,0
M080,2026-03-28,0,0
M080,2026-03-29,0,0
M080,2026-03-30,0,0
M080,2026-03-31,7,889007
M080,2026-04-01,3,384333
M080,2026-04-02,0,0
M080,2026-04-03,3,518010
M080,2026-04-04,3,421593
M080,2026-04-05,6,866304
M080,2026-04-06,0,0
M080,2026-04-07,0,0
M080,2026-04-08,0,0
M080,2026-04-09,6,634962
M080,2026-04-10,0,0
M080,2026-04-11,5,511560
M080,2026-04-12,6,849768
M080,2026-04-13,2,258858
M080,2026-04-14,1,47246
M080,2026-04-15,3,156141
M080,2026-04-16,0,0
M080,2026-04-17,4,256428
M080,2026-04-18,0,0
M080,2026-04-19,4,526636
M080,2026-04-20,5,745705
M080,2026-04-21,0,0
M080,2026-04-22,4,255600
M080,2026-04-23,0,0
M080,2026-04-24,3,227286
M080,2026-04-25,0,0
M080,2026-04-26,6,522882
M080,2026-04-27,6,675876
M080,2026-04-28,5,605620
M080,2026-04-29,6,391752
M080,2026-04-30,1,61345
M080,2026-05-01,4,713924
M080,2026-05-02,2,199666
M080,2026-05-03,5,264015
M080,2026-05-04,6,1062372
M080,2026-05-05,2,127050
M080,2026-05-06,3,294456
M080,2026-05-07,4,569880
M080,2026-05-08,0,0
M080,2026-05-09,0,0
M080,2026-05-10,8,794560
M080,2026-05-11,6,1045194
M080,2026-05-12,7,991459
M080,2026-05-13,3,487305
M080,2026-05-14,0,0
M080,2026-05-15,5,370600
M080,2026-05-16,0,0
M080,2026-05-17,0,0
M080,2026-05-18,7,637931
M080,2026-05-19,0,0
M080,2026-05-20,0,0
M080,2026-05-21,9,359811
M080,2026-05-22,2,197722
M080,2026-05-23,0,0
M080,2026-05-24,2,341080
M080,2026-05-25,5,399315
M080,2026-05-26,5,761625
M080,2026-05-27,2,203752
M080,2026-05-28,5,397015
M080,2026-05-29,7,593600
M080,2026-05-30,5,774930
M080,2026-05-31,0,0
M080,2026-06-01,0,0
M080,2026-06-02,1,134366
M080,2026-06-03,1,109977
M080,2026-06-04,0,0
M080,2026-06-05,7,1159697
M080,2026-06-06,0,0
M080,2026-06-07,4,246324
M080,2026-06-08,5,660465
M080,2026-06-09,0,0
M080,2026-06-10,7,659435
M080,2026-06-11,7,379372
M080,2026-06-12,0,0
M080,2026-06-13,9,1487700
M080,2026-06-14,2,354272
M080,2026-06-15,0,0
M080,2026-06-16,5,245990
M080,2026-06-17,2,344910
M080,2026-06-18,4,337476
M080,2026-06-19,6,414258
M080,2026-06-20,6,282720
M080,2026-06-21,3,395865
M080,2026-06-22,0,0
M080,2026-06-23,0,0
M080,2026-06-24,5,368245
M080,2026-06-25,5,618550
M080,2026-06-26,0,0
M080,2026-06-27,0,0
M080,2026-06-28,5,681765
M080,2026-06-29,0,0
M080,2026-06-30,5,537820
M080,2026-07-01,2,334570
M080,2026-07-02,5,538030
M080,2026-07-03,6,351360
M080,2026-07-04,7,708526
M080,2026-07-05,0,0
M080,2026-07-06,0,0
M080,2026-07-07,0,0
M080,2026-07-08,3,249650
M080,2026-07-09,0,0
M080,2026-07-10,0,0
M080,2026-07-11,5,471541
M080,2026-07-12,1,49927
M080,2026-07-13,3,294019
M080,2026-07-14,0,0
M080,2026-07-15,1,33285
M080,2026-07-16,4,366137
M080,2026-07-17,1,72118
M080,2026-07-18,4,366137
M080,2026-07-19,1,55475
M080,2026-07-20,2,155331
M080,2026-07-21,3,255186
M080,2026-07-22,4,343947
M080,2026-07-23,3,227449
M080,2026-07-24,0,0
M080,2026-07-25,2,199711
M080,2026-07-26,0,0
M080,2026-07-27,5,416065
M080,2026-07-28,1,83213
M080,2026-07-29,4,388327
M080,2026-07-30,4,399422
M080,2026-07-31,2,138688
M080,2026-08-01,1,127593
M080,2026-08-02,0,0
M080,2026-08-03,6,510373
M080,2026-08-04,0,0
M080,2026-08-05,0,0
M080,2026-08-06,3,266241
M080,2026-08-07,4,399348
M080,2026-08-08,0,0
M080,2026-08-09,4,383213
M080,2026-08-10,1,100845
M080,2026-08-11,4,391280
M080,2026-08-12,0,0
M080,2026-08-13,1,112947
M080,2026-08-14,2,177488
M080,2026-08-15,2,213792
M080,2026-08-16,1,72608
M080,2026-08-17,4,379179
M080,2026-08-18,2,221860
M080,2026-08-19,0,0
M080,2026-08-20,4,342875
M080,2026-08-21,4,363044
M080,2026-08-22,2,169420
M080,2026-08-23,2,189589
M080,2026-08-24,3,266232
M080,2026-08-25,0,0
M080,2026-08-26,4,350942
M080,2026-08-27,4,342875
M080,2026-08-28,1,133116
M080,2026-08-29,1,60507
M080,2026-08-30,2,201691
M080,2026-08-31,4,346908
M081,2026-02-02,0,0
M081,2026-02-03,0,0
M081,2026-02-04,0,0
M081,2026-02-05,0,0
M081,2026-02-06,0,0
M081,2026-02-07,0,0
M081,2026-02-08,5,617270
M081,2026-02-09,0,0
M081,2026-02-10,0,0
M081,2026-02-11,0,0
M081,2026-02-12,0,0
M081,2026-02-13,0,0
M081,2026-02-14,0,0
M081,2026-02-15,4,159308
M081,2026-02-16,7,712803
M081,2026-02-17,0,0
M081,2026-02-18,7,1198064
M081,2026-02-19,9,778428
M081,2026-02-20,5,632935
M081,2026-02-21,0,0
M081,2026-02-22,2,340714
M081,2026-02-23,5,317285
M081,2026-02-24,1,172470
M081,2026-02-25,1,76639
M081,2026-02-26,0,0
M081,2026-02-27,8,356352
M081,2026-02-28,2,283194
M081,2026-03-01,0,0
M081,2026-03-02,3,132477
M081,2026-03-03,5,852405
M081,2026-03-04,7,561869
M081,2026-03-05,0,0
M081,2026-03-06,5,526345
M081,2026-03-07,0,0
M081,2026-03-08,5,596200
M081,2026-03-09,5,337025
M081,2026-03-10,0,0
M081,2026-03-11,4,511460
M081,2026-03-12,0,0
M081,2026-03-13,0,0
M081,2026-03-14,0,0
M081,2026-03-15,6,727836
M081,2026-03-16,0,0
M081,2026-03-17,2,268198
M081,2026-03-18,0,0
M081,2026-03-19,7,268625
M081,2026-03-20,0,0
M081,2026-03-21,3,291168
M081,2026-03-22,6,954006
M081,2026-03-23,2,93654
M081,2026-03-24,4,433876
M081,2026-03-25,3,342747
M081,2026-03-26,4,237496
M081,2026-03-27,6,462978
M081,2026-03-28,2,300104
M081,2026-03-29,6,815292
M081,2026-03-30,5,273360
M081,2026-03-31,2,295352
M081,2026-04-01,2,84718
M081,2026-04-02,2,193890
M081,2026-04-03,0,0
M081,2026-04-04,0,0
M081,2026-04-05,4,287448
M081,2026-04-06,0,0
M081,2026-04-07,4,312100
M081,2026-04-08,4,301772
M081,2026-04-09,0,0
M081,2026-04-10,0,0
M081,2026-04-11,1,64451
M081,2026-04-12,4,616072
M081,2026-04-13,3,518172
M081,2026-04-14,4,687036
M081,2026-04-15,3,499332
M081,2026-04-16,4,571440
M081,2026-04-17,5,351280
M081,2026-04-18,0,0
M081,2026-04-19,2,131024
M081,2026-04-20,0,0
M081,2026-04-21,3,121065
M081,2026-04-22,1,85209
M081,2026-04-23,0,0
M081,2026-04-24,2,156926
M081,2026-04-25,4,246660
M081,2026-04-26,2,210590
M081,2026-04-27,2,161236
M081,2026-04-28,0,0
M081,2026-04-29,2,341486
M081,2026-04-30,4,532092
M081,2026-05-01,3,307683
M081,2026-05-02,0,0
M081,2026-05-03,0,0
M081,2026-05-04,0,0
M081,2026-05-05,3,165558
M081,2026-05-06,5,407225
M081,2026-05-07,4,375324
M081,2026-05-08,3,275064
M081,2026-05-09,2,218196
M081,2026-05-10,4,500220
M081,2026-05-11,4,411584
M081,2026-05-12,7,779807
M081,2026-05-13,3,174843
M081,2026-05-14,0,0
M081,2026-05-15,8,969864
M081,2026-05-16,0,0
M081,2026-05-17,0,0
M081,2026-05-18,1,161532
M081,2026-05-19,7,559776
M081,2026-05-20,0,0
M081,2026-05-21,4,430708
M081,2026-05-22,2,159928
M081,2026-05-23,5,247170
M081,2026-05-24,4,198104
M081,2026-05-25,3,406449
M081,2026-05-26,0,0
M081,2026-05-27,6,240966
M081,2026-05-28,4,370076
M081,2026-05-29,0,0
M081,2026-05-30,0,0
M081,2026-05-31,6,543612
M081,2026-06-01,0,0
M081,2026-06-02,0,0
M081,2026-06-03,1,69406
M081,2026-06-04,0,0
M081,2026-06-05,3,413979
M081,2026-06-06,3,166839
M081,2026-06-07,4,566552
M081,2026-06-08,2,273430
M081,2026-06-09,4,232124
M081,2026-06-10,3,413073
M081,2026-06-11,4,299664
M081,2026-06-12,5,572220
M081,2026-06-13,4,316904
M081,2026-06-14,0,0
M081,2026-06-15,0,0
M081,2026-06-16,0,0
M081,2026-06-17,2,350392
M081,2026-06-18,4,227748
M081,2026-06-19,0,0
M081,2026-06-20,3,357876
M081,2026-06-21,0,0
M081,2026-06-22,0,0
M081,2026-06-23,0,0
M081,2026-06-24,4,179208
M081,2026-06-25,2,255658
M081,2026-06-26,8,825992
M081,2026-06-27,3,202791
M081,2026-06-28,10,1312140
M081,2026-06-29,0,0
M081,2026-06-30,6,552588
M081,2026-07-01,0,0
M081,2026-07-02,0,0
M081,2026-07-03,3,309576
M081,2026-07-04,0,0
M081,2026-07-05,0,0
M081,2026-07-06,0,0
M081,2026-07-07,0,0
M081,2026-07-08,5,491013
M081,2026-07-09,11,982003
M081,2026-07-10,7,589202
M081,2026-07-11,0,0
M081,2026-07-12,3,305512
M081,2026-07-13,7,632846
M081,2026-07-14,0,0
M081,2026-07-15,3,272778
M081,2026-07-16,11,1025648
M081,2026-07-17,7,621935
M081,2026-07-18,1,130933
M081,2026-07-19,3,272778
M081,2026-07-20,3,272778
M081,2026-07-21,0,0
M081,2026-07-22,8,698313
M081,2026-07-23,1,43644
M081,2026-07-24,0,0
M081,2026-07-25,10,872892
M081,2026-07-26,3,229134
M081,2026-07-27,0,0
M081,2026-07-28,6,501913
M081,2026-07-29,3,261867
M081,2026-07-30,0,0
M081,2026-07-31,4,316423
M081,2026-08-01,10,883803
M081,2026-08-02,5,480090
M081,2026-08-03,7,589202
M081,2026-08-04,3,253410
M081,2026-08-05,9,791888
M081,2026-08-06,0,0
M081,2026-08-07,0,0
M081,2026-08-08,11,1034734
M081,2026-08-09,0,0
M081,2026-08-10,0,0
M081,2026-08-11,4,316755
M081,2026-08-12,0,0
M081,2026-08-13,0,0
M081,2026-08-14,6,496250
M081,2026-08-15,4,327313
M081,2026-08-16,0,0
M081,2026-08-17,11,1013617
M081,2026-08-18,0,0
M081,2026-08-19,9,770771
M081,2026-08-20,0,0
M081,2026-08-21,7,633510
M081,2026-08-22,6,527925
M081,2026-08-23,11,992500
M081,2026-08-24,0,0
M081,2026-08-25,5,464574
M081,2026-08-26,0,0
M081,2026-08-27,1,116143
M081,2026-08-28,11,950265
M081,2026-08-29,0,0
M081,2026-08-30,2,221728
M081,2026-08-31,11,1013617
M084,2026-05-19,0,0
M084,2026-05-20,0,0
M084,2026-05-21,2,184162
M084,2026-05-22,2,78114
M084,2026-05-23,0,0
M084,2026-05-24,0,0
M084,2026-05-25,2,132692
M084,2026-05-26,4,205168
M084,2026-05-27,0,0
M084,2026-05-28,4,457388
M084,2026-05-29,6,882018
M084,2026-05-30,3,465246
M084,2026-05-31,0,0
M084,2026-06-01,0,0
M084,2026-06-02,0,0
M084,2026-06-03,4,202104
M084,2026-06-04,0,0
M084,2026-06-05,0,0
M084,2026-06-06,4,418900
M084,2026-06-07,6,698034
M084,2026-06-08,3,279669
M084,2026-06-09,4,623416
M084,2026-06-10,1,74083
M084,2026-06-11,0,0
M084,2026-06-12,0,0
M084,2026-06-13,0,0
M084,2026-06-14,0,0
M084,2026-06-15,4,201716
M084,2026-06-16,0,0
M084,2026-06-17,0,0
M084,2026-06-18,5,184590
M084,2026-06-19,3,519885
M084,2026-06-20,7,1152627
M084,2026-06-21,6,211428
M084,2026-06-22,0,0
M084,2026-06-23,0,0
M084,2026-06-24,0,0
M084,2026-06-25,2,299626
M084,2026-06-26,0,0
M084,2026-06-27,5,493975
M084,2026-06-28,0,0
M084,2026-06-29,6,803796
M084,2026-06-30,4,409212
M084,2026-07-01,3,426297
M084,2026-07-02,0,0
M084,2026-07-03,0,0
M084,2026-07-04,6,422244
M084,2026-07-05,0,0
M084,2026-07-06,4,642280
M084,2026-07-07,6,534985
M084,2026-07-08,0,0
M084,2026-07-09,2,164607
M084,2026-07-10,0,0
M084,2026-07-11,4,335093
M084,2026-07-12,5,429154
M084,2026-07-13,0,0
M084,2026-07-14,4,323335
M084,2026-07-15,1,105818
M084,2026-07-16,2,182243
M084,2026-07-17,1,35272
M084,2026-07-18,5,470306
M084,2026-07-19,0,0
M084,2026-07-20,0,0
M084,2026-07-21,5,417396
M084,2026-07-22,2,199880
M084,2026-07-23,4,323335
M084,2026-07-24,4,317456
M084,2026-07-25,2,217516
M084,2026-07-26,6,564367
M084,2026-07-27,3,258668
M084,2026-07-28,6,511458
M084,2026-07-29,0,0
M084,2026-07-30,6,505579
M084,2026-07-31,6,570246
M084,2026-08-01,3,235153
M084,2026-08-02,3,276305
M084,2026-08-03,0,0
M084,2026-08-04,0,0
M084,2026-08-05,0,0
M084,2026-08-06,0,0
M084,2026-08-07,0,0
M084,2026-08-08,0,0
M084,2026-08-09,6,497989
M084,2026-08-10,9,784953
M084,2026-08-11,0,0
M084,2026-08-12,6,565503
M084,2026-08-13,0,0
M084,2026-08-14,1,67522
M084,2026-08-15,3,244770
M084,2026-08-16,0,0
M084,2026-08-17,0,0
M084,2026-08-18,0,0
M084,2026-08-19,0,0
M084,2026-08-20,3,312293
M084,2026-08-21,9,768072
M084,2026-08-22,8,708989
M084,2026-08-23,9,801833
M084,2026-08-24,0,0
M084,2026-08-25,7,633026
M084,2026-08-26,8,751191
M084,2026-08-27,2,177247
M084,2026-08-28,7,624586
M084,2026-08-29,7,633026
M084,2026-08-30,0,0
M084,2026-08-31,0,0
M085,2026-03-16,0,0
M085,2026-03-17,0,0
M085,2026-03-18,4,383144
M085,2026-03-19,0,0
M085,2026-03-20,0,0
M085,2026-03-21,0,0
M085,2026-03-22,7,806428
M085,2026-03-23,4,528448
M085,2026-03-24,0,0
M085,2026-03-25,2,339358
M085,2026-03-26,3,119898
M085,2026-03-27,3,249225
M085,2026-03-28,5,623510
M085,2026-03-29,0,0
M085,2026-03-30,2,112048
M085,2026-03-31,0,0
M085,2026-04-01,2,273968
M085,2026-04-02,3,298200
M085,2026-04-03,5,807160
M085,2026-04-04,0,0
M085,2026-04-05,2,209064
M085,2026-04-06,5,460355
M085,2026-04-07,3,179196
M085,2026-04-08,0,0
M085,2026-04-09,3,395142
M085,2026-04-10,3,367659
M085,2026-04-11,1,120191
M085,2026-04-12,0,0
M085,2026-04-13,0,0
M085,2026-04-14,0,0
M085,2026-04-15,0,0
M085,2026-04-16,4,600060
M085,2026-04-17,4,309972
M085,2026-04-18,0,0
M085,2026-04-19,0,0
M085,2026-04-20,2,107772
M085,2026-04-21,3,432798
M085,2026-04-22,8,851232
M085,2026-04-23,0,0
M085,2026-04-24,0,0
M085,2026-04-25,0,0
M085,2026-04-26,1,84708
M085,2026-04-27,0,0
M085,2026-04-28,3,237912
M085,2026-04-29,4,396916
M085,2026-04-30,2,112240
M085,2026-05-01,0,0
M085,2026-05-02,3,126240
M085,2026-05-03,2,273920
M085,2026-05-04,0,0
M085,2026-05-05,0,0
M085,2026-05-06,6,755412
M085,2026-05-07,6,980490
M085,2026-05-08,0,0
M085,2026-05-09,0,0
M085,2026-05-10,6,838770
M085,2026-05-11,6,670872
M085,2026-05-12,4,344732
M085,2026-05-13,0,0
M085,2026-05-14,2,266090
M085,2026-05-15,0,0
M085,2026-05-16,2,345418
M085,2026-05-17,0,0
M085,2026-05-18,7,1075830
M085,2026-05-19,0,0
M085,2026-05-20,5,683945
M085,2026-05-21,6,290316
M085,2026-05-22,0,0
M085,2026-05-23,4,261820
M085,2026-05-24,5,614280
M085,2026-05-25,4,666292
M085,2026-05-26,0,0
M085,2026-05-27,0,0
M085,2026-05-28,2,132368
M085,2026-05-29,3,348843
M085,2026-05-30,3,349947
M085,2026-05-31,4,256688
M085,2026-06-01,5,554595
M085,2026-06-02,0,0
M085,2026-06-03,4,716540
M085,2026-06-04,6,258150
M085,2026-06-05,0,0
M085,2026-06-06,0,0
M085,2026-06-07,4,475204
M085,2026-06-08,0,0
M085,2026-06-09,9,637425
M085,2026-06-10,7,1215627
M085,2026-06-11,4,547256
M085,2026-06-12,2,115060
M085,2026-06-13,0,0
M085,2026-06-14,2,341204
M085,2026-06-15,0,0
M085,2026-06-16,6,221376
M085,2026-06-17,3,317613
M085,2026-06-18,3,341292
M085,2026-06-19,0,0
M085,2026-06-20,0,0
M085,2026-06-21,3,188235
M085,2026-06-22,4,642900
M085,2026-06-23,3,238929
M085,2026-06-24,5,360205
M085,2026-06-25,7,1154839
M085,2026-06-26,6,417000
M085,2026-06-27,0,0
M085,2026-06-28,2,72672
M085,2026-06-29,0,0
M085,2026-06-30,2,235114
M085,2026-07-01,1,141898
M085,2026-07-02,0,0
M085,2026-07-03,0,0
M085,2026-07-04,6,212082
M085,2026-07-05,4,259636
M085,2026-07-06,5,670220
M085,2026-07-07,6,513393
M085,2026-07-08,0,0
M085,2026-07-09,7,651604
M085,2026-07-10,0,0
M085,2026-07-11,6,539713
M085,2026-07-12,6,572622
M085,2026-07-13,0,0
M085,2026-07-14,6,552876
M085,2026-07-15,0,0
M085,2026-07-16,0,0
M085,2026-07-17,2,157964
M085,2026-07-18,4,401493
M085,2026-07-19,0,0
M085,2026-07-20,0,0
M085,2026-07-21,0,0
M085,2026-07-22,2,204037
M085,2026-07-23,3,296184
M085,2026-07-24,2,217201
M085,2026-07-25,0,0
M085,2026-07-26,4,388330
M085,2026-07-27,5,467312
M085,2026-07-28,4,388330
M085,2026-07-29,0,0
M085,2026-07-30,0,0
M085,2026-07-31,7,651604
M085,2026-08-01,0,0
M085,2026-08-02,0,0
M085,2026-08-03,6,519967
M085,2026-08-04,7,586100
M085,2026-08-05,8,720057
M085,2026-08-06,0,0
M085,2026-08-07,5,460502
M085,2026-08-08,2,142337
M085,2026-08-09,4,393519
M085,2026-08-10,0,0
M085,2026-08-11,2,209319
M085,2026-08-12,0,0
M085,2026-08-13,1,16745
M085,2026-08-14,8,728430
M085,2026-08-15,0,0
M085,2026-08-16,7,653075
M085,2026-08-17,1,50236
M085,2026-08-18,2,175828
M085,2026-08-19,0,0
M085,2026-08-20,0,0
M085,2026-08-21,5,418638
M085,2026-08-22,5,468874
M085,2026-08-23,0,0
M085,2026-08-24,4,318165
M085,2026-08-25,0,0
M085,2026-08-26,2,167455
M085,2026-08-27,6,560975
M085,2026-08-28,0,0
M085,2026-08-29,0,0
M085,2026-08-30,1,16745
M085,2026-08-31,0,0
M086,2026-08-15,0,0
M086,2026-08-16,0,0
M086,2026-08-17,0,0
M086,2026-08-18,0,0
M086,2026-08-19,0,0
M086,2026-08-20,5,609330
M086,2026-08-21,11,1122704
M086,2026-08-22,5,790975
M086,2026-08-23,7,1631245
M086,2026-08-24,8,1074800
M086,2026-08-25,10,1916880
M086,2026-08-26,10,869850
M086,2026-08-27,10,1337430
M086,2026-08-28,0,0
M086,2026-08-29,0,0
M086,2026-08-30,0,0
M086,2026-08-31,12,1837368
M090,2025-05-17,5,800560
M090,2025-05-18,0,0
M090,2025-05-19,0,0
M090,2025-05-20,2,292110
M090,2025-05-21,2,263488
M090,2025-05-22,4,141588
M090,2025-05-23,0,0
M090,2025-05-24,3,226257
M090,2025-05-25,3,321453
M090,2025-05-26,7,812854
M090,2025-05-27,1,74788
M090,2025-05-28,0,0
M090,2025-05-29,0,0
M090,2025-05-30,4,657368
M090,2025-05-31,3,516648
M090,2025-06-01,3,198681
M090,2025-06-02,9,1149795
M090,2025-06-03,2,72914
M090,2025-06-04,5,461825
M090,2025-06-05,0,0
M090,2025-06-06,2,158472
M090,2025-06-07,3,386982
M090,2025-06-08,0,0
M090,2025-06-09,3,409920
M090,2025-06-10,5,449795
M090,2025-06-11,7,344582
M090,2025-06-12,0,0
M090,2025-06-13,0,0
M090,2025-06-14,5,690590
M090,2025-06-15,7,667051
M090,2025-06-16,6,724938
M090,2025-06-17,5,411060
M090,2025-06-18,5,315440
M090,2025-06-19,0,0
M090,2025-06-20,2,77424
M090,2025-06-21,0,0
M090,2025-06-22,4,554572
M090,2025-06-23,0,0
M090,2025-06-24,1,112884
M090,2025-06-25,0,0
M090,2025-06-26,0,0
M090,2025-06-27,4,624996
M090,2025-06-28,3,410040
M090,2025-06-29,0,0
M090,2025-06-30,0,0
M090,2025-07-01,2,235930
M090,2025-07-02,0,0
M090,2025-07-03,4,153724
M090,2025-07-04,1,39063
M090,2025-07-05,4,282916
M090,2025-07-06,0,0
M090,2025-07-07,0,0
M090,2025-07-08,0,0
M090,2025-07-09,0,0
M090,2025-07-10,5,745550
M090,2025-07-11,0,0
M090,2025-07-12,0,0
M090,2025-07-13,0,0
M090,2025-07-14,6,238410
M090,2025-07-15,3,291864
M090,2025-07-16,0,0
M090,2025-07-17,3,394512
M090,2025-07-18,6,995820
M090,2025-07-19,0,0
M090,2025-07-20,7,732739
M090,2025-07-21,1,176448
M090,2025-07-22,0,0
M090,2025-07-23,0,0
M090,2025-07-24,0,0
M090,2025-07-25,3,177105
M090,2025-07-26,2,264244
M090,2025-07-27,6,753804
M090,2025-07-28,0,0
M090,2025-07-29,1,49500
M090,2025-07-30,7,605577
M090,2025-07-31,1,91568
M090,2025-08-01,0,0
M090,2025-08-02,0,0
M090,2025-08-03,2,147214
M090,2025-08-04,0,0
M090,2025-08-05,3,484584
M090,2025-08-06,0,0
M090,2025-08-07,0,0
M090,2025-08-08,0,0
M090,2025-08-09,1,79156
M090,2025-08-10,3,203058
M090,2025-08-11,7,1159396
M090,2025-08-12,4,301524
M090,2025-08-13,0,0
M090,2025-08-14,9,1475397
M090,2025-08-15,0,0
M090,2025-08-16,4,405988
M090,2025-08-17,10,1230720
M090,2025-08-18,0,0
M090,2025-08-19,5,485190
M090,2025-08-20,0,0
M090,2025-08-21,0,0
M090,2025-08-22,0,0
M090,2025-08-23,0,0
M090,2025-08-24,2,230204
M090,2025-08-25,6,840606
M090,2025-08-26,3,481629
M090,2025-08-27,5,206140
M090,2025-08-28,1,162728
M090,2025-08-29,0,0
M090,2025-08-30,8,973344
M090,2025-08-31,0,0
M090,2025-09-01,0,0
M090,2025-09-02,3,295020
M090,2025-09-03,0,0
M090,2025-09-04,5,822425
M090,2025-09-05,0,0
M090,2025-09-06,7,796901
M090,2025-09-07,6,328230
M090,2025-09-08,6,412182
M090,2025-09-09,0,0
M090,2025-09-10,3,267927
M090,2025-09-11,0,0
M090,2025-09-12,4,545400
M090,2025-09-13,5,317390
M090,2025-09-14,0,0
M090,2025-09-15,0,0
M090,2025-09-16,7,983220
M090,2025-09-17,0,0
M090,2025-09-18,1,139492
M090,2025-09-19,2,179838
M090,2025-09-20,6,1067280
M090,2025-09-21,5,435020
M090,2025-09-22,7,515340
M090,2025-09-23,3,454029
M090,2025-09-24,3,163590
M090,2025-09-25,3,438351
M090,2025-09-26,3,127344
M090,2025-09-27,0,0
M090,2025-09-28,5,536980
M090,2025-09-29,5,736865
M090,2025-09-30,4,503348
M090,2025-10-01,3,194451
M090,2025-10-02,2,173052
M090,2025-10-03,4,433600
M090,2025-10-04,3,436257
M090,2025-10-05,2,269196
M090,2025-10-06,8,639840
M090,2025-10-07,3,349263
M090,2025-10-08,4,670520
M090,2025-10-09,3,148029
M090,2025-10-10,4,535660
M090,2025-10-11,0,0
M090,2025-10-12,3,242805
M090,2025-10-13,2,152214
M090,2025-10-14,4,414216
M090,2025-10-15,2,170804
M090,2025-10-16,0,0
M090,2025-10-17,7,700126
M090,2025-10-18,7,1163750
M090,2025-10-19,6,330948
M090,2025-10-20,3,237915
M090,2025-10-21,0,0
M090,2025-10-22,5,190030
M090,2025-10-23,0,0
M090,2025-10-24,4,273660
M090,2025-10-25,6,404298
M090,2025-10-26,0,0
M090,2025-10-27,0,0
M090,2025-10-28,4,591316
M090,2025-10-29,0,0
M090,2025-10-30,6,529722
M090,2025-10-31,7,249613
M090,2025-11-01,4,142040
M090,2025-11-02,1,62281
M090,2025-11-03,4,301772
M090,2025-11-04,0,0
M090,2025-11-05,3,420687
M090,2025-11-06,2,345174
M090,2025-11-07,0,0
M090,2025-11-08,5,528360
M090,2025-11-09,0,0
M090,2025-11-10,1,155138
M090,2025-11-11,6,746202
M090,2025-11-12,0,0
M090,2025-11-13,4,264200
M090,2025-11-14,0,0
M090,2025-11-15,4,531884
M090,2025-11-16,0,0
M090,2025-11-17,0,0
M090,2025-11-18,8,440784
M090,2025-11-19,3,338841
M090,2025-11-20,0,0
M090,2025-11-21,1,107459
M090,2025-11-22,0,0
M090,2025-11-23,4,582688
M090,2025-11-24,0,0
M090,2025-11-25,0,0
M090,2025-11-26,7,1147454
M090,2025-11-27,0,0
M090,2025-11-28,0,0
M090,2025-11-29,3,361008
M090,2025-11-30,3,522729
M090,2025-12-01,0,0
M090,2025-12-02,3,474681
M090,2025-12-03,2,134086
M090,2025-12-04,7,801899
M090,2025-12-05,1,87907
M090,2025-12-06,1,35807
M090,2025-12-07,0,0
M090,2025-12-08,0,0
M090,2025-12-09,0,0
M090,2025-12-10,0,0
M090,2025-12-11,0,0
M090,2025-12-12,0,0
M090,2025-12-13,3,369783
M090,2025-12-14,6,369744
M090,2025-12-15,3,263319
M090,2025-12-16,0,0
M090,2025-12-17,0,0
M090,2025-12-18,7,1196657
M090,2025-12-19,0,0
M090,2025-12-20,0,0
M090,2025-12-21,5,450085
M090,2025-12-22,2,319128
M090,2025-12-23,0,0
M090,2025-12-24,2,339432
M090,2025-12-25,4,456164
M090,2025-12-26,0,0
M090,2025-12-27,0,0
M090,2025-12-28,0,0
M090,2025-12-29,5,364485
M090,2025-12-30,0,0
M090,2025-12-31,0,0
M090,2026-01-01,5,538560
M090,2026-01-02,0,0
M090,2026-01-03,0,0
M090,2026-01-04,0,0
M090,2026-01-05,8,321768
M090,2026-01-06,0,0
M090,2026-01-07,0,0
M090,2026-01-08,0,0
M090,2026-01-09,0,0
M090,2026-01-10,4,157076
M090,2026-01-11,7,573433
M090,2026-01-12,1,132224
M090,2026-01-13,2,177982
M090,2026-01-14,4,713416
M090,2026-01-15,0,0
M090,2026-01-16,5,407710
M090,2026-01-17,0,0
M090,2026-01-18,3,499389
M090,2026-01-19,5,490205
M090,2026-01-20,4,332840
M090,2026-01-21,0,0
M090,2026-01-22,0,0
M090,2026-01-23,5,661710
M090,2026-01-24,6,1028922
M090,2026-01-25,3,312738
M090,2026-01-26,5,533750
M090,2026-01-27,3,123006
M090,2026-01-28,0,0
M090,2026-01-29,6,794196
M090,2026-01-30,3,359274
M090,2026-01-31,4,696844
M090,2026-02-01,6,883716
M090,2026-02-02,8,292808
M090,2026-02-03,0,0
M090,2026-02-04,0,0
M090,2026-02-05,5,422130
M090,2026-02-06,0,0
M090,2026-02-07,0,0
M090,2026-02-08,7,1145032
M090,2026-02-09,2,269178
M090,2026-02-10,2,210866
M090,2026-02-11,0,0
M090,2026-02-12,3,392493
M090,2026-02-13,0,0
M090,2026-02-14,7,307643
M090,2026-02-15,5,747820
M090,2026-02-16,0,0
M090,2026-02-17,3,158520
M090,2026-02-18,0,0
M090,2026-02-19,4,410416
M090,2026-02-20,8,1312744
M090,2026-02-21,0,0
M090,2026-02-22,4,515424
M090,2026-02-23,5,786375
M090,2026-02-24,6,541224
M090,2026-02-25,0,0
M090,2026-02-26,3,164613
M090,2026-02-27,7,298760
M090,2026-02-28,4,396020
M090,2026-03-01,0,0
M090,2026-03-02,0,0
M090,2026-03-03,4,594832
M090,2026-03-04,3,436506
M090,2026-03-05,0,0
M090,2026-03-06,0,0
M090,2026-03-07,0,0
M090,2026-03-08,2,227580
M090,2026-03-09,3,245556
M090,2026-03-10,0,0
M090,2026-03-11,6,513288
M090,2026-03-12,4,522964
M090,2026-03-13,0,0
M090,2026-03-14,4,676668
M090,2026-03-15,4,327744
M090,2026-03-16,6,416346
M090,2026-03-17,5,300155
M090,2026-03-18,0,0
M090,2026-03-19,5,312300
M090,2026-03-20,0,0
M090,2026-03-21,3,518094
M090,2026-03-22,0,0
M090,2026-03-23,0,0
M090,2026-03-24,8,304160
M090,2026-03-25,4,452724
M090,2026-03-26,1,89332
M090,2026-03-27,6,670956
M090,2026-03-28,4,177068
M090,2026-03-29,0,0
M090,2026-03-30,1,54265
M090,2026-03-31,2,285608
M090,2026-04-01,1,93816
M090,2026-04-02,0,0
M090,2026-04-03,4,284176
M090,2026-04-04,0,0
M090,2026-04-05,4,474840
M090,2026-04-06,0,0
M090,2026-04-07,0,0
M090,2026-04-08,3,282546
M090,2026-04-09,2,289538
M090,2026-04-10,0,0
M090,2026-04-11,4,254312
M090,2026-04-12,0,0
M090,2026-04-13,2,254948
M090,2026-04-14,0,0
M090,2026-04-15,2,129588
M090,2026-04-16,7,905065
M090,2026-04-17,0,0
M090,2026-04-18,3,246426
M090,2026-04-19,5,305755
M090,2026-04-20,0,0
M090,2026-04-21,2,108446
M090,2026-04-22,4,670560
M090,2026-04-23,0,0
M090,2026-04-24,3,450954
M090,2026-04-25,0,0
M090,2026-04-26,0,0
M090,2026-04-27,2,71314
M090,2026-04-28,2,218912
M090,2026-04-29,5,537810
M090,2026-04-30,0,0
M090,2026-05-01,0,0
M090,2026-05-02,6,479652
M090,2026-05-03,0,0
M090,2026-05-04,0,0
M090,2026-05-05,3,269598
M090,2026-05-06,0,0
M090,2026-05-07,0,0
M090,2026-05-08,0,0
M090,2026-05-09,7,998361
M090,2026-05-10,0,0
M090,2026-05-11,0,0
M090,2026-05-12,0,0
M090,2026-05-13,5,748890
M090,2026-05-14,2,193360
M090,2026-05-15,6,234114
M090,2026-05-16,2,267958
M090,2026-05-17,0,0
M090,2026-05-18,0,0
M090,2026-05-19,0,0
M090,2026-05-20,0,0
M090,2026-05-21,2,206356
M090,2026-05-22,5,678355
M090,2026-05-23,3,186162
M090,2026-05-24,0,0
M090,2026-05-25,6,1019106
M090,2026-05-26,4,719080
M090,2026-05-27,0,0
M090,2026-05-28,3,384621
M090,2026-05-29,7,669914
M090,2026-05-30,5,422045
M090,2026-05-31,6,982284
M090,2026-06-01,5,423715
M090,2026-06-02,0,0
M090,2026-06-03,0,0
M090,2026-06-04,5,280385
M090,2026-06-05,0,0
M090,2026-06-06,0,0
M090,2026-06-07,0,0
M090,2026-06-08,6,544284
M090,2026-06-09,0,0
M090,2026-06-10,5,301555
M090,2026-06-11,0,0
M090,2026-06-12,2,180042
M090,2026-06-13,4,582072
M090,2026-06-14,4,421060
M090,2026-06-15,0,0
M090,2026-06-16,0,0
M090,2026-06-17,0,0
M090,2026-06-18,7,333641
M090,2026-06-19,5,829030
M090,2026-06-20,0,0
M090,2026-06-21,0,0
M090,2026-06-22,0,0
M090,2026-06-23,2,150934
M090,2026-06-24,1,91910
M090,2026-06-25,4,714016
M090,2026-06-26,0,0
M090,2026-06-27,0,0
M090,2026-06-28,3,114882
M090,2026-06-29,5,339835
M090,2026-06-30,7,989128
M090,2026-07-01,4,151336
M090,2026-07-02,1,151981
M090,2026-07-03,0,0
M090,2026-07-04,4,579124
M090,2026-07-05,0,0
M090,2026-07-06,2,311430
M090,2026-07-07,0,0
M090,2026-07-08,5,458751
M090,2026-07-09,0,0
M090,2026-07-10,3,303986
M090,2026-07-11,4,386892
M090,2026-07-12,4,320567
M090,2026-07-13,6,552703
M090,2026-07-14,5,442162
M090,2026-07-15,2,215554
M090,2026-07-16,6,497432
M090,2026-07-17,5,414527
M090,2026-07-18,5,414527
M090,2026-07-19,0,0
M090,2026-07-20,6,552703
M090,2026-07-21,0,0
M090,2026-07-22,4,375838
M090,2026-07-23,1,44216
M090,2026-07-24,0,0
M090,2026-07-25,0,0
M090,2026-07-26,0,0
M090,2026-07-27,3,298459
M090,2026-07-28,0,0
M090,2026-07-29,5,469797
M090,2026-07-30,3,254243
M090,2026-07-31,2,221081
M090,2026-08-01,5,414527
M090,2026-08-02,0,0
M090,2026-08-03,3,226608
M090,2026-08-04,0,0
M090,2026-08-05,0,0
M090,2026-08-06,0,0
M090,2026-08-07,0,0
M090,2026-08-08,0,0
M090,2026-08-09,0,0
M090,2026-08-10,0,0
M090,2026-08-11,0,0
M090,2026-08-12,0,0
M090,2026-08-13,0,0
M090,2026-08-14,0,0
M090,2026-08-15,0,0
M090,2026-08-16,0,0
M090,2026-08-17,0,0
M090,2026-08-18,0,0
M090,2026-08-19,0,0
M090,2026-08-20,0,0
M090,2026-08-21,0,0
M090,2026-08-22,0,0
M090,2026-08-23,0,0
M090,2026-08-24,0,0
M090,2026-08-25,0,0
M090,2026-08-26,0,0
M090,2026-08-27,0,0
M090,2026-08-28,0,0
M090,2026-08-29,0,0
M090,2026-08-30,0,0
M090,2026-08-31,0,0
M091,2025-10-03,0,0
M091,2025-10-04,0,0
M091,2025-10-05,0,0
M091,2025-10-06,0,0
M091,2025-10-07,0,0
M091,2025-10-08,3,260262
M091,2025-10-09,4,527992
M091,2025-10-10,0,0
M091,2025-10-11,5,564515
M091,2025-10-12,0,0
M091,2025-10-13,6,502152
M091,2025-10-14,5,588025
M091,2025-10-15,4,551784
M091,2025-10-16,0,0
M091,2025-10-17,0,0
M091,2025-10-18,0,0
M091,2025-10-19,3,357726
M091,2025-10-20,3,188940
M091,2025-10-21,7,352786
M091,2025-10-22,4,219660
M091,2025-10-23,3,350913
M091,2025-10-24,4,704204
M091,2025-10-25,0,0
M091,2025-10-26,4,707484
M091,2025-10-27,3,256140
M091,2025-10-28,0,0
M091,2025-10-29,2,232266
M091,2025-10-30,4,303568
M091,2025-10-31,0,0
M091,2025-11-01,0,0
M091,2025-11-02,3,445041
M091,2025-11-03,7,1143065
M091,2025-11-04,0,0
M091,2025-11-05,0,0
M091,2025-11-06,0,0
M091,2025-11-07,1,52691
M091,2025-11-08,0,0
M091,2025-11-09,1,137165
M091,2025-11-10,6,918300
M091,2025-11-11,0,0
M091,2025-11-12,0,0
M091,2025-11-13,0,0
M091,2025-11-14,0,0
M091,2025-11-15,4,506364
M091,2025-11-16,0,0
M091,2025-11-17,3,452817
M091,2025-11-18,4,502616
M091,2025-11-19,7,1028769
M091,2025-11-20,0,0
M091,2025-11-21,2,79730
M091,2025-11-22,2,100084
M091,2025-11-23,0,0
M091,2025-11-24,0,0
M091,2025-11-25,0,0
M091,2025-11-26,0,0
M091,2025-11-27,5,605190
M091,2025-11-28,0,0
M091,2025-11-29,3,210990
M091,2025-11-30,5,419440
M091,2025-12-01,4,330772
M091,2025-12-02,0,0
M091,2025-12-03,5,732045
M091,2025-12-04,8,1409360
M091,2025-12-05,4,408312
M091,2025-12-06,5,799030
M091,2025-12-07,8,1332992
M091,2025-12-08,7,712138
M091,2025-12-09,2,195634
M091,2025-12-10,0,0
M091,2025-12-11,0,0
M091,2025-12-12,2,83370
M091,2025-12-13,7,1240890
M091,2025-12-14,0,0
M091,2025-12-15,7,652232
M091,2025-12-16,0,0
M091,2025-12-17,4,538800
M091,2025-12-18,2,172466
M091,2025-12-19,6,498294
M091,2025-12-20,6,732060
M091,2025-12-21,0,0
M091,2025-12-22,2,70780
M091,2025-12-23,5,740905
M091,2025-12-24,4,570280
M091,2025-12-25,6,211146
M091,2025-12-26,9,1124937
M091,2025-12-27,3,358569
M091,2025-12-28,0,0
M091,2025-12-29,3,343401
M091,2025-12-30,1,157667
M091,2025-12-31,5,423370
M091,2026-01-01,0,0
M091,2026-01-02,0,0
M091,2026-01-03,0,0
M091,2026-01-04,6,767394
M091,2026-01-05,8,309808
M091,2026-01-06,0,0
M091,2026-01-07,0,0
M091,2026-01-08,0,0
M091,2026-01-09,2,131428
M091,2026-01-10,0,0
M091,2026-01-11,0,0
M091,2026-01-12,5,678605
M091,2026-01-13,3,495198
M091,2026-01-14,3,267837
M091,2026-01-15,0,0
M091,2026-01-16,2,119844
M091,2026-01-17,1,55821
M091,2026-01-18,0,0
M091,2026-01-19,0,0
M091,2026-01-20,0,0
M091,2026-01-21,0,0
M091,2026-01-22,5,189285
M091,2026-01-23,3,478263
M091,2026-01-24,2,160710
M091,2026-01-25,8,919088
M091,2026-01-26,3,219264
M091,2026-01-27,0,0
M091,2026-01-28,0,0
M091,2026-01-29,0,0
M091,2026-01-30,4,290420
M091,2026-01-31,3,327744
M091,2026-02-01,0,0
M091,2026-02-02,4,174936
M091,2026-02-03,0,0
M091,2026-02-04,3,126120
M091,2026-02-05,2,163880
M091,2026-02-06,0,0
M091,2026-02-07,0,0
M091,2026-02-08,4,234968
M091,2026-02-09,4,184600
M091,2026-02-10,2,87458
M091,2026-02-11,0,0
M091,2026-02-12,0,0
M091,2026-02-13,1,97293
M091,2026-02-14,2,351644
M091,2026-02-15,2,262030
M091,2026-02-16,3,153300
M091,2026-02-17,4,306920
M091,2026-02-18,0,0
M091,2026-02-19,2,204192
M091,2026-02-20,6,877344
M091,2026-02-21,0,0
M091,2026-02-22,0,0
M091,2026-02-23,4,393908
M091,2026-02-24,6,915426
M091,2026-02-25,7,1189937
M091,2026-02-26,1,179303
M091,2026-02-27,4,325600
M091,2026-02-28,5,193420
M091,2026-03-01,0,0
M091,2026-03-02,9,870687
M091,2026-03-03,0,0
M091,2026-03-04,3,474567
M091,2026-03-05,3,203496
M091,2026-03-06,0,0
M091,2026-03-07,3,338010
M091,2026-03-08,5,405730
M091,2026-03-09,3,274971
M091,2026-03-10,0,0
M091,2026-03-11,0,0
M091,2026-03-12,3,213162
M091,2026-03-13,0,0
M091,2026-03-14,0,0
M091,2026-03-15,5,735170
M091,2026-03-16,0,0
M091,2026-03-17,4,180324
M091,2026-03-18,1,120473
M091,2026-03-19,0,0
M091,2026-03-20,5,638715
M091,2026-03-21,6,273642
M091,2026-03-22,0,0
M091,2026-03-23,0,0
M091,2026-03-24,6,366564
M091,2026-03-25,0,0
M091,2026-03-26,3,266001
M091,2026-03-27,0,0
M091,2026-03-28,0,0
M091,2026-03-29,0,0
M091,2026-03-30,0,0
M091,2026-03-31,5,490795
M091,2026-04-01,7,422345
M091,2026-04-02,0,0
M091,2026-04-03,5,498215
M091,2026-04-04,4,713012
M091,2026-04-05,7,245273
M091,2026-04-06,4,418288
M091,2026-04-07,5,791150
M091,2026-04-08,0,0
M091,2026-04-09,0,0
M091,2026-04-10,5,529325
M091,2026-04-11,0,0
M091,2026-04-12,3,277392
M091,2026-04-13,5,581840
M091,2026-04-14,9,507618
M091,2026-04-15,5,281125
M091,2026-04-16,0,0
M091,2026-04-17,0,0
M091,2026-04-18,2,329032
M091,2026-04-19,0,0
M091,2026-04-20,0,0
M091,2026-04-21,0,0
M091,2026-04-22,7,319018
M091,2026-04-23,0,0
M091,2026-04-24,2,330126
M091,2026-04-25,0,0
M091,2026-04-26,1,36942
M091,2026-04-27,4,186588
M091,2026-04-28,2,118610
M091,2026-04-29,0,0
M091,2026-04-30,0,0
M091,2026-05-01,0,0
M091,2026-05-02,0,0
M091,2026-05-03,0,0
M091,2026-05-04,0,0
M091,2026-05-05,0,0
M091,2026-05-06,0,0
M091,2026-05-07,0,0
M091,2026-05-08,1,114451
M091,2026-05-09,0,0
M091,2026-05-10,3,181089
M091,2026-05-11,3,297774
M091,2026-05-12,2,326088
M091,2026-05-13,5,658245
M091,2026-05-14,1,130199
M091,2026-05-15,0,0
M091,2026-05-16,3,510414
M091,2026-05-17,0,0
M091,2026-05-18,4,443612
M091,2026-05-19,1,51322
M091,2026-05-20,0,0
M091,2026-05-21,3,479061
M091,2026-05-22,3,345225
M091,2026-05-23,0,0
M091,2026-05-24,1,143098
M091,2026-05-25,0,0
M091,2026-05-26,5,520845
M091,2026-05-27,0,0
M091,2026-05-28,0,0
M091,2026-05-29,5,233440
M091,2026-05-30,4,596132
M091,2026-05-31,0,0
M091,2026-06-01,5,850180
M091,2026-06-02,3,462840
M091,2026-06-03,2,138202
M091,2026-06-04,6,1060074
M091,2026-06-05,1,42803
M091,2026-06-06,3,152634
M091,2026-06-07,5,250380
M091,2026-06-08,1,128903
M091,2026-06-09,0,0
M091,2026-06-10,0,0
M091,2026-06-11,4,177440
M091,2026-06-12,3,322977
M091,2026-06-13,0,0
M091,2026-06-14,1,155254
M091,2026-06-15,4,212032
M091,2026-06-16,0,0
M091,2026-06-17,2,142054
M091,2026-06-18,7,385364
M091,2026-06-19,0,0
M091,2026-06-20,0,0
M091,2026-06-21,8,642656
M091,2026-06-22,2,335218
M091,2026-06-23,0,0
M091,2026-06-24,1,175840
M091,2026-06-25,0,0
M091,2026-06-26,0,0
M091,2026-06-27,4,204320
M091,2026-06-28,1,69682
M091,2026-06-29,4,272908
M091,2026-06-30,4,636132
M091,2026-07-01,3,373413
M091,2026-07-02,4,716900
M091,2026-07-03,0,0
M091,2026-07-04,2,300796
M091,2026-07-05,5,693665
M091,2026-07-06,4,208444
M091,2026-07-07,10,873617
M091,2026-07-08,3,273554
M091,2026-07-09,5,476514
M091,2026-07-10,0,0
M091,2026-07-11,9,803015
M091,2026-07-12,5,441217
M091,2026-07-13,1,35297
M091,2026-07-14,2,141189
M091,2026-07-15,4,388271
M091,2026-07-16,2,150013
M091,2026-07-17,0,0
M091,2026-07-18,5,405919
M091,2026-07-19,1,61770
M091,2026-07-20,5,414744
M091,2026-07-21,0,0
M091,2026-07-22,5,485338
M091,2026-07-23,0,0
M091,2026-07-24,0,0
M091,2026-07-25,9,767717
M091,2026-07-26,3,255905
M091,2026-07-27,7,653001
M091,2026-07-28,10,855961
M091,2026-07-29,0,0
M091,2026-07-30,0,0
M091,2026-07-31,0,0
M091,2026-08-01,0,0
M091,2026-08-02,2,158838
M091,2026-08-03,1,88243
M091,2026-08-04,0,0
M091,2026-08-05,0,0
M091,2026-08-06,0,0
M091,2026-08-07,0,0
M091,2026-08-08,0,0
M091,2026-08-09,0,0
M091,2026-08-10,0,0
M091,2026-08-11,0,0
M091,2026-08-12,0,0
M091,2026-08-13,0,0
M091,2026-08-14,0,0
M091,2026-08-15,0,0
M091,2026-08-16,0,0
M091,2026-08-17,0,0
M091,2026-08-18,0,0
M091,2026-08-19,0,0
M091,2026-08-20,0,0
M091,2026-08-21,0,0
M091,2026-08-22,0,0
M091,2026-08-23,0,0
M091,2026-08-24,0,0
M091,2026-08-25,0,0
M091,2026-08-26,0,0
M091,2026-08-27,0,0
M091,2026-08-28,0,0
M091,2026-08-29,0,0
M091,2026-08-30,0,0
M091,2026-08-31,0,0
M092,2025-03-07,0,0
M092,2025-03-08,0,0
M092,2025-03-09,1,60980
M092,2025-03-10,0,0
M092,2025-03-11,4,479896
M092,2025-03-12,4,333720
M092,2025-03-13,4,461760
M092,2025-03-14,2,123992
M092,2025-03-15,3,391413
M092,2025-03-16,0,0
M092,2025-03-17,5,392080
M092,2025-03-18,0,0
M092,2025-03-19,7,1259356
M092,2025-03-20,4,620048
M092,2025-03-21,4,188752
M092,2025-03-22,2,245890
M092,2025-03-23,1,85746
M092,2025-03-24,5,482210
M092,2025-03-25,0,0
M092,2025-03-26,4,636032
M092,2025-03-27,0,0
M092,2025-03-28,2,196814
M092,2025-03-29,5,585905
M092,2025-03-30,0,0
M092,2025-03-31,6,366438
M092,2025-04-01,0,0
M092,2025-04-02,0,0
M092,2025-04-03,0,0
M092,2025-04-04,0,0
M092,2025-04-05,5,610660
M092,2025-04-06,0,0
M092,2025-04-07,0,0
M092,2025-04-08,1,117705
M092,2025-04-09,6,886236
M092,2025-04-10,4,485184
M092,2025-04-11,2,231088
M092,2025-04-12,5,186690
M092,2025-04-13,5,535510
M092,2025-04-14,6,958146
M092,2025-04-15,0,0
M092,2025-04-16,1,174128
M092,2025-04-17,1,58817
M092,2025-04-18,0,0
M092,2025-04-19,0,0
M092,2025-04-20,0,0
M092,2025-04-21,4,363392
M092,2025-04-22,6,593628
M092,2025-04-23,0,0
M092,2025-04-24,0,0
M092,2025-04-25,1,57596
M092,2025-04-26,0,0
M092,2025-04-27,2,164540
M092,2025-04-28,3,107919
M092,2025-04-29,5,628920
M092,2025-04-30,8,1126888
M092,2025-05-01,0,0
M092,2025-05-02,0,0
M092,2025-05-03,3,132255
M092,2025-05-04,0,0
M092,2025-05-05,0,0
M092,2025-05-06,0,0
M092,2025-05-07,6,1002708
M092,2025-05-08,7,1007503
M092,2025-05-09,0,0
M092,2025-05-10,3,294426
M092,2025-05-11,0,0
M092,2025-05-12,0,0
M092,2025-05-13,5,867565
M092,2025-05-14,3,311820
M092,2025-05-15,0,0
M092,2025-05-16,5,636815
M092,2025-05-17,6,538578
M092,2025-05-18,4,477504
M092,2025-05-19,0,0
M092,2025-05-20,0,0
M092,2025-05-21,0,0
M092,2025-05-22,5,754875
M092,2025-05-23,5,762980
M092,2025-05-24,6,344406
M092,2025-05-25,1,64205
M092,2025-05-26,5,683185
M092,2025-05-27,7,788984
M092,2025-05-28,1,89408
M092,2025-05-29,5,821310
M092,2025-05-30,4,552232
M092,2025-05-31,3,204714
M092,2025-06-01,6,409188
M092,2025-06-02,0,0
M092,2025-06-03,0,0
M092,2025-06-04,5,437620
M092,2025-06-05,0,0
M092,2025-06-06,6,566040
M092,2025-06-07,0,0
M092,2025-06-08,4,470076
M092,2025-06-09,5,404675
M092,2025-06-10,5,492935
M092,2025-06-11,0,0
M092,2025-06-12,0,0
M092,2025-06-13,0,0
M092,2025-06-14,4,371500
M092,2025-06-15,4,283536
M092,2025-06-16,0,0
M092,2025-06-17,0,0
M092,2025-06-18,4,346708
M092,2025-06-19,0,0
M092,2025-06-20,0,0
M092,2025-06-21,4,171900
M092,2025-06-22,0,0
M092,2025-06-23,6,578070
M092,2025-06-24,0,0
M092,2025-06-25,5,296025
M092,2025-06-26,2,318384
M092,2025-06-27,3,428175
M092,2025-06-28,6,1054212
M092,2025-06-29,3,324672
M092,2025-06-30,0,0
M092,2025-07-01,5,884295
M092,2025-07-02,4,223676
M092,2025-07-03,0,0
M092,2025-07-04,0,0
M092,2025-07-05,5,419450
M092,2025-07-06,11,591426
M092,2025-07-07,2,287026
M092,2025-07-08,2,70754
M092,2025-07-09,5,744870
M092,2025-07-10,1,98312
M092,2025-07-11,2,302204
M092,2025-07-12,3,303117
M092,2025-07-13,0,0
M092,2025-07-14,0,0
M092,2025-07-15,3,480879
M092,2025-07-16,6,473616
M092,2025-07-17,4,156156
M092,2025-07-18,0,0
M092,2025-07-19,3,245976
M092,2025-07-20,1,113185
M092,2025-07-21,6,520008
M092,2025-07-22,5,385240
M092,2025-07-23,1,144209
M092,2025-07-24,5,291795
M092,2025-07-25,5,245015
M092,2025-07-26,4,533244
M092,2025-07-27,0,0
M092,2025-07-28,0,0
M092,2025-07-29,4,332460
M092,2025-07-30,3,356370
M092,2025-07-31,3,443865
M092,2025-08-01,5,796685
M092,2025-08-02,0,0
M092,2025-08-03,0,0
M092,2025-08-04,2,312656
M092,2025-08-05,3,414222
M092,2025-08-06,0,0
M092,2025-08-07,0,0
M092,2025-08-08,7,532581
M092,2025-08-09,2,200040
M092,2025-08-10,0,0
M092,2025-08-11,5,859530
M092,2025-08-12,0,0
M092,2025-08-13,5,470625
M092,2025-08-14,5,727890
M092,2025-08-15,0,0
M092,2025-08-16,0,0
M092,2025-08-17,3,200193
M092,2025-08-18,0,0
M092,2025-08-19,0,0
M092,2025-08-20,3,199101
M092,2025-08-21,8,493816
M092,2025-08-22,4,422924
M092,2025-08-23,2,98094
M092,2025-08-24,6,440130
M092,2025-08-25,0,0
M092,2025-08-26,2,345742
M092,2025-08-27,4,473564
M092,2025-08-28,3,140262
M092,2025-08-29,4,577776
M092,2025-08-30,6,849618
M092,2025-08-31,3,458652
M092,2025-09-01,3,194346
M092,2025-09-02,3,382839
M092,2025-09-03,1,91072
M092,2025-09-04,0,0
M092,2025-09-05,3,406692
M092,2025-09-06,0,0
M092,2025-09-07,3,283401
M092,2025-09-08,3,366267
M092,2025-09-09,0,0
M092,2025-09-10,4,423536
M092,2025-09-11,0,0
M092,2025-09-12,5,844220
M092,2025-09-13,0,0
M092,2025-09-14,0,0
M092,2025-09-15,4,356640
M092,2025-09-16,2,96218
M092,2025-09-17,2,101590
M092,2025-09-18,3,325515
M092,2025-09-19,0,0
M092,2025-09-20,0,0
M092,2025-09-21,3,425607
M092,2025-09-22,3,307128
M092,2025-09-23,6,592650
M092,2025-09-24,5,676890
M092,2025-09-25,4,364868
M092,2025-09-26,7,733292
M092,2025-09-27,3,256401
M092,2025-09-28,0,0
M092,2025-09-29,5,498625
M092,2025-09-30,0,0
M092,2025-10-01,0,0
M092,2025-10-02,1,111631
M092,2025-10-03,3,410163
M092,2025-10-04,0,0
M092,2025-10-05,0,0
M092,2025-10-06,0,0
M092,2025-10-07,1,47151
M092,2025-10-08,3,487059
M092,2025-10-09,3,386529
M092,2025-10-10,1,119593
M092,2025-10-11,3,484626
M092,2025-10-12,5,345540
M092,2025-10-13,4,441068
M092,2025-10-14,6,545130
M092,2025-10-15,7,508242
M092,2025-10-16,5,479100
M092,2025-10-17,2,319682
M092,2025-10-18,0,0
M092,2025-10-19,0,0
M092,2025-10-20,3,394557
M092,2025-10-21,8,796672
M092,2025-10-22,0,0
M092,2025-10-23,4,671928
M092,2025-10-24,4,362284
M092,2025-10-25,4,687540
M092,2025-10-26,6,280302
M092,2025-10-27,0,0
M092,2025-10-28,4,156080
M092,2025-10-29,8,851432
M092,2025-10-30,0,0
M092,2025-10-31,8,1404384
M092,2025-11-01,5,504570
M092,2025-11-02,0,0
M092,2025-11-03,1,86073
M092,2025-11-04,0,0
M092,2025-11-05,0,0
M092,2025-11-06,0,0
M092,2025-11-07,3,392862
M092,2025-11-08,0,0
M092,2025-11-09,0,0
M092,2025-11-10,0,0
M092,2025-11-11,4,239316
M092,2025-11-12,0,0
M092,2025-11-13,0,0
M092,2025-11-14,0,0
M092,2025-11-15,5,684400
M092,2025-11-16,3,253515
M092,2025-11-17,0,0
M092,2025-11-18,0,0
M092,2025-11-19,0,0
M092,2025-11-20,1,36310
M092,2025-11-21,0,0
M092,2025-11-22,4,443592
M092,2025-11-23,6,563376
M092,2025-11-24,0,0
M092,2025-11-25,3,145425
M092,2025-11-26,5,362315
M092,2025-11-27,2,358366
M092,2025-11-28,4,300484
M092,2025-11-29,2,213956
M092,2025-11-30,0,0
M092,2025-12-01,8,491536
M092,2025-12-02,3,302913
M092,2025-12-03,3,462681
M092,2025-12-04,0,0
M092,2025-12-05,4,341848
M092,2025-12-06,8,366744
M092,2025-12-07,0,0
M092,2025-12-08,0,0
M092,2025-12-09,7,912772
M092,2025-12-10,1,131963
M092,2025-12-11,3,227094
M092,2025-12-12,0,0
M092,2025-12-13,0,0
M092,2025-12-14,2,246436
M092,2025-12-15,6,796218
M092,2025-12-16,3,268677
M092,2025-12-17,0,0
M092,2025-12-18,0,0
M092,2025-12-19,0,0
M092,2025-12-20,0,0
M092,2025-12-21,4,334748
M092,2025-12-22,7,610813
M092,2025-12-23,6,812550
M092,2025-12-24,0,0
M092,2025-12-25,4,440916
M092,2025-12-26,8,491296
M092,2025-12-27,0,0
M092,2025-12-28,0,0
M092,2025-12-29,6,509154
M092,2025-12-30,0,0
M092,2025-12-31,2,121746
M092,2026-01-01,0,0
M092,2026-01-02,2,309658
M092,2026-01-03,0,0
M092,2026-01-04,0,0
M092,2026-01-05,3,192963
M092,2026-01-06,0,0
M092,2026-01-07,5,653290
M092,2026-01-08,0,0
M092,2026-01-09,0,0
M092,2026-01-10,0,0
M092,2026-01-11,0,0
M092,2026-01-12,0,0
M092,2026-01-13,6,610152
M092,2026-01-14,0,0
M092,2026-01-15,8,894072
M092,2026-01-16,0,0
M092,2026-01-17,0,0
M092,2026-01-18,0,0
M092,2026-01-19,0,0
M092,2026-01-20,3,219024
M092,2026-01-21,1,174107
M092,2026-01-22,4,219864
M092,2026-01-23,2,153908
M092,2026-01-24,1,176636
M092,2026-01-25,10,1706340
M092,2026-01-26,3,107154
M092,2026-01-27,5,626925
M092,2026-01-28,7,399329
M092,2026-01-29,0,0
M092,2026-01-30,7,522788
M092,2026-01-31,0,0
M092,2026-02-01,4,594592
M092,2026-02-02,0,0
M092,2026-02-03,0,0
M092,2026-02-04,0,0
M092,2026-02-05,0,0
M092,2026-02-06,1,58485
M092,2026-02-07,0,0
M092,2026-02-08,0,0
M092,2026-02-09,5,253990
M092,2026-02-10,0,0
M092,2026-02-11,8,357968
M092,2026-02-12,1,110198
M092,2026-02-13,4,608428
M092,2026-02-14,5,492450
M092,2026-02-15,0,0
M092,2026-02-16,0,0
M092,2026-02-17,6,422700
M092,2026-02-18,4,362736
M092,2026-02-19,3,284694
M092,2026-02-20,8,769360
M092,2026-02-21,0,0
M092,2026-02-22,2,149358
M092,2026-02-23,0,0
M092,2026-02-24,6,384102
M092,2026-02-25,0,0
M092,2026-02-26,3,483666
M092,2026-02-27,0,0
M092,2026-02-28,7,540218
M092,2026-03-01,0,0
M092,2026-03-02,0,0
M092,2026-03-03,0,0
M092,2026-03-04,1,109448
M092,2026-03-05,5,376495
M092,2026-03-06,5,805945
M092,2026-03-07,0,0
M092,2026-03-08,2,104354
M092,2026-03-09,0,0
M092,2026-03-10,8,913808
M092,2026-03-11,4,646696
M092,2026-03-12,0,0
M092,2026-03-13,0,0
M092,2026-03-14,2,130382
M092,2026-03-15,0,0
M092,2026-03-16,10,1182430
M092,2026-03-17,5,838160
M092,2026-03-18,1,117617
M092,2026-03-19,0,0
M092,2026-03-20,0,0
M092,2026-03-21,1,95672
M092,2026-03-22,0,0
M092,2026-03-23,3,270840
M092,2026-03-24,3,225453
M092,2026-03-25,0,0
M092,2026-03-26,0,0
M092,2026-03-27,5,594745
M092,2026-03-28,0,0
M092,2026-03-29,5,599860
M092,2026-03-30,0,0
M092,2026-03-31,2,244176
M092,2026-04-01,0,0
M092,2026-04-02,5,436430
M092,2026-04-03,0,0
M092,2026-04-04,5,200050
M092,2026-04-05,8,928168
M092,2026-04-06,3,454428
M092,2026-04-07,3,132297
M092,2026-04-08,0,0
M092,2026-04-09,0,0
M092,2026-04-10,0,0
M092,2026-04-11,5,533510
M092,2026-04-12,3,340257
M092,2026-04-13,2,359184
M092,2026-04-14,0,0
M092,2026-04-15,0,0
M092,2026-04-16,5,191875
M092,2026-04-17,5,281780
M092,2026-04-18,0,0
M092,2026-04-19,0,0
M092,2026-04-20,2,351726
M092,2026-04-21,0,0
M092,2026-04-22,5,608725
M092,2026-04-23,0,0
M092,2026-04-24,6,988182
M092,2026-04-25,0,0
M092,2026-04-26,0,0
M092,2026-04-27,6,846864
M092,2026-04-28,4,548752
M092,2026-04-29,0,0
M092,2026-04-30,0,0
M092,2026-05-01,0,0
M092,2026-05-02,4,336532
M092,2026-05-03,1,76424
M092,2026-05-04,8,771624
M092,2026-05-05,0,0
M092,2026-05-06,4,549820
M092,2026-05-07,2,338448
M092,2026-05-08,5,407190
M092,2026-05-09,0,0
M092,2026-05-10,7,792176
M092,2026-05-11,4,458516
M092,2026-05-12,0,0
M092,2026-05-13,4,688840
M092,2026-05-14,3,515898
M092,2026-05-15,3,322737
M092,2026-05-16,2,357662
M092,2026-05-17,4,176924
M092,2026-05-18,3,444537
M092,2026-05-19,0,0
M092,2026-05-20,4,680212
M092,2026-05-21,0,0
M092,2026-05-22,1,165696
M092,2026-05-23,5,514880
M092,2026-05-24,2,147814
M092,2026-05-25,3,431898
M092,2026-05-26,4,148984
M092,2026-05-27,2,86094
M092,2026-05-28,4,178232
M092,2026-05-29,5,739680
M092,2026-05-30,0,0
M092,2026-05-31,2,282342
M092,2026-06-01,4,699228
M092,2026-06-02,5,870040
M092,2026-06-03,0,0
M092,2026-06-04,0,0
M092,2026-06-05,0,0
M092,2026-06-06,3,324627
M092,2026-06-07,0,0
M092,2026-06-08,3,126534
M092,2026-06-09,5,876010
M092,2026-06-10,0,0
M092,2026-06-11,4,357964
M092,2026-06-12,4,518988
M092,2026-06-13,8,906896
M092,2026-06-14,2,172202
M092,2026-06-15,6,532590
M092,2026-06-16,0,0
M092,2026-06-17,0,0
M092,2026-06-18,6,583860
M092,2026-06-19,0,0
M092,2026-06-20,7,876092
M092,2026-06-21,0,0
M092,2026-06-22,4,565744
M092,2026-06-23,0,0
M092,2026-06-24,2,229536
M092,2026-06-25,6,336330
M092,2026-06-26,0,0
M092,2026-06-27,0,0
M092,2026-06-28,0,0
M092,2026-06-29,5,860345
M092,2026-06-30,4,145132
M092,2026-07-01,3,403527
M092,2026-07-02,0,0
M092,2026-07-03,0,0
M092,2026-07-04,5,477315
M092,2026-07-05,0,0
M092,2026-07-06,0,0
M092,2026-07-07,3,261333
M092,2026-07-08,0,0
M092,2026-07-09,3,261317
M092,2026-07-10,4,394538
M092,2026-07-11,4,363795
M092,2026-07-12,0,0
M092,2026-07-13,5,430406
M092,2026-07-14,2,174211
M092,2026-07-15,3,307432
M092,2026-07-16,1,102477
M092,2026-07-17,1,133220
M092,2026-07-18,5,450901
M092,2026-07-19,5,409910
M092,2026-07-20,0,0
M092,2026-07-21,3,292061
M092,2026-07-22,3,297185
M092,2026-07-23,1,97353
M092,2026-07-24,1,97353
M092,2026-07-25,1,10247
M092,2026-07-26,1,117849
M092,2026-07-27,3,281813
M092,2026-07-28,5,450901
M092,2026-07-29,4,389414
M092,2026-07-30,2,184459
M092,2026-07-31,0,0
M092,2026-08-01,4,353547
M092,2026-08-02,1,5123
M092,2026-08-03,4,399662
M092,2026-08-04,2,170914
M092,2026-08-05,2,151184
M092,2026-08-06,4,328661
M092,2026-08-07,4,348381
M092,2026-08-08,3,269502
M092,2026-08-09,7,591591
M092,2026-08-10,7,591591
M092,2026-08-11,0,0
M092,2026-08-12,3,308942
M092,2026-08-13,6,578444
M092,2026-08-14,0,0
M092,2026-08-15,2,157757
M092,2026-08-16,3,269502
M092,2026-08-17,0,0
M092,2026-08-18,3,243209
M092,2026-08-19,5,414113
M092,2026-08-20,0,0
M092,2026-08-21,0,0
M092,2026-08-22,1,65732
M092,2026-08-23,1,85452
M092,2026-08-24,1,124891
M092,2026-08-25,5,446979
M092,2026-08-26,6,558724
M092,2026-08-27,5,427260
M092,2026-08-28,1,72305
M092,2026-08-29,1,32866
M092,2026-08-30,0,0
M092,2026-08-31,0,0
M093,2025-05-15,0,0
M093,2025-05-16,0,0
M093,2025-05-17,2,87708
M093,2025-05-18,7,1151591
M093,2025-05-19,3,340440
M093,2025-05-20,0,0
M093,2025-05-21,3,287385
M093,2025-05-22,2,216788
M093,2025-05-23,0,0
M093,2025-05-24,2,115926
M093,2025-05-25,6,406110
M093,2025-05-26,0,0
M093,2025-05-27,0,0
M093,2025-05-28,0,0
M093,2025-05-29,0,0
M093,2025-05-30,0,0
M093,2025-05-31,0,0
M093,2025-06-01,5,710975
M093,2025-06-02,0,0
M093,2025-06-03,5,769590
M093,2025-06-04,3,322998
M093,2025-06-05,5,232760
M093,2025-06-06,4,449032
M093,2025-06-07,8,852112
M093,2025-06-08,0,0
M093,2025-06-09,0,0
M093,2025-06-10,0,0
M093,2025-06-11,5,495170
M093,2025-06-12,0,0
M093,2025-06-13,0,0
M093,2025-06-14,5,613200
M093,2025-06-15,4,501120
M093,2025-06-16,1,142880
M093,2025-06-17,0,0
M093,2025-06-18,3,494895
M093,2025-06-19,4,141220
M093,2025-06-20,4,507788
M093,2025-06-21,0,0
M093,2025-06-22,5,314160
M093,2025-06-23,0,0
M093,2025-06-24,6,921726
M093,2025-06-25,0,0
M093,2025-06-26,4,603864
M093,2025-06-27,0,0
M093,2025-06-28,0,0
M093,2025-06-29,0,0
M093,2025-06-30,0,0
M093,2025-07-01,3,475248
M093,2025-07-02,0,0
M093,2025-07-03,0,0
M093,2025-07-04,4,476396
M093,2025-07-05,4,180824
M093,2025-07-06,0,0
M093,2025-07-07,2,315186
M093,2025-07-08,8,414120
M093,2025-07-09,3,457032
M093,2025-07-10,0,0
M093,2025-07-11,3,402663
M093,2025-07-12,0,0
M093,2025-07-13,4,706812
M093,2025-07-14,4,278588
M093,2025-07-15,4,490992
M093,2025-07-16,0,0
M093,2025-07-17,5,808820
M093,2025-07-18,0,0
M093,2025-07-19,0,0
M093,2025-07-20,7,1132481
M093,2025-07-21,4,459344
M093,2025-07-22,0,0
M093,2025-07-23,4,657216
M093,2025-07-24,4,511648
M093,2025-07-25,0,0
M093,2025-07-26,5,794960
M093,2025-07-27,4,509772
M093,2025-07-28,0,0
M093,2025-07-29,0,0
M093,2025-07-30,3,172968
M093,2025-07-31,1,78349
M093,2025-08-01,5,836310
M093,2025-08-02,5,731075
M093,2025-08-03,3,515685
M093,2025-08-04,2,265710
M093,2025-08-05,4,233052
M093,2025-08-06,5,328685
M093,2025-08-07,4,596904
M093,2025-08-08,2,138320
M093,2025-08-09,0,0
M093,2025-08-10,0,0
M093,2025-08-11,3,445275
M093,2025-08-12,1,119659
M093,2025-08-13,5,443680
M093,2025-08-14,0,0
M093,2025-08-15,0,0
M093,2025-08-16,0,0
M093,2025-08-17,0,0
M093,2025-08-18,0,0
M093,2025-08-19,0,0
M093,2025-08-20,5,362520
M093,2025-08-21,2,203670
M093,2025-08-22,1,156302
M093,2025-08-23,7,1198694
M093,2025-08-24,0,0
M093,2025-08-25,4,249280
M093,2025-08-26,0,0
M093,2025-08-27,0,0
M093,2025-08-28,1,73430
M093,2025-08-29,5,193190
M093,2025-08-30,5,512745
M093,2025-08-31,4,193460
M093,2025-09-01,0,0
M093,2025-09-02,3,500256
M093,2025-09-03,3,313587
M093,2025-09-04,6,996006
M093,2025-09-05,0,0
M093,2025-09-06,2,331160
M093,2025-09-07,3,229809
M093,2025-09-08,0,0
M093,2025-09-09,3,192687
M093,2025-09-10,5,651110
M093,2025-09-11,8,480232
M093,2025-09-12,7,778407
M093,2025-09-13,5,422585
M093,2025-09-14,0,0
M093,2025-09-15,4,627992
M093,2025-09-16,6,1070508
M093,2025-09-17,6,837348
M093,2025-09-18,9,1229049
M093,2025-09-19,0,0
M093,2025-09-20,7,597499
M093,2025-09-21,5,867280
M093,2025-09-22,7,981806
M093,2025-09-23,2,155010
M093,2025-09-24,0,0
M093,2025-09-25,6,947184
M093,2025-09-26,0,0
M093,2025-09-27,2,161564
M093,2025-09-28,0,0
M093,2025-09-29,5,713235
M093,2025-09-30,6,1078632
M093,2025-10-01,0,0
M093,2025-10-02,5,639175
M093,2025-10-03,6,325476
M093,2025-10-04,2,109688
M093,2025-10-05,5,799800
M093,2025-10-06,0,0
M093,2025-10-07,4,501160
M093,2025-10-08,0,0
M093,2025-10-09,3,303243
M093,2025-10-10,0,0
M093,2025-10-11,0,0
M093,2025-10-12,3,117861
M093,2025-10-13,1,165025
M093,2025-10-14,0,0
M093,2025-10-15,4,550132
M093,2025-10-16,4,166980
M093,2025-10-17,5,570100
M093,2025-10-18,3,243774
M093,2025-10-19,2,87766
M093,2025-10-20,0,0
M093,2025-10-21,2,167926
M093,2025-10-22,7,805847
M093,2025-10-23,0,0
M093,2025-10-24,0,0
M093,2025-10-25,4,271824
M093,2025-10-26,8,828024
M093,2025-10-27,0,0
M093,2025-10-28,1,57201
M093,2025-10-29,4,442916
M093,2025-10-30,3,142983
M093,2025-10-31,0,0
M093,2025-11-01,3,107427
M093,2025-11-02,0,0
M093,2025-11-03,6,692718
M093,2025-11-04,7,818930
M093,2025-11-05,1,162067
M093,2025-11-06,0,0
M093,2025-11-07,4,407468
M093,2025-11-08,1,175740
M093,2025-11-09,1,148308
M093,2025-11-10,3,418773
M093,2025-11-11,2,309106
M093,2025-11-12,4,323732
M093,2025-11-13,3,450858
M093,2025-11-14,0,0
M093,2025-11-15,0,0
M093,2025-11-16,2,76086
M093,2025-11-17,4,427756
M093,2025-11-18,0,0
M093,2025-11-19,0,0
M093,2025-11-20,4,565072
M093,2025-11-21,6,641916
M093,2025-11-22,0,0
M093,2025-11-23,8,952008
M093,2025-11-24,2,79184
M093,2025-11-25,0,0
M093,2025-11-26,3,458712
M093,2025-11-27,0,0
M093,2025-11-28,4,672436
M093,2025-11-29,3,119364
M093,2025-11-30,0,0
M093,2025-12-01,3,481653
M093,2025-12-02,3,150276
M093,2025-12-03,7,691614
M093,2025-12-04,3,238305
M093,2025-12-05,6,378084
M093,2025-12-06,0,0
M093,2025-12-07,0,0
M093,2025-12-08,0,0
M093,2025-12-09,0,0
M093,2025-12-10,3,248304
M093,2025-12-11,0,0
M093,2025-12-12,0,0
M093,2025-12-13,2,122520
M093,2025-12-14,0,0
M093,2025-12-15,6,479412
M093,2025-12-16,2,299684
M093,2025-12-17,0,0
M093,2025-12-18,3,138843
M093,2025-12-19,0,0
M093,2025-12-20,2,134878
M093,2025-12-21,0,0
M093,2025-12-22,1,85469
M093,2025-12-23,0,0
M093,2025-12-24,7,877030
M093,2025-12-25,4,536008
M093,2025-12-26,2,135306
M093,2025-12-27,0,0
M093,2025-12-28,0,0
M093,2025-12-29,8,1064184
M093,2025-12-30,3,282993
M093,2025-12-31,0,0
M093,2026-01-01,5,515445
M093,2026-01-02,2,263502
M093,2026-01-03,6,994164
M093,2026-01-04,5,519100
M093,2026-01-05,0,0
M093,2026-01-06,0,0
M093,2026-01-07,0,0
M093,2026-01-08,0,0
M093,2026-01-09,6,594366
M093,2026-01-10,0,0
M093,2026-01-11,5,769430
M093,2026-01-12,2,140706
M093,2026-01-13,0,0
M093,2026-01-14,0,0
M093,2026-01-15,0,0
M093,2026-01-16,9,1112796
M093,2026-01-17,3,112530
M093,2026-01-18,0,0
M093,2026-01-19,4,537640
M093,2026-01-20,1,173899
M093,2026-01-21,3,406875
M093,2026-01-22,0,0
M093,2026-01-23,0,0
M093,2026-01-24,0,0
M093,2026-01-25,0,0
M093,2026-01-26,0,0
M093,2026-01-27,0,0
M093,2026-01-28,0,0
M093,2026-01-29,4,501380
M093,2026-01-30,0,0
M093,2026-01-31,1,66420
M093,2026-02-01,0,0
M093,2026-02-02,6,756360
M093,2026-02-03,6,696630
M093,2026-02-04,4,673312
M093,2026-02-05,0,0
M093,2026-02-06,0,0
M093,2026-02-07,0,0
M093,2026-02-08,0,0
M093,2026-02-09,4,528788
M093,2026-02-10,0,0
M093,2026-02-11,0,0
M093,2026-02-12,0,0
M093,2026-02-13,1,151763
M093,2026-02-14,0,0
M093,2026-02-15,0,0
M093,2026-02-16,7,293244
M093,2026-02-17,4,699124
M093,2026-02-18,1,102214
M093,2026-02-19,6,563124
M093,2026-02-20,3,233070
M093,2026-02-21,0,0
M093,2026-02-22,0,0
M093,2026-02-23,4,270328
M093,2026-02-24,0,0
M093,2026-02-25,0,0
M093,2026-02-26,6,502986
M093,2026-02-27,5,325645
M093,2026-02-28,0,0
M093,2026-03-01,0,0
M093,2026-03-02,5,317835
M093,2026-03-03,0,0
M093,2026-03-04,5,491645
M093,2026-03-05,3,242514
M093,2026-03-06,0,0
M093,2026-03-07,0,0
M093,2026-03-08,0,0
M093,2026-03-09,6,804672
M093,2026-03-10,0,0
M093,2026-03-11,7,1189685
M093,2026-03-12,0,0
M093,2026-03-13,0,0
M093,2026-03-14,5,417745
M093,2026-03-15,0,0
M093,2026-03-16,3,336825
M093,2026-03-17,6,468654
M093,2026-03-18,0,0
M093,2026-03-19,3,201612
M093,2026-03-20,5,798640
M093,2026-03-21,0,0
M093,2026-03-22,4,639508
M093,2026-03-23,0,0
M093,2026-03-24,5,458930
M093,2026-03-25,2,89104
M093,2026-03-26,0,0
M093,2026-03-27,4,550068
M093,2026-03-28,4,246600
M093,2026-03-29,5,382765
M093,2026-03-30,0,0
M093,2026-03-31,3,408492
M093,2026-04-01,0,0
M093,2026-04-02,4,141960
M093,2026-04-03,0,0
M093,2026-04-04,6,1024128
M093,2026-04-05,1,133365
M093,2026-04-06,0,0
M093,2026-04-07,0,0
M093,2026-04-08,0,0
M093,2026-04-09,5,603855
M093,2026-04-10,3,358602
M093,2026-04-11,4,685388
M093,2026-04-12,5,467605
M093,2026-04-13,1,78438
M093,2026-04-14,1,120170
M093,2026-04-15,3,359073
M093,2026-04-16,3,460602
M093,2026-04-17,3,365619
M093,2026-04-18,7,1230565
M093,2026-04-19,0,0
M093,2026-04-20,10,892190
M093,2026-04-21,0,0
M093,2026-04-22,5,362230
M093,2026-04-23,0,0
M093,2026-04-24,6,639696
M093,2026-04-25,0,0
M093,2026-04-26,8,1105536
M093,2026-04-27,0,0
M093,2026-04-28,4,311028
M093,2026-04-29,4,697248
M093,2026-04-30,2,123118
M093,2026-05-01,2,235766
M093,2026-05-02,1,104573
M093,2026-05-03,5,639505
M093,2026-05-04,0,0
M093,2026-05-05,3,220287
M093,2026-05-06,0,0
M093,2026-05-07,0,0
M093,2026-05-08,4,710568
M093,2026-05-09,3,494667
M093,2026-05-10,4,696008
M093,2026-05-11,7,1055831
M093,2026-05-12,0,0
M093,2026-05-13,5,474195
M093,2026-05-14,0,0
M093,2026-05-15,0,0
M093,2026-05-16,0,0
M093,2026-05-17,7,690221
M093,2026-05-18,0,0
M093,2026-05-19,0,0
M093,2026-05-20,3,315981
M093,2026-05-21,0,0
M093,2026-05-22,4,512164
M093,2026-05-23,5,758805
M093,2026-05-24,0,0
M093,2026-05-25,0,0
M093,2026-05-26,0,0
M093,2026-05-27,0,0
M093,2026-05-28,5,673250
M093,2026-05-29,6,239100
M093,2026-05-30,5,715300
M093,2026-05-31,0,0
M093,2026-06-01,0,0
M093,2026-06-02,0,0
M093,2026-06-03,9,1079721
M093,2026-06-04,0,0
M093,2026-06-05,7,1053689
M093,2026-06-06,0,0
M093,2026-06-07,0,0
M093,2026-06-08,3,423678
M093,2026-06-09,5,829095
M093,2026-06-10,4,525092
M093,2026-06-11,4,685872
M093,2026-06-12,3,464928
M093,2026-06-13,0,0
M093,2026-06-14,6,247386
M093,2026-06-15,5,695780
M093,2026-06-16,3,489147
M093,2026-06-17,5,535520
M093,2026-06-18,0,0
M093,2026-06-19,0,0
M093,2026-06-20,2,344464
M093,2026-06-21,0,0
M093,2026-06-22,3,437607
M093,2026-06-23,3,414150
M093,2026-06-24,4,674568
M093,2026-06-25,5,620820
M093,2026-06-26,7,573797
M093,2026-06-27,0,0
M093,2026-06-28,6,579108
M093,2026-06-29,3,214941
M093,2026-06-30,3,154260
M093,2026-07-01,4,514052
M093,2026-07-02,2,326004
M093,2026-07-03,5,413970
M093,2026-07-04,0,0
M093,2026-07-05,6,270078
M093,2026-07-06,2,350096
M093,2026-07-07,1,7394
M093,2026-07-08,7,672120
M093,2026-07-09,0,0
M093,2026-07-10,5,443156
M093,2026-07-11,2,199420
M093,2026-07-12,2,192034
M093,2026-07-13,7,672120
M093,2026-07-14,0,0
M093,2026-07-15,2,147718
M093,2026-07-16,0,0
M093,2026-07-17,3,228964
M093,2026-07-18,3,258507
M093,2026-07-19,6,576103
M093,2026-07-20,0,0
M093,2026-07-21,0,0
M093,2026-07-22,0,0
M093,2026-07-23,8,716435
M093,2026-07-24,0,0
M093,2026-07-25,1,66473
M093,2026-07-26,3,258507
M093,2026-07-27,8,731207
M093,2026-07-28,5,450542
M093,2026-07-29,0,0
M093,2026-07-30,5,494857
M093,2026-07-31,5,413612
M093,2026-08-01,4,384068
M093,2026-08-02,0,0
M093,2026-08-03,0,0
M093,2026-08-04,0,0
M093,2026-08-05,0,0
M093,2026-08-06,1,115181
M093,2026-08-07,4,337571
M093,2026-08-08,4,397142
M093,2026-08-09,2,186657
M093,2026-08-10,1,63542
M093,2026-08-11,3,266085
M093,2026-08-12,2,162828
M093,2026-08-13,0,0
M093,2026-08-14,1,75457
M093,2026-08-15,4,361400
M093,2026-08-16,3,250200
M093,2026-08-17,4,329628
M093,2026-08-18,3,226371
M093,2026-08-19,4,349485
M093,2026-08-20,1,23828
M093,2026-08-21,0,0
M093,2026-08-22,4,329628
M093,2026-08-23,1,87371
M093,2026-08-24,3,238285
M093,2026-08-25,0,0
M093,2026-08-26,3,297857
M093,2026-08-27,0,0
M093,2026-08-28,3,242257
M093,2026-08-29,0,0
M093,2026-08-30,3,266085
M093,2026-08-31,3,258142
M094,2026-01-01,0,0
M094,2026-01-02,0,0
M094,2026-01-03,0,0
M094,2026-01-04,0,0
M094,2026-01-05,0,0
M094,2026-01-06,0,0
M094,2026-01-07,0,0
M094,2026-01-08,4,265896
M094,2026-01-09,0,0
M094,2026-01-10,0,0
M094,2026-01-11,6,278544
M094,2026-01-12,2,350318
M094,2026-01-13,0,0
M094,2026-01-14,6,533904
M094,2026-01-15,1,38103
M094,2026-01-16,7,445627
M094,2026-01-17,3,259734
M094,2026-01-18,3,111681
M094,2026-01-19,0,0
M094,2026-01-20,4,416152
M094,2026-01-21,6,1076328
M094,2026-01-22,0,0
M094,2026-01-23,2,85458
M094,2026-01-24,4,669692
M094,2026-01-25,0,0
M094,2026-01-26,2,172120
M094,2026-01-27,3,293625
M094,2026-01-28,7,881755
M094,2026-01-29,0,0
M094,2026-01-30,0,0
M094,2026-01-31,6,318528
M094,2026-02-01,0,0
M094,2026-02-02,9,994293
M094,2026-02-03,5,520160
M094,2026-02-04,0,0
M094,2026-02-05,5,354455
M094,2026-02-06,5,492580
M094,2026-02-07,0,0
M094,2026-02-08,5,356415
M094,2026-02-09,3,496410
M094,2026-02-10,0,0
M094,2026-02-11,6,913938
M094,2026-02-12,2,324972
M094,2026-02-13,0,0
M094,2026-02-14,3,454536
M094,2026-02-15,0,0
M094,2026-02-16,0,0
M094,2026-02-17,0,0
M094,2026-02-18,0,0
M094,2026-02-19,0,0
M094,2026-02-20,2,196396
M094,2026-02-21,6,817110
M094,2026-02-22,0,0
M094,2026-02-23,0,0
M094,2026-02-24,0,0
M094,2026-02-25,2,134466
M094,2026-02-26,5,446185
M094,2026-02-27,0,0
M094,2026-02-28,0,0
M094,2026-03-01,0,0
M094,2026-03-02,0,0
M094,2026-03-03,2,204608
M094,2026-03-04,4,503448
M094,2026-03-05,4,600360
M094,2026-03-06,1,126447
M094,2026-03-07,0,0
M094,2026-03-08,0,0
M094,2026-03-09,5,459165
M094,2026-03-10,2,228422
M094,2026-03-11,6,244782
M094,2026-03-12,0,0
M094,2026-03-13,0,0
M094,2026-03-14,0,0
M094,2026-03-15,6,425238
M094,2026-03-16,6,273780
M094,2026-03-17,4,627516
M094,2026-03-18,8,391824
M094,2026-03-19,5,755345
M094,2026-03-20,0,0
M094,2026-03-21,0,0
M094,2026-03-22,0,0
M094,2026-03-23,1,118760
M094,2026-03-24,0,0
M094,2026-03-25,2,227878
M094,2026-03-26,5,269590
M094,2026-03-27,0,0
M094,2026-03-28,4,694488
M094,2026-03-29,0,0
M094,2026-03-30,0,0
M094,2026-03-31,1,55932
M094,2026-04-01,0,0
M094,2026-04-02,6,614244
M094,2026-04-03,1,98781
M094,2026-04-04,5,290620
M094,2026-04-05,2,194560
M094,2026-04-06,4,702072
M094,2026-04-07,0,0
M094,2026-04-08,0,0
M094,2026-04-09,5,691250
M094,2026-04-10,3,229914
M094,2026-04-11,1,160935
M094,2026-04-12,3,150588
M094,2026-04-13,0,0
M094,2026-04-14,3,241848
M094,2026-04-15,2,262908
M094,2026-04-16,0,0
M094,2026-04-17,2,111912
M094,2026-04-18,0,0
M094,2026-04-19,0,0
M094,2026-04-20,0,0
M094,2026-04-21,2,144824
M094,2026-04-22,0,0
M094,2026-04-23,4,565412
M094,2026-04-24,2,187916
M094,2026-04-25,2,270144
M094,2026-04-26,4,535180
M094,2026-04-27,0,0
M094,2026-04-28,0,0
M094,2026-04-29,1,75795
M094,2026-04-30,4,233784
M094,2026-05-01,0,0
M094,2026-05-02,9,457614
M094,2026-05-03,6,533040
M094,2026-05-04,1,37005
M094,2026-05-05,3,507852
M094,2026-05-06,1,124482
M094,2026-05-07,3,508128
M094,2026-05-08,0,0
M094,2026-05-09,3,499236
M094,2026-05-10,3,186228
M094,2026-05-11,0,0
M094,2026-05-12,4,664124
M094,2026-05-13,0,0
M094,2026-05-14,0,0
M094,2026-05-15,2,243744
M094,2026-05-16,1,49068
M094,2026-05-17,5,861055
M094,2026-05-18,7,1210636
M094,2026-05-19,0,0
M094,2026-05-20,4,688468
M094,2026-05-21,0,0
M094,2026-05-22,0,0
M094,2026-05-23,0,0
M094,2026-05-24,4,231260
M094,2026-05-25,3,472329
M094,2026-05-26,1,147488
M094,2026-05-27,3,368766
M094,2026-05-28,0,0
M094,2026-05-29,6,749442
M094,2026-05-30,0,0
M094,2026-05-31,3,378492
M094,2026-06-01,0,0
M094,2026-06-02,0,0
M094,2026-06-03,0,0
M094,2026-06-04,4,585604
M094,2026-06-05,5,816870
M094,2026-06-06,2,245504
M094,2026-06-07,0,0
M094,2026-06-08,0,0
M094,2026-06-09,6,954762
M094,2026-06-10,1,158388
M094,2026-06-11,4,708664
M094,2026-06-12,0,0
M094,2026-06-13,2,352356
M094,2026-06-14,1,146887
M094,2026-06-15,5,424495
M094,2026-06-16,5,309155
M094,2026-06-17,0,0
M094,2026-06-18,0,0
M094,2026-06-19,9,335799
M094,2026-06-20,0,0
M094,2026-06-21,6,425262
M094,2026-06-22,3,434481
M094,2026-06-23,3,349365
M094,2026-06-24,0,0
M094,2026-06-25,5,628485
M094,2026-06-26,0,0
M094,2026-06-27,2,99648
M094,2026-06-28,0,0
M094,2026-06-29,0,0
M094,2026-06-30,6,294762
M094,2026-07-01,6,463116
M094,2026-07-02,5,644055
M094,2026-07-03,2,261452
M094,2026-07-04,5,768315
M094,2026-07-05,1,139100
M094,2026-07-06,0,0
M094,2026-07-07,2,168049
M094,2026-07-08,10,866711
M094,2026-07-09,1,17687
M094,2026-07-10,0,0
M094,2026-07-11,10,884399
M094,2026-07-12,0,0
M094,2026-07-13,0,0
M094,2026-07-14,0,0
M094,2026-07-15,0,0
M094,2026-07-16,1,26531
M094,2026-07-17,0,0
M094,2026-07-18,0,0
M094,2026-07-19,8,751739
M094,2026-07-20,0,0
M094,2026-07-21,0,0
M094,2026-07-22,3,300695
M094,2026-07-23,6,574859
M094,2026-07-24,0,0
M094,2026-07-25,4,353759
M094,2026-07-26,1,35375
M094,2026-07-27,0,0
M094,2026-07-28,1,44219
M094,2026-07-29,0,0
M094,2026-07-30,3,309539
M094,2026-07-31,2,150347
M094,2026-08-01,8,725207
M094,2026-08-02,4,318383
M094,2026-08-03,7,672143
M094,2026-08-04,5,447080
M094,2026-08-05,1,126097
M094,2026-08-06,3,269390
M094,2026-08-07,5,458536
M094,2026-08-08,0,0
M094,2026-08-09,0,0
M094,2026-08-10,0,0
M094,2026-08-11,1,108902
M094,2026-08-12,6,544512
M094,2026-08-13,0,0
M094,2026-08-14,1,45853
M094,2026-08-15,0,0
M094,2026-08-16,1,34390
M094,2026-08-17,5,464268
M094,2026-08-18,1,28658
M094,2026-08-19,5,458536
M094,2026-08-20,3,292317
M094,2026-08-21,0,0
M094,2026-08-22,5,406951
M094,2026-08-23,6,515853
M094,2026-08-24,5,447073
M094,2026-08-25,4,384024
M094,2026-08-26,0,0
M094,2026-08-27,1,85975
M094,2026-08-28,0,0
M094,2026-08-29,5,470000
M094,2026-08-30,3,286585
M094,2026-08-31,0,0
M096,2025-05-06,0,0
M096,2025-05-07,0,0
M096,2025-05-08,0,0
M096,2025-05-09,0,0
M096,2025-05-10,0,0
M096,2025-05-11,0,0
M096,2025-05-12,0,0
M096,2025-05-13,3,339780
M096,2025-05-14,6,227022
M096,2025-05-15,0,0
M096,2025-05-16,0,0
M096,2025-05-17,6,628032
M096,2025-05-18,4,487568
M096,2025-05-19,0,0
M096,2025-05-20,0,0
M096,2025-05-21,0,0
M096,2025-05-22,0,0
M096,2025-05-23,0,0
M096,2025-05-24,3,475740
M096,2025-05-25,0,0
M096,2025-05-26,0,0
M096,2025-05-27,0,0
M096,2025-05-28,0,0
M096,2025-05-29,1,89421
M096,2025-05-30,6,777252
M096,2025-05-31,4,384640
M096,2025-06-01,9,388539
M096,2025-06-02,1,63895
M096,2025-06-03,3,252330
M096,2025-06-04,0,0
M096,2025-06-05,0,0
M096,2025-06-06,4,455340
M096,2025-06-07,3,152928
M096,2025-06-08,8,930864
M096,2025-06-09,0,0
M096,2025-06-10,0,0
M096,2025-06-11,0,0
M096,2025-06-12,0,0
M096,2025-06-13,4,557064
M096,2025-06-14,0,0
M096,2025-06-15,0,0
M096,2025-06-16,4,213200
M096,2025-06-17,0,0
M096,2025-06-18,0,0
M096,2025-06-19,0,0
M096,2025-06-20,6,590136
M096,2025-06-21,0,0
M096,2025-06-22,5,559485
M096,2025-06-23,2,290166
M096,2025-06-24,0,0
M096,2025-06-25,5,435620
M096,2025-06-26,0,0
M096,2025-06-27,0,0
M096,2025-06-28,2,308598
M096,2025-06-29,0,0
M096,2025-06-30,4,675548
M096,2025-07-01,0,0
M096,2025-07-02,3,150126
M096,2025-07-03,6,312558
M096,2025-07-04,6,754140
M096,2025-07-05,0,0
M096,2025-07-06,0,0
M096,2025-07-07,3,326772
M096,2025-07-08,3,428613
M096,2025-07-09,4,441692
M096,2025-07-10,8,1309032
M096,2025-07-11,2,94444
M096,2025-07-12,4,443348
M096,2025-07-13,3,268185
M096,2025-07-14,2,196390
M096,2025-07-15,0,0
M096,2025-07-16,4,613092
M096,2025-07-17,3,362787
M096,2025-07-18,0,0
M096,2025-07-19,0,0
M096,2025-07-20,0,0
M096,2025-07-21,0,0
M096,2025-07-22,7,395220
M096,2025-07-23,2,257902
M096,2025-07-24,1,166882
M096,2025-07-25,0,0
M096,2025-07-26,0,0
M096,2025-07-27,0,0
M096,2025-07-28,4,563024
M096,2025-07-29,1,121094
M096,2025-07-30,0,0
M096,2025-07-31,5,708295
M096,2025-08-01,0,0
M096,2025-08-02,0,0
M096,2025-08-03,0,0
M096,2025-08-04,0,0
M096,2025-08-05,0,0
M096,2025-08-06,0,0
M096,2025-08-07,7,429919
M096,2025-08-08,6,936438
M096,2025-08-09,2,190708
M096,2025-08-10,4,604164
M096,2025-08-11,0,0
M096,2025-08-12,2,234942
M096,2025-08-13,3,490251
M096,2025-08-14,0,0
M096,2025-08-15,4,366364
M096,2025-08-16,6,790176
M096,2025-08-17,2,142038
M096,2025-08-18,2,96576
M096,2025-08-19,0,0
M096,2025-08-20,5,584515
M096,2025-08-21,5,834410
M096,2025-08-22,0,0
M096,2025-08-23,4,548068
M096,2025-08-24,4,709892
M096,2025-08-25,7,401387
M096,2025-08-26,1,117927
M096,2025-08-27,6,298146
M096,2025-08-28,0,0
M096,2025-08-29,6,891078
M096,2025-08-30,3,309153
M096,2025-08-31,0,0
M096,2025-09-01,4,677008
M096,2025-09-02,0,0
M096,2025-09-03,4,503368
M096,2025-09-04,3,118044
M096,2025-09-05,0,0
M096,2025-09-06,0,0
M096,2025-09-07,0,0
M096,2025-09-08,1,139609
M096,2025-09-09,0,0
M096,2025-09-10,0,0
M096,2025-09-11,0,0
M096,2025-09-12,0,0
M096,2025-09-13,0,0
M096,2025-09-14,0,0
M096,2025-09-15,1,73773
M096,2025-09-16,1,106704
M096,2025-09-17,3,403686
M096,2025-09-18,6,1038204
M096,2025-09-19,0,0
M096,2025-09-20,6,721314
M096,2025-09-21,5,837040
M096,2025-09-22,0,0
M096,2025-09-23,0,0
M096,2025-09-24,2,205942
M096,2025-09-25,4,163752
M096,2025-09-26,4,217216
M096,2025-09-27,1,124201
M096,2025-09-28,0,0
M096,2025-09-29,4,569472
M096,2025-09-30,3,351537
M096,2025-10-01,8,389944
M096,2025-10-02,9,1605006
M096,2025-10-03,4,392768
M096,2025-10-04,0,0
M096,2025-10-05,3,374997
M096,2025-10-06,4,703972
M096,2025-10-07,2,96620
M096,2025-10-08,7,318381
M096,2025-10-09,2,308318
M096,2025-10-10,0,0
M096,2025-10-11,0,0
M096,2025-10-12,4,543388
M096,2025-10-13,3,398721
M096,2025-10-14,1,68257
M096,2025-10-15,7,519897
M096,2025-10-16,5,624430
M096,2025-10-17,4,485024
M096,2025-10-18,3,175512
M096,2025-10-19,0,0
M096,2025-10-20,5,884945
M096,2025-10-21,0,0
M096,2025-10-22,4,695928
M096,2025-10-23,3,238731
M096,2025-10-24,0,0
M096,2025-10-25,0,0
M096,2025-10-26,5,460665
M096,2025-10-27,0,0
M096,2025-10-28,7,1116913
M096,2025-10-29,4,189856
M096,2025-10-30,5,273055
M096,2025-10-31,6,787068
M096,2025-11-01,0,0
M096,2025-11-02,3,295968
M096,2025-11-03,0,0
M096,2025-11-04,3,408915
M096,2025-11-05,2,135314
M096,2025-11-06,2,236750
M096,2025-11-07,0,0
M096,2025-11-08,2,339108
M096,2025-11-09,2,293478
M096,2025-11-10,5,231935
M096,2025-11-11,0,0
M096,2025-11-12,5,252115
M096,2025-11-13,0,0
M096,2025-11-14,4,190404
M096,2025-11-15,6,543036
M096,2025-11-16,1,49298
M096,2025-11-17,0,0
M096,2025-11-18,0,0
M096,2025-11-19,4,464860
M096,2025-11-20,0,0
M096,2025-11-21,0,0
M096,2025-11-22,0,0
M096,2025-11-23,0,0
M096,2025-11-24,5,335975
M096,2025-11-25,4,189692
M096,2025-11-26,5,310150
M096,2025-11-27,5,396090
M096,2025-11-28,3,333927
M096,2025-11-29,2,338588
M096,2025-11-30,3,428889
M096,2025-12-01,3,302316
M096,2025-12-02,0,0
M096,2025-12-03,0,0
M096,2025-12-04,0,0
M096,2025-12-05,0,0
M096,2025-12-06,0,0
M096,2025-12-07,6,604482
M096,2025-12-08,0,0
M096,2025-12-09,0,0
M096,2025-12-10,8,337080
M096,2025-12-11,0,0
M096,2025-12-12,4,646256
M096,2025-12-13,4,536580
M096,2025-12-14,5,521580
M096,2025-12-15,0,0
M096,2025-12-16,0,0
M096,2025-12-17,3,279543
M096,2025-12-18,0,0
M096,2025-12-19,3,117051
M096,2025-12-20,0,0
M096,2025-12-21,3,370458
M096,2025-12-22,3,325047
M096,2025-12-23,0,0
M096,2025-12-24,8,1400288
M096,2025-12-25,3,284136
M096,2025-12-26,0,0
M096,2025-12-27,2,299450
M096,2025-12-28,0,0
M096,2025-12-29,0,0
M096,2025-12-30,0,0
M096,2025-12-31,2,253154
M096,2026-01-01,0,0
M096,2026-01-02,2,358748
M096,2026-01-03,0,0
M096,2026-01-04,0,0
M096,2026-01-05,0,0
M096,2026-01-06,3,339396
M096,2026-01-07,0,0
M096,2026-01-08,0,0
M096,2026-01-09,2,121886
M096,2026-01-10,5,687750
M096,2026-01-11,0,0
M096,2026-01-12,6,440136
M096,2026-01-13,7,285054
M096,2026-01-14,3,539127
M096,2026-01-15,7,799722
M096,2026-01-16,4,389448
M096,2026-01-17,0,0
M096,2026-01-18,0,0
M096,2026-01-19,0,0
M096,2026-01-20,0,0
M096,2026-01-21,0,0
M096,2026-01-22,0,0
M096,2026-01-23,3,428313
M096,2026-01-24,2,122886
M096,2026-01-25,5,201680
M096,2026-01-26,2,256760
M096,2026-01-27,0,0
M096,2026-01-28,4,582072
M096,2026-01-29,0,0
M096,2026-01-30,0,0
M096,2026-01-31,0,0
M096,2026-02-01,0,0
M096,2026-02-02,0,0
M096,2026-02-03,0,0
M096,2026-02-04,5,794515
M096,2026-02-05,1,71936
M096,2026-02-06,4,327296
M096,2026-02-07,0,0
M096,2026-02-08,6,833694
M096,2026-02-09,0,0
M096,2026-02-10,7,914557
M096,2026-02-11,3,291471
M096,2026-02-12,7,932435
M096,2026-02-13,3,537540
M096,2026-02-14,0,0
M096,2026-02-15,0,0
M096,2026-02-16,0,0
M096,2026-02-17,0,0
M096,2026-02-18,5,877475
M096,2026-02-19,5,258605
M096,2026-02-20,0,0
M096,2026-02-21,4,345524
M096,2026-02-22,0,0
M096,2026-02-23,6,758766
M096,2026-02-24,0,0
M096,2026-02-25,1,140863
M096,2026-02-26,7,387905
M096,2026-02-27,0,0
M096,2026-02-28,0,0
M096,2026-03-01,0,0
M096,2026-03-02,1,165604
M096,2026-03-03,1,63473
M096,2026-03-04,0,0
M096,2026-03-05,4,504456
M096,2026-03-06,6,929604
M096,2026-03-07,2,294194
M096,2026-03-08,4,559284
M096,2026-03-09,0,0
M096,2026-03-10,1,41728
M096,2026-03-11,3,305694
M096,2026-03-12,0,0
M096,2026-03-13,7,640241
M096,2026-03-14,0,0
M096,2026-03-15,1,140924
M096,2026-03-16,5,562335
M096,2026-03-17,0,0
M096,2026-03-18,0,0
M096,2026-03-19,1,121755
M096,2026-03-20,5,884305
M096,2026-03-21,6,436992
M096,2026-03-22,1,86923
M096,2026-03-23,0,0
M096,2026-03-24,6,1066908
M096,2026-03-25,0,0
M096,2026-03-26,9,877131
M096,2026-03-27,6,466140
M096,2026-03-28,0,0
M096,2026-03-29,0,0
M096,2026-03-30,0,0
M096,2026-03-31,1,133270
M096,2026-04-01,0,0
M096,2026-04-02,0,0
M096,2026-04-03,3,538890
M096,2026-04-04,7,492562
M096,2026-04-05,0,0
M096,2026-04-06,0,0
M096,2026-04-07,0,0
M096,2026-04-08,0,0
M096,2026-04-09,0,0
M096,2026-04-10,5,508885
M096,2026-04-11,0,0
M096,2026-04-12,3,452148
M096,2026-04-13,3,415848
M096,2026-04-14,0,0
M096,2026-04-15,0,0
M096,2026-04-16,0,0
M096,2026-04-17,3,196797
M096,2026-04-18,2,189692
M096,2026-04-19,0,0
M096,2026-04-20,4,241556
M096,2026-04-21,0,0
M096,2026-04-22,2,233438
M096,2026-04-23,0,0
M096,2026-04-24,5,651290
M096,2026-04-25,7,961254
M096,2026-04-26,0,0
M096,2026-04-27,4,628568
M096,2026-04-28,0,0
M096,2026-04-29,0,0
M096,2026-04-30,4,419696
M096,2026-05-01,0,0
M096,2026-05-02,0,0
M096,2026-05-03,6,608286
M096,2026-05-04,4,329796
M096,2026-05-05,3,122559
M096,2026-05-06,4,677788
M096,2026-05-07,0,0
M096,2026-05-08,0,0
M096,2026-05-09,4,583876
M096,2026-05-10,0,0
M096,2026-05-11,5,482055
M096,2026-05-12,4,473000
M096,2026-05-13,7,935690
M096,2026-05-14,3,312807
M096,2026-05-15,0,0
M096,2026-05-16,0,0
M096,2026-05-17,3,310536
M096,2026-05-18,0,0
M096,2026-05-19,0,0
M096,2026-05-20,5,348075
M096,2026-05-21,0,0
M096,2026-05-22,0,0
M096,2026-05-23,0,0
M096,2026-05-24,0,0
M096,2026-05-25,0,0
M096,2026-05-26,3,242931
M096,2026-05-27,0,0
M096,2026-05-28,3,422964
M096,2026-05-29,0,0
M096,2026-05-30,4,527620
M096,2026-05-31,0,0
M096,2026-06-01,2,207448
M096,2026-06-02,0,0
M096,2026-06-03,6,275478
M096,2026-06-04,3,248253
M096,2026-06-05,3,408516
M096,2026-06-06,1,50050
M096,2026-06-07,0,0
M096,2026-06-08,0,0
M096,2026-06-09,5,531540
M096,2026-06-10,0,0
M096,2026-06-11,4,652416
M096,2026-06-12,1,96178
M096,2026-06-13,0,0
M096,2026-06-14,3,457536
M096,2026-06-15,0,0
M096,2026-06-16,1,81852
M096,2026-06-17,0,0
M096,2026-06-18,0,0
M096,2026-06-19,2,203078
M096,2026-06-20,0,0
M096,2026-06-21,4,161012
M096,2026-06-22,4,679960
M096,2026-06-23,4,189292
M096,2026-06-24,1,119066
M096,2026-06-25,0,0
M096,2026-06-26,0,0
M096,2026-06-27,0,0
M096,2026-06-28,0,0
M096,2026-06-29,4,170888
M096,2026-06-30,0,0
M096,2026-07-01,2,205998
M096,2026-07-02,6,353070
M096,2026-07-03,7,256032
M096,2026-07-04,7,520702
M096,2026-07-05,3,128901
M096,2026-07-06,0,0
M096,2026-07-07,0,0
M096,2026-07-08,2,144292
M096,2026-07-09,0,0
M096,2026-07-10,3,288558
M096,2026-07-11,5,456884
M096,2026-07-12,6,559082
M096,2026-07-13,0,0
M096,2026-07-14,2,174337
M096,2026-07-15,1,126244
M096,2026-07-16,2,216419
M096,2026-07-17,3,240465
M096,2026-07-18,3,270523
M096,2026-07-19,3,228442
M096,2026-07-20,3,288558
M096,2026-07-21,6,517001
M096,2026-07-22,2,186360
M096,2026-07-23,0,0
M096,2026-07-24,6,523012
M096,2026-07-25,0,0
M096,2026-07-26,3,312605
M096,2026-07-27,1,72139
M096,2026-07-28,4,330640
M096,2026-07-29,5,432838
M096,2026-07-30,1,6011
M096,2026-07-31,5,462896
M096,2026-08-01,1,24046
M096,2026-08-02,4,318617
M096,2026-08-03,1,108209
M096,2026-08-04,0,0
M096,2026-08-05,1,104157
M096,2026-08-06,0,0
M096,2026-08-07,2,166631
M096,2026-08-08,9,833159
M096,2026-08-09,0,0
M096,2026-08-10,0,0
M096,2026-08-11,9,770672
M096,2026-08-12,0,0
M096,2026-08-13,10,926889
M096,2026-08-14,3,291605
M096,2026-08-15,10,906060
M096,2026-08-16,8,697771
M096,2026-08-17,10,926889
M096,2026-08-18,0,0
M096,2026-08-19,0,0
M096,2026-08-20,3,270776
M096,2026-08-21,6,562382
M096,2026-08-22,11,1031034
M096,2026-08-23,0,0
M096,2026-08-24,8,749843
M096,2026-08-25,11,947718
M096,2026-08-26,3,249947
M096,2026-08-27,0,0
M096,2026-08-28,1,104144
M096,2026-08-29,9,781086
M096,2026-08-30,0,0
M096,2026-08-31,5,458237
M097,2025-09-27,0,0
M097,2025-09-28,0,0
M097,2025-09-29,0,0
M097,2025-09-30,2,255240
M097,2025-10-01,0,0
M097,2025-10-02,6,527298
M097,2025-10-03,4,498216
M097,2025-10-04,2,329806
M097,2025-10-05,6,784608
M097,2025-10-06,0,0
M097,2025-10-07,4,610656
M097,2025-10-08,3,501813
M097,2025-10-09,1,89227
M097,2025-10-10,5,227720
M097,2025-10-11,0,0
M097,2025-10-12,0,0
M097,2025-10-13,6,497844
M097,2025-10-14,3,339861
M097,2025-10-15,4,710568
M097,2025-10-16,0,0
M097,2025-10-17,0,0
M097,2025-10-18,0,0
M097,2025-10-19,5,738400
M097,2025-10-20,0,0
M097,2025-10-21,10,506860
M097,2025-10-22,0,0
M097,2025-10-23,3,270291
M097,2025-10-24,5,801445
M097,2025-10-25,6,429198
M097,2025-10-26,0,0
M097,2025-10-27,2,129134
M097,2025-10-28,1,53074
M097,2025-10-29,3,238965
M097,2025-10-30,7,366597
M097,2025-10-31,0,0
M097,2025-11-01,0,0
M097,2025-11-02,3,110277
M097,2025-11-03,1,148761
M097,2025-11-04,0,0
M097,2025-11-05,3,294156
M097,2025-11-06,4,156436
M097,2025-11-07,4,672944
M097,2025-11-08,0,0
M097,2025-11-09,7,439397
M097,2025-11-10,4,432912
M097,2025-11-11,4,622160
M097,2025-11-12,0,0
M097,2025-11-13,3,503571
M097,2025-11-14,0,0
M097,2025-11-15,0,0
M097,2025-11-16,0,0
M097,2025-11-17,3,167577
M097,2025-11-18,6,1001226
M097,2025-11-19,7,895391
M097,2025-11-20,5,490205
M097,2025-11-21,5,378215
M097,2025-11-22,0,0
M097,2025-11-23,4,528160
M097,2025-11-24,0,0
M097,2025-11-25,0,0
M097,2025-11-26,7,276605
M097,2025-11-27,2,299392
M097,2025-11-28,4,421496
M097,2025-11-29,3,517341
M097,2025-11-30,9,1230498
M097,2025-12-01,0,0
M097,2025-12-02,0,0
M097,2025-12-03,0,0
M097,2025-12-04,1,83562
M097,2025-12-05,4,413552
M097,2025-12-06,8,740272
M097,2025-12-07,2,247752
M097,2025-12-08,0,0
M097,2025-12-09,0,0
M097,2025-12-10,0,0
M097,2025-12-11,1,116080
M097,2025-12-12,0,0
M097,2025-12-13,0,0
M097,2025-12-14,5,867900
M097,2025-12-15,0,0
M097,2025-12-16,4,552344
M097,2025-12-17,0,0
M097,2025-12-18,0,0
M097,2025-12-19,4,517624
M097,2025-12-20,0,0
M097,2025-12-21,4,155492
M097,2025-12-22,0,0
M097,2025-12-23,0,0
M097,2025-12-24,0,0
M097,2025-12-25,0,0
M097,2025-12-26,0,0
M097,2025-12-27,5,584265
M097,2025-12-28,0,0
M097,2025-12-29,0,0
M097,2025-12-30,2,166620
M097,2025-12-31,0,0
M097,2026-01-01,3,501852
M097,2026-01-02,0,0
M097,2026-01-03,0,0
M097,2026-01-04,3,304575
M097,2026-01-05,0,0
M097,2026-01-06,6,600558
M097,2026-01-07,5,735900
M097,2026-01-08,0,0
M097,2026-01-09,0,0
M097,2026-01-10,0,0
M097,2026-01-11,8,660280
M097,2026-01-12,6,1021680
M097,2026-01-13,2,288320
M097,2026-01-14,3,255876
M097,2026-01-15,0,0
M097,2026-01-16,1,130329
M097,2026-01-17,5,668985
M097,2026-01-18,0,0
M097,2026-01-19,0,0
M097,2026-01-20,0,0
M097,2026-01-21,3,480276
M097,2026-01-22,5,675700
M097,2026-01-23,1,64487
M097,2026-01-24,0,0
M097,2026-01-25,7,664594
M097,2026-01-26,3,318372
M097,2026-01-27,3,497376
M097,2026-01-28,0,0
M097,2026-01-29,3,165297
M097,2026-01-30,8,430856
M097,2026-01-31,0,0
M097,2026-02-01,6,566604
M097,2026-02-02,2,192130
M097,2026-02-03,6,332382
M097,2026-02-04,0,0
M097,2026-02-05,0,0
M097,2026-02-06,4,196884
M097,2026-02-07,0,0
M097,2026-02-08,4,171324
M097,2026-02-09,1,107618
M097,2026-02-10,5,482730
M097,2026-02-11,2,211692
M097,2026-02-12,5,886950
M097,2026-02-13,4,642444
M097,2026-02-14,4,616056
M097,2026-02-15,5,617515
M097,2026-02-16,0,0
M097,2026-02-17,0,0
M097,2026-02-18,5,290050
M097,2026-02-19,1,84053
M097,2026-02-20,0,0
M097,2026-02-21,0,0
M097,2026-02-22,3,477660
M097,2026-02-23,4,433080
M097,2026-02-24,7,759220
M097,2026-02-25,7,1079561
M097,2026-02-26,1,130285
M097,2026-02-27,0,0
M097,2026-02-28,5,424255
M097,2026-03-01,0,0
M097,2026-03-02,0,0
M097,2026-03-03,0,0
M097,2026-03-04,4,517484
M097,2026-03-05,2,289536
M097,2026-03-06,0,0
M097,2026-03-07,0,0
M097,2026-03-08,3,497409
M097,2026-03-09,5,398600
M097,2026-03-10,0,0
M097,2026-03-11,1,84475
M097,2026-03-12,0,0
M097,2026-03-13,2,133774
M097,2026-03-14,1,57874
M097,2026-03-15,0,0
M097,2026-03-16,0,0
M097,2026-03-17,2,195108
M097,2026-03-18,0,0
M097,2026-03-19,5,360225
M097,2026-03-20,0,0
M097,2026-03-21,3,383016
M097,2026-03-22,0,0
M097,2026-03-23,0,0
M097,2026-03-24,2,192822
M097,2026-03-25,5,208450
M097,2026-03-26,5,326915
M097,2026-03-27,0,0
M097,2026-03-28,7,1233638
M097,2026-03-29,2,205400
M097,2026-03-30,3,115122
M097,2026-03-31,1,167616
M097,2026-04-01,7,633115
M097,2026-04-02,4,302124
M097,2026-04-03,5,842790
M097,2026-04-04,4,155552
M097,2026-04-05,5,584100
M097,2026-04-06,7,424872
M097,2026-04-07,5,778755
M097,2026-04-08,4,193068
M097,2026-04-09,3,521271
M097,2026-04-10,0,0
M097,2026-04-11,2,192826
M097,2026-04-12,0,0
M097,2026-04-13,6,453696
M097,2026-04-14,0,0
M097,2026-04-15,0,0
M097,2026-04-16,4,186832
M097,2026-04-17,0,0
M097,2026-04-18,4,168268
M097,2026-04-19,3,293400
M097,2026-04-20,3,148455
M097,2026-04-21,0,0
M097,2026-04-22,4,184076
M097,2026-04-23,6,759360
M097,2026-04-24,4,503004
M097,2026-04-25,3,282864
M097,2026-04-26,0,0
M097,2026-04-27,1,113595
M097,2026-04-28,3,533493
M097,2026-04-29,3,386166
M097,2026-04-30,0,0
M097,2026-05-01,2,260990
M097,2026-05-02,5,413550
M097,2026-05-03,3,166326
M097,2026-05-04,6,551634
M097,2026-05-05,0,0
M097,2026-05-06,3,491190
M097,2026-05-07,1,126241
M097,2026-05-08,6,596562
M097,2026-05-09,5,251915
M097,2026-05-10,0,0
M097,2026-05-11,7,858851
M097,2026-05-12,3,263073
M097,2026-05-13,0,0
M097,2026-05-14,6,783990
M097,2026-05-15,0,0
M097,2026-05-16,0,0
M097,2026-05-17,8,1131680
M097,2026-05-18,0,0
M097,2026-05-19,0,0
M097,2026-05-20,7,511035
M097,2026-05-21,0,0
M097,2026-05-22,0,0
M097,2026-05-23,5,690480
M097,2026-05-24,0,0
M097,2026-05-25,0,0
M097,2026-05-26,0,0
M097,2026-05-27,2,245958
M097,2026-05-28,2,299824
M097,2026-05-29,0,0
M097,2026-05-30,0,0
M097,2026-05-31,4,706380
M097,2026-06-01,0,0
M097,2026-06-02,5,487725
M097,2026-06-03,6,920088
M097,2026-06-04,5,599230
M097,2026-06-05,7,883771
M097,2026-06-06,0,0
M097,2026-06-07,6,833058
M097,2026-06-08,7,994189
M097,2026-06-09,6,1023006
M097,2026-06-10,0,0
M097,2026-06-11,2,316764
M097,2026-06-12,0,0
M097,2026-06-13,2,339444
M097,2026-06-14,0,0
M097,2026-06-15,2,83934
M097,2026-06-16,0,0
M097,2026-06-17,5,344585
M097,2026-06-18,0,0
M097,2026-06-19,2,292572
M097,2026-06-20,0,0
M097,2026-06-21,0,0
M097,2026-06-22,0,0
M097,2026-06-23,0,0
M097,2026-06-24,6,1019796
M097,2026-06-25,0,0
M097,2026-06-26,0,0
M097,2026-06-27,0,0
M097,2026-06-28,3,224553
M097,2026-06-29,3,450549
M097,2026-06-30,0,0
M097,2026-07-01,4,222452
M097,2026-07-02,5,469000
M097,2026-07-03,2,168272
M097,2026-07-04,3,301188
M097,2026-07-05,3,276084
M097,2026-07-06,4,248812
M097,2026-07-07,0,0
M097,2026-07-08,0,0
M097,2026-07-09,0,0
M097,2026-07-10,0,0
M097,2026-07-11,5,492136
M097,2026-07-12,3,228233
M097,2026-07-13,6,520656
M097,2026-07-14,3,299556
M097,2026-07-15,2,142645
M097,2026-07-16,4,349482
M097,2026-07-17,7,670434
M097,2026-07-18,1,64190
M097,2026-07-19,0,0
M097,2026-07-20,3,278159
M097,2026-07-21,0,0
M097,2026-07-22,3,306688
M097,2026-07-23,4,342349
M097,2026-07-24,4,335217
M097,2026-07-25,0,0
M097,2026-07-26,6,534921
M097,2026-07-27,1,85587
M097,2026-07-28,0,0
M097,2026-07-29,1,57058
M097,2026-07-30,5,456466
M097,2026-07-31,0,0
M097,2026-08-01,7,663302
M097,2026-08-02,2,171174
M097,2026-08-03,0,0
M097,2026-08-04,1,7000
M097,2026-08-05,7,622224
M097,2026-08-06,0,0
M097,2026-08-07,5,475407
M097,2026-08-08,8,678155
M097,2026-08-09,6,573285
M097,2026-08-10,0,0
M097,2026-08-11,2,153808
M097,2026-08-12,7,615233
M097,2026-08-13,2,174782
M097,2026-08-14,0,0
M097,2026-08-15,5,419477
M097,2026-08-16,5,412486
M097,2026-08-17,1,97878
M097,2026-08-18,0,0
M097,2026-08-19,0,0
M097,2026-08-20,8,699128
M097,2026-08-21,0,0
M097,2026-08-22,6,510364
M097,2026-08-23,1,69912
M097,2026-08-24,3,286642
M097,2026-08-25,4,370538
M097,2026-08-26,0,0
M097,2026-08-27,0,0
M097,2026-08-28,2,188764
M097,2026-08-29,6,545320
M097,2026-08-30,5,440451
M097,2026-08-31,8,685146
M101,2025-03-25,0,0
M101,2025-03-26,0,0
M101,2025-03-27,10,1061510
M101,2025-03-28,0,0
M101,2025-03-29,7,1298857
M101,2025-03-30,11,1529924
M101,2025-03-31,7,1240036
M101,2025-04-01,10,826300
M101,2025-04-02,4,666408
M101,2025-04-03,8,946976
M101,2025-04-04,9,1555272
M101,2025-04-05,6,1419204
M101,2025-04-06,0,0
M101,2025-04-07,7,706741
M101,2025-04-08,5,775155
M101,2025-04-09,6,910278
M101,2025-04-10,5,1189620
M101,2025-04-11,8,840648
M101,2025-04-12,0,0
M101,2025-04-13,8,1540176
M101,2025-04-14,9,1427256
M101,2025-04-15,8,680184
M101,2025-04-16,0,0
M101,2025-04-17,7,850192
M101,2025-04-18,0,0
M101,2025-04-19,0,0
M101,2025-04-20,0,0
M101,2025-04-21,5,1244590
M101,2025-04-22,0,0
M101,2025-04-23,9,1711071
M101,2025-04-24,11,1517417
M101,2025-04-25,5,783140
M101,2025-04-26,10,1150390
M101,2025-04-27,2,395302
M101,2025-04-28,4,366048
M101,2025-04-29,8,1877576
M101,2025-04-30,5,934075
M101,2025-05-01,0,0
M101,2025-05-02,9,2005416
M101,2025-05-03,10,751030
M101,2025-05-04,7,1727404
M101,2025-05-05,8,1779904
M101,2025-05-06,0,0
M101,2025-05-07,0,0
M101,2025-05-08,6,748164
M101,2025-05-09,0,0
M101,2025-05-10,5,405815
M101,2025-05-11,6,1541328
M101,2025-05-12,6,752148
M101,2025-05-13,3,259653
M101,2025-05-14,0,0
M101,2025-05-15,0,0
M101,2025-05-16,0,0
M101,2025-05-17,0,0
M101,2025-05-18,12,916812
M101,2025-05-19,6,1007790
M101,2025-05-20,4,889704
M101,2025-05-21,0,0
M101,2025-05-22,13,2184338
M101,2025-05-23,0,0
M101,2025-05-24,4,778836
M101,2025-05-25,9,701928
M101,2025-05-26,4,653780
M101,2025-05-27,12,2147184
M101,2025-05-28,0,0
M101,2025-05-29,0,0
M101,2025-05-30,9,1847538
M101,2025-05-31,0,0
M101,2025-06-01,8,1650088
M101,2025-06-02,0,0
M101,2025-06-03,2,289332
M101,2025-06-04,0,0
M101,2025-06-05,5,409965
M101,2025-06-06,10,1807380
M101,2025-06-07,0,0
M101,2025-06-08,0,0
M101,2025-06-09,4,607608
M101,2025-06-10,0,0
M101,2025-06-11,5,1205890
M101,2025-06-12,7,700931
M101,2025-06-13,8,1712624
M101,2025-06-14,11,2519044
M101,2025-06-15,7,591024
M101,2025-06-16,10,1412320
M101,2025-06-17,8,1258736
M101,2025-06-18,0,0
M101,2025-06-19,0,0
M101,2025-06-20,6,1157388
M101,2025-06-21,0,0
M101,2025-06-22,9,658647
M101,2025-06-23,11,1144616
M101,2025-06-24,6,916758
M101,2025-06-25,7,875952
M101,2025-06-26,6,667854
M101,2025-06-27,0,0
M101,2025-06-28,8,690280
M101,2025-06-29,7,553406
M101,2025-06-30,5,1225800
M101,2025-07-01,13,1375543
M101,2025-07-02,11,1659416
M101,2025-07-03,0,0
M101,2025-07-04,10,2083960
M101,2025-07-05,6,1112604
M101,2025-07-06,9,807615
M101,2025-07-07,0,0
M101,2025-07-08,0,0
M101,2025-07-09,10,935140
M101,2025-07-10,5,479430
M101,2025-07-11,0,0
M101,2025-07-12,7,1246511
M101,2025-07-13,11,1677313
M101,2025-07-14,9,811233
M101,2025-07-15,8,1859448
M101,2025-07-16,7,1002449
M101,2025-07-17,6,1134636
M101,2025-07-18,0,0
M101,2025-07-19,9,1325556
M101,2025-07-20,9,1776834
M101,2025-07-21,5,790085
M101,2025-07-22,0,0
M101,2025-07-23,8,1924536
M101,2025-07-24,11,1755908
M101,2025-07-25,12,1116036
M101,2025-07-26,5,886850
M101,2025-07-27,0,0
M101,2025-07-28,0,0
M101,2025-07-29,10,1394150
M101,2025-07-30,5,954885
M101,2025-07-31,9,1514448
M101,2025-08-01,8,907760
M101,2025-08-02,6,827856
M101,2025-08-03,0,0
M101,2025-08-04,11,2153844
M101,2025-08-05,6,879396
M101,2025-08-06,11,2647095
M101,2025-08-07,8,979424
M101,2025-08-08,0,0
M101,2025-08-09,0,0
M101,2025-08-10,3,657879
M101,2025-08-11,0,0
M101,2025-08-12,0,0
M101,2025-08-13,9,2122182
M101,2025-08-14,7,1747060
M101,2025-08-15,8,2027184
M101,2025-08-16,7,759024
M101,2025-08-17,10,2244850
M101,2025-08-18,12,1015176
M101,2025-08-19,9,2039697
M101,2025-08-20,0,0
M101,2025-08-21,0,0
M101,2025-08-22,7,1568959
M101,2025-08-23,4,883548
M101,2025-08-24,0,0
M101,2025-08-25,5,407350
M101,2025-08-26,0,0
M101,2025-08-27,8,740296
M101,2025-08-28,8,906352
M101,2025-08-29,6,882120
M101,2025-08-30,0,0
M101,2025-08-31,0,0
M101,2025-09-01,8,927976
M101,2025-09-02,9,2059200
M101,2025-09-03,10,1421910
M101,2025-09-04,0,0
M101,2025-09-05,8,643112
M101,2025-09-06,8,653872
M101,2025-09-07,0,0
M101,2025-09-08,0,0
M101,2025-09-09,0,0
M101,2025-09-10,13,1575379
M101,2025-09-11,6,496056
M101,2025-09-12,6,1279332
M101,2025-09-13,3,433722
M101,2025-09-14,0,0
M101,2025-09-15,8,1572512
M101,2025-09-16,6,907284
M101,2025-09-17,6,890130
M101,2025-09-18,0,0
M101,2025-09-19,4,558784
M101,2025-09-20,9,1672758
M101,2025-09-21,12,1398780
M101,2025-09-22,0,0
M101,2025-09-23,0,0
M101,2025-09-24,4,743456
M101,2025-09-25,0,0
M101,2025-09-26,8,1404880
M101,2025-09-27,0,0
M101,2025-09-28,8,1715176
M101,2025-09-29,10,1347390
M101,2025-09-30,7,1568721
M101,2025-10-01,9,1195641
M101,2025-10-02,8,1561088
M101,2025-10-03,0,0
M101,2025-10-04,11,1277771
M101,2025-10-05,6,1554774
M101,2025-10-06,6,726174
M101,2025-10-07,8,588480
M101,2025-10-08,7,1156631
M101,2025-10-09,6,961200
M101,2025-10-10,9,1384974
M101,2025-10-11,8,1682200
M101,2025-10-12,0,0
M101,2025-10-13,6,808206
M101,2025-10-14,0,0
M101,2025-10-15,0,0
M101,2025-10-16,0,0
M101,2025-10-17,8,776592
M101,2025-10-18,0,0
M101,2025-10-19,8,1782848
M101,2025-10-20,0,0
M101,2025-10-21,8,1525168
M101,2025-10-22,13,3152695
M101,2025-10-23,0,0
M101,2025-10-24,8,1407632
M101,2025-10-25,0,0
M101,2025-10-26,14,1463084
M101,2025-10-27,0,0
M101,2025-10-28,10,2275710
M101,2025-10-29,5,418620
M101,2025-10-30,11,2113309
M101,2025-10-31,5,902235
M101,2025-11-01,8,1949808
M101,2025-11-02,0,0
M101,2025-11-03,8,607704
M101,2025-11-04,9,1820754
M101,2025-11-05,0,0
M101,2025-11-06,6,755304
M101,2025-11-07,0,0
M101,2025-11-08,4,831360
M101,2025-11-09,8,2013520
M101,2025-11-10,8,830680
M101,2025-11-11,11,1013463
M101,2025-11-12,11,1175548
M101,2025-11-13,0,0
M101,2025-11-14,10,1458060
M101,2025-11-15,9,1269099
M101,2025-11-16,0,0
M101,2025-11-17,8,1973528
M101,2025-11-18,5,455675
M101,2025-11-19,12,1515348
M101,2025-11-20,7,1702911
M101,2025-11-21,0,0
M101,2025-11-22,11,1194061
M101,2025-11-23,11,2602006
M101,2025-11-24,0,0
M101,2025-11-25,8,974336
M101,2025-11-26,5,538920
M101,2025-11-27,13,1536639
M101,2025-11-28,6,1326984
M101,2025-11-29,13,3196271
M101,2025-11-30,10,1491000
M101,2025-12-01,6,1049982
M101,2025-12-02,9,1356894
M101,2025-12-03,7,1571696
M101,2025-12-04,0,0
M101,2025-12-05,7,1632421
M101,2025-12-06,4,291696
M101,2025-12-07,0,0
M101,2025-12-08,9,1788966
M101,2025-12-09,0,0
M101,2025-12-10,7,1452353
M101,2025-12-11,4,758052
M101,2025-12-12,13,1448005
M101,2025-12-13,10,1442620
M101,2025-12-14,10,1257630
M101,2025-12-15,9,1097469
M101,2025-12-16,5,1262430
M101,2025-12-17,8,1991896
M101,2025-12-18,9,1788579
M101,2025-12-19,11,1950454
M101,2025-12-20,7,635173
M101,2025-12-21,11,883223
M101,2025-12-22,11,1588653
M101,2025-12-23,10,2345570
M101,2025-12-24,15,3778500
M101,2025-12-25,17,1843174
M101,2025-12-26,0,0
M101,2025-12-27,10,1655590
M101,2025-12-28,10,996590
M101,2025-12-29,7,632289
M101,2025-12-30,0,0
M101,2025-12-31,8,1766736
M101,2026-01-01,12,3026868
M101,2026-01-02,8,1060288
M101,2026-01-03,9,1101204
M101,2026-01-04,11,1692702
M101,2026-01-05,8,643976
M101,2026-01-06,5,1002030
M101,2026-01-07,8,931344
M101,2026-01-08,9,719262
M101,2026-01-09,13,3153228
M101,2026-01-10,5,1081365
M101,2026-01-11,0,0
M101,2026-01-12,0,0
M101,2026-01-13,12,840252
M101,2026-01-14,10,2300540
M101,2026-01-15,6,1550136
M101,2026-01-16,0,0
M101,2026-01-17,9,693675
M101,2026-01-18,6,1476468
M101,2026-01-19,6,608964
M101,2026-01-20,0,0
M101,2026-01-21,8,946816
M101,2026-01-22,10,2314430
M101,2026-01-23,0,0
M101,2026-01-24,9,1651500
M101,2026-01-25,5,965340
M101,2026-01-26,8,1370800
M101,2026-01-27,7,1030246
M101,2026-01-28,10,1920740
M101,2026-01-29,12,1531824
M101,2026-01-30,8,2061856
M101,2026-01-31,0,0
M101,2026-02-01,0,0
M101,2026-02-02,12,840888
M101,2026-02-03,9,796698
M101,2026-02-04,4,616764
M101,2026-02-05,7,1494129
M101,2026-02-06,10,824990
M101,2026-02-07,8,1652616
M101,2026-02-08,8,798504
M101,2026-02-09,4,399504
M101,2026-02-10,9,979182
M101,2026-02-11,7,582323
M101,2026-02-12,13,2746939
M101,2026-02-13,0,0
M101,2026-02-14,9,1597905
M101,2026-02-15,10,2252580
M101,2026-02-16,3,667095
M101,2026-02-17,9,954783
M101,2026-02-18,10,1957110
M101,2026-02-19,9,1376271
M101,2026-02-20,0,0
M101,2026-02-21,0,0
M101,2026-02-22,13,2062788
M101,2026-02-23,14,3119550
M101,2026-02-24,0,0
M101,2026-02-25,7,1819734
M101,2026-02-26,0,0
M101,2026-02-27,11,1211254
M101,2026-02-28,7,698362
M101,2026-03-01,0,0
M101,2026-03-02,5,832815
M101,2026-03-03,0,0
M101,2026-03-04,5,511475
M101,2026-03-05,0,0
M101,2026-03-06,11,2504997
M101,2026-03-07,0,0
M101,2026-03-08,10,2124020
M101,2026-03-09,17,2286500
M101,2026-03-10,8,1490728
M101,2026-03-11,0,0
M101,2026-03-12,7,1301090
M101,2026-03-13,3,464961
M101,2026-03-14,6,850554
M101,2026-03-15,0,0
M101,2026-03-16,8,862512
M101,2026-03-17,7,976234
M101,2026-03-18,12,2902932
M101,2026-03-19,0,0
M101,2026-03-20,0,0
M101,2026-03-21,9,642042
M101,2026-03-22,0,0
M101,2026-03-23,12,1168068
M101,2026-03-24,12,2215464
M101,2026-03-25,0,0
M101,2026-03-26,0,0
M101,2026-03-27,7,1473255
M101,2026-03-28,7,1379301
M101,2026-03-29,13,2559375
M101,2026-03-30,9,1747566
M101,2026-03-31,8,562936
M101,2026-04-01,7,654458
M101,2026-04-02,11,1101661
M101,2026-04-03,8,1351232
M101,2026-04-04,13,1786083
M101,2026-04-05,0,0
M101,2026-04-06,7,757379
M101,2026-04-07,9,724788
M101,2026-04-08,8,2005112
M101,2026-04-09,6,1235670
M101,2026-04-10,0,0
M101,2026-04-11,9,1515177
M101,2026-04-12,7,1785511
M101,2026-04-13,7,1052597
M101,2026-04-14,13,1168778
M101,2026-04-15,4,960308
M101,2026-04-16,11,2793406
M101,2026-04-17,5,656760
M101,2026-04-18,9,1823049
M101,2026-04-19,0,0
M101,2026-04-20,7,1308923
M101,2026-04-21,8,898368
M101,2026-04-22,8,1651872
M101,2026-04-23,6,1063524
M101,2026-04-24,6,895086
M101,2026-04-25,7,665658
M101,2026-04-26,0,0
M101,2026-04-27,0,0
M101,2026-04-28,3,515007
M101,2026-04-29,11,936782
M101,2026-04-30,13,2528331
M101,2026-05-01,6,1316556
M101,2026-05-02,9,2059182
M101,2026-05-03,0,0
M101,2026-05-04,10,964200
M101,2026-05-05,0,0
M101,2026-05-06,0,0
M101,2026-05-07,7,1247827
M101,2026-05-08,0,0
M101,2026-05-09,0,0
M101,2026-05-10,6,1224720
M101,2026-05-11,5,888335
M101,2026-05-12,2,159156
M101,2026-05-13,5,814600
M101,2026-05-14,0,0
M101,2026-05-15,6,612828
M101,2026-05-16,0,0
M101,2026-05-17,10,1125610
M101,2026-05-18,9,1100178
M101,2026-05-19,8,1779248
M101,2026-05-20,7,1738744
M101,2026-05-21,6,468522
M101,2026-05-22,8,1833184
M101,2026-05-23,8,1512136
M101,2026-05-24,11,2303312
M101,2026-05-25,0,0
M101,2026-05-26,0,0
M101,2026-05-27,0,0
M101,2026-05-28,9,1368009
M101,2026-05-29,9,1407645
M101,2026-05-30,0,0
M101,2026-05-31,3,221199
M101,2026-06-01,0,0
M101,2026-06-02,7,1411795
M101,2026-06-03,3,436476
M101,2026-06-04,6,754086
M101,2026-06-05,5,600160
M101,2026-06-06,7,1463329
M101,2026-06-07,5,688030
M101,2026-06-08,10,1062100
M101,2026-06-09,0,0
M101,2026-06-10,8,1408688
M101,2026-06-11,7,1024786
M101,2026-06-12,8,1978288
M101,2026-06-13,8,1749680
M101,2026-06-14,0,0
M101,2026-06-15,2,417338
M101,2026-06-16,15,2064735
M101,2026-06-17,7,1562694
M101,2026-06-18,6,1080780
M101,2026-06-19,8,1575600
M101,2026-06-20,5,423350
M101,2026-06-21,0,0
M101,2026-06-22,10,2048200
M101,2026-06-23,8,655216
M101,2026-06-24,14,3333540
M101,2026-06-25,7,1292886
M101,2026-06-26,0,0
M101,2026-06-27,0,0
M101,2026-06-28,0,0
M101,2026-06-29,6,1273350
M101,2026-06-30,12,2261424
M101,2026-07-01,5,959985
M101,2026-07-02,13,3045874
M101,2026-07-03,6,1441896
M101,2026-07-04,6,1457226
M101,2026-07-05,6,834024
M101,2026-07-06,0,0
M101,2026-07-07,10,1482690
M101,2026-07-08,17,2601189
M101,2026-07-09,9,1352618
M101,2026-07-10,2,286130
M101,2026-07-11,6,832380
M101,2026-07-12,14,2106963
M101,2026-07-13,4,598273
M101,2026-07-14,0,0
M101,2026-07-15,8,1274582
M101,2026-07-16,15,2263035
M101,2026-07-17,3,442202
M101,2026-07-18,14,2054939
M101,2026-07-19,3,468214
M101,2026-07-20,7,988452
M101,2026-07-21,6,936428
M101,2026-07-22,0,0
M101,2026-07-23,16,2445118
M101,2026-07-24,0,0
M101,2026-07-25,5,806368
M101,2026-07-26,17,2523153
M101,2026-07-27,7,1040475
M101,2026-07-28,14,2132975
M101,2026-07-29,6,936428
M101,2026-07-30,7,1092499
M101,2026-07-31,0,0
M101,2026-08-01,17,2497142
M101,2026-08-02,1,208095
M101,2026-08-03,16,2341070
M101,2026-08-04,31,4619279
M101,2026-08-05,27,3979683
M101,2026-08-06,3,426394
M101,2026-08-07,6,852789
M101,2026-08-08,8,1208118
M101,2026-08-09,0,0
M101,2026-08-10,12,1776644
M101,2026-08-11,1,213197
M101,2026-08-12,43,6395919
M101,2026-08-13,0,0
M101,2026-08-14,0,0
M101,2026-08-15,24,3624354
M101,2026-08-16,0,0
M101,2026-08-17,0,0
M101,2026-08-18,41,6182721
M101,2026-08-19,0,0
M101,2026-08-20,5,781723
M101,2026-08-21,33,4903538
M101,2026-08-22,0,0
M101,2026-08-23,0,0
M101,2026-08-24,0,0
M101,2026-08-25,0,0
M101,2026-08-26,0,0
M101,2026-08-27,0,0
M101,2026-08-28,37,5543130
M101,2026-08-29,0,0
M101,2026-08-30,47,7035511
M101,2026-08-31,0,0
M102,2026-01-30,0,0
M102,2026-01-31,0,0
M102,2026-02-01,0,0
M102,2026-02-02,0,0
M102,2026-02-03,0,0
M102,2026-02-04,0,0
M102,2026-02-05,0,0
M102,2026-02-06,0,0
M102,2026-02-07,0,0
M102,2026-02-08,0,0
M102,2026-02-09,0,0
M102,2026-02-10,0,0
M102,2026-02-11,0,0
M102,2026-02-12,0,0
M102,2026-02-13,0,0
M102,2026-02-14,0,0
M102,2026-02-15,0,0
M102,2026-02-16,0,0
M102,2026-02-17,0,0
M102,2026-02-18,0,0
M102,2026-02-19,0,0
M102,2026-02-20,0,0
M102,2026-02-21,0,0
M102,2026-02-22,0,0
M102,2026-02-23,0,0
M102,2026-02-24,0,0
M102,2026-02-25,0,0
M102,2026-02-26,0,0
M102,2026-02-27,0,0
M102,2026-02-28,0,0
M102,2026-03-01,0,0
M102,2026-03-02,0,0
M102,2026-03-03,0,0
M102,2026-03-04,0,0
M102,2026-03-05,0,0
M102,2026-03-06,0,0
M102,2026-03-07,0,0
M102,2026-03-08,0,0
M102,2026-03-09,0,0
M102,2026-03-10,0,0
M102,2026-03-11,0,0
M102,2026-03-12,0,0
M102,2026-03-13,0,0
M102,2026-03-14,0,0
M102,2026-03-15,0,0
M102,2026-03-16,0,0
M102,2026-03-17,5,360775
M102,2026-03-18,8,593128
M102,2026-03-19,4,228632
M102,2026-03-20,2,353956
M102,2026-03-21,3,474045
M102,2026-03-22,0,0
M102,2026-03-23,0,0
M102,2026-03-24,0,0
M102,2026-03-25,3,155757
M102,2026-03-26,0,0
M102,2026-03-27,4,604024
M102,2026-03-28,3,122892
M102,2026-03-29,0,0
M102,2026-03-30,5,217420
M102,2026-03-31,5,363765
M102,2026-04-01,7,1082480
M102,2026-04-02,3,245967
M102,2026-04-03,6,452322
M102,2026-04-04,4,262112
M102,2026-04-05,0,0
M102,2026-04-06,3,143202
M102,2026-04-07,0,0
M102,2026-04-08,1,126097
M102,2026-04-09,5,287285
M102,2026-04-10,7,719005
M102,2026-04-11,0,0
M102,2026-04-12,0,0
M102,2026-04-13,3,512361
M102,2026-04-14,8,1077120
M102,2026-04-15,6,1023246
M102,2026-04-16,2,222266
M102,2026-04-17,0,0
M102,2026-04-18,3,280653
M102,2026-04-19,0,0
M102,2026-04-20,6,412458
M102,2026-04-21,0,0
M102,2026-04-22,5,528210
M102,2026-04-23,0,0
M102,2026-04-24,6,642996
M102,2026-04-25,0,0
M102,2026-04-26,2,179686
M102,2026-04-27,0,0
M102,2026-04-28,0,0
M102,2026-04-29,6,503670
M102,2026-04-30,10,675780
M102,2026-05-01,2,147014
M102,2026-05-02,4,456608
M102,2026-05-03,7,1166088
M102,2026-05-04,2,300168
M102,2026-05-05,0,0
M102,2026-05-06,5,205670
M102,2026-05-07,0,0
M102,2026-05-08,4,329516
M102,2026-05-09,3,283287
M102,2026-05-10,4,651244
M102,2026-05-11,3,136347
M102,2026-05-12,0,0
M102,2026-05-13,5,455130
M102,2026-05-14,0,0
M102,2026-05-15,0,0
M102,2026-05-16,0,0
M102,2026-05-17,7,485408
M102,2026-05-18,0,0
M102,2026-05-19,5,700145
M102,2026-05-20,1,103342
M102,2026-05-21,0,0
M102,2026-05-22,8,873176
M102,2026-05-23,0,0
M102,2026-05-24,2,164766
M102,2026-05-25,3,346695
M102,2026-05-26,2,231682
M102,2026-05-27,0,0
M102,2026-05-28,3,477585
M102,2026-05-29,1,85743
M102,2026-05-30,0,0
M102,2026-05-31,0,0
M102,2026-06-01,3,136833
M102,2026-06-02,0,0
M102,2026-06-03,0,0
M102,2026-06-04,3,318813
M102,2026-06-05,0,0
M102,2026-06-06,6,365340
M102,2026-06-07,4,253016
M102,2026-06-08,4,181004
M102,2026-06-09,10,909570
M102,2026-06-10,2,95330
M102,2026-06-11,7,455427
M102,2026-06-12,0,0
M102,2026-06-13,8,1261288
M102,2026-06-14,2,150634
M102,2026-06-15,7,560329
M102,2026-06-16,0,0
M102,2026-06-17,0,0
M102,2026-06-18,0,0
M102,2026-06-19,8,730448
M102,2026-06-20,0,0
M102,2026-06-21,3,303909
M102,2026-06-22,6,906342
M102,2026-06-23,0,0
M102,2026-06-24,4,560500
M102,2026-06-25,0,0
M102,2026-06-26,0,0
M102,2026-06-27,4,562680
M102,2026-06-28,0,0
M102,2026-06-29,5,190805
M102,2026-06-30,0,0
M102,2026-07-01,5,838180
M102,2026-07-02,5,503090
M102,2026-07-03,5,408065
M102,2026-07-04,6,1077246
M102,2026-07-05,0,0
M102,2026-07-06,6,974394
M102,2026-07-07,6,507207
M102,2026-07-08,0,0
M102,2026-07-09,0,0
M102,2026-07-10,0,0
M102,2026-07-11,0,0
M102,2026-07-12,0,0
M102,2026-07-13,0,0
M102,2026-07-14,0,0
M102,2026-07-15,3,286678
M102,2026-07-16,6,540278
M102,2026-07-17,11,1014400
M102,2026-07-18,0,0
M102,2026-07-19,1,132313
M102,2026-07-20,7,628486
M102,2026-07-21,7,595408
M102,2026-07-22,11,970295
M102,2026-07-23,5,474121
M102,2026-07-24,0,0
M102,2026-07-25,0,0
M102,2026-07-26,2,209495
M102,2026-07-27,10,904139
M102,2026-07-28,7,639513
M102,2026-07-29,10,860034
M102,2026-07-30,0,0
M102,2026-07-31,2,165391
M102,2026-08-01,0,0
M102,2026-08-02,0,0
M102,2026-08-03,6,496173
M102,2026-08-04,7,603639
M102,2026-08-05,0,0
M102,2026-08-06,0,0
M102,2026-08-07,2,220556
M102,2026-08-08,11,986699
M102,2026-08-09,9,824184
M102,2026-08-10,2,174123
M102,2026-08-11,6,545586
M102,2026-08-12,10,870617
M102,2026-08-13,4,383071
M102,2026-08-14,0,0
M102,2026-08-15,4,371463
M102,2026-08-16,7,638452
M102,2026-08-17,6,557194
M102,2026-08-18,2,208948
M102,2026-08-19,10,893833
M102,2026-08-20,5,487545
M102,2026-08-21,5,487545
M102,2026-08-22,0,0
M102,2026-08-23,1,69649
M102,2026-08-24,1,116082
M102,2026-08-25,13,1160822
M102,2026-08-26,9,777751
M102,2026-08-27,9,847400
M102,2026-08-28,8,754534
M102,2026-08-29,10,882225
M102,2026-08-30,1,116082
M102,2026-08-31,0,0
M103,2025-10-22,0,0
M103,2025-10-23,0,0
M103,2025-10-24,0,0
M103,2025-10-25,0,0
M103,2025-10-26,0,0
M103,2025-10-27,0,0
M103,2025-10-28,0,0
M103,2025-10-29,0,0
M103,2025-10-30,0,0
M103,2025-10-31,0,0
M103,2025-11-01,0,0
M103,2025-11-02,0,0
M103,2025-11-03,0,0
M103,2025-11-04,0,0
M103,2025-11-05,0,0
M103,2025-11-06,0,0
M103,2025-11-07,4,428860
M103,2025-11-08,7,1790572
M103,2025-11-09,8,852904
M103,2025-11-10,0,0
M103,2025-11-11,9,732510
M103,2025-11-12,12,2756916
M103,2025-11-13,3,617442
M103,2025-11-14,7,970494
M103,2025-11-15,0,0
M103,2025-11-16,8,1113160
M103,2025-11-17,0,0
M103,2025-11-18,4,881964
M103,2025-11-19,7,1588258
M103,2025-11-20,12,2529696
M103,2025-11-21,3,449748
M103,2025-11-22,13,2006355
M103,2025-11-23,6,1466994
M103,2025-11-24,4,702136
M103,2025-11-25,0,0
M103,2025-11-26,0,0
M103,2025-11-27,6,856032
M103,2025-11-28,0,0
M103,2025-11-29,8,1777880
M103,2025-11-30,8,1526680
M103,2025-12-01,6,549648
M103,2025-12-02,15,2150580
M103,2025-12-03,0,0
M103,2025-12-04,7,1517565
M103,2025-12-05,8,1258848
M103,2025-12-06,15,3086460
M103,2025-12-07,6,777792
M103,2025-12-08,0,0
M103,2025-12-09,4,799444
M103,2025-12-10,5,595410
M103,2025-12-11,8,885800
M103,2025-12-12,5,952720
M103,2025-12-13,5,1163975
M103,2025-12-14,8,1181136
M103,2025-12-15,7,1692873
M103,2025-12-16,6,668244
M103,2025-12-17,0,0
M103,2025-12-18,7,1741761
M103,2025-12-19,0,0
M103,2025-12-20,2,311858
M103,2025-12-21,6,1474164
M103,2025-12-22,8,1590032
M103,2025-12-23,8,1966456
M103,2025-12-24,0,0
M103,2025-12-25,11,940775
M103,2025-12-26,8,724928
M103,2025-12-27,0,0
M103,2025-12-28,12,1133592
M103,2025-12-29,8,1587840
M103,2025-12-30,2,209192
M103,2025-12-31,8,1178768
M103,2026-01-01,7,1517929
M103,2026-01-02,9,702369
M103,2026-01-03,15,2675340
M103,2026-01-04,5,1071580
M103,2026-01-05,11,2191310
M103,2026-01-06,7,1265278
M103,2026-01-07,7,1475194
M103,2026-01-08,6,734826
M103,2026-01-09,12,2664720
M103,2026-01-10,0,0
M103,2026-01-11,8,783936
M103,2026-01-12,10,2441960
M103,2026-01-13,6,435354
M103,2026-01-14,10,2536800
M103,2026-01-15,0,0
M103,2026-01-16,9,2306682
M103,2026-01-17,4,1010092
M103,2026-01-18,12,2963904
M103,2026-01-19,0,0
M103,2026-01-20,0,0
M103,2026-01-21,0,0
M103,2026-01-22,4,540364
M103,2026-01-23,0,0
M103,2026-01-24,11,2538382
M103,2026-01-25,0,0
M103,2026-01-26,8,1946512
M103,2026-01-27,6,1552026
M103,2026-01-28,6,1043148
M103,2026-01-29,0,0
M103,2026-01-30,0,0
M103,2026-01-31,8,1380856
M103,2026-02-01,8,1044408
M103,2026-02-02,9,1997685
M103,2026-02-03,0,0
M103,2026-02-04,11,967010
M103,2026-02-05,9,1615068
M103,2026-02-06,0,0
M103,2026-02-07,9,1325124
M103,2026-02-08,0,0
M103,2026-02-09,8,620216
M103,2026-02-10,9,1190016
M103,2026-02-11,0,0
M103,2026-02-12,10,1677330
M103,2026-02-13,0,0
M103,2026-02-14,0,0
M103,2026-02-15,9,1089342
M103,2026-02-16,7,589841
M103,2026-02-17,8,591536
M103,2026-02-18,3,400128
M103,2026-02-19,5,800395
M103,2026-02-20,10,2166960
M103,2026-02-21,8,1530904
M103,2026-02-22,7,1666511
M103,2026-02-23,0,0
M103,2026-02-24,1,77389
M103,2026-02-25,13,2525848
M103,2026-02-26,9,1143144
M103,2026-02-27,8,1744256
M103,2026-02-28,0,0
M103,2026-03-01,10,1827970
M103,2026-03-02,0,0
M103,2026-03-03,11,2695132
M103,2026-03-04,6,1287978
M103,2026-03-05,0,0
M103,2026-03-06,8,1452008
M103,2026-03-07,0,0
M103,2026-03-08,0,0
M103,2026-03-09,9,2132172
M103,2026-03-10,5,1236080
M103,2026-03-11,3,385467
M103,2026-03-12,8,1521728
M103,2026-03-13,0,0
M103,2026-03-14,5,1053120
M103,2026-03-15,5,478375
M103,2026-03-16,0,0
M103,2026-03-17,8,1375336
M103,2026-03-18,9,1211166
M103,2026-03-19,0,0
M103,2026-03-20,0,0
M103,2026-03-21,8,619824
M103,2026-03-22,5,985865
M103,2026-03-23,11,2013550
M103,2026-03-24,6,546984
M103,2026-03-25,15,2123385
M103,2026-03-26,14,1721482
M103,2026-03-27,6,690222
M103,2026-03-28,12,3084336
M103,2026-03-29,4,973088
M103,2026-03-30,5,1016395
M103,2026-03-31,8,1810576
M103,2026-04-01,0,0
M103,2026-04-02,9,1319058
M103,2026-04-03,3,266973
M103,2026-04-04,10,1609640
M103,2026-04-05,0,0
M103,2026-04-06,7,1328236
M103,2026-04-07,4,516872
M103,2026-04-08,9,1760310
M103,2026-04-09,5,614400
M103,2026-04-10,3,730896
M103,2026-04-11,7,1714965
M103,2026-04-12,4,546468
M103,2026-04-13,9,783396
M103,2026-04-14,13,1669083
M103,2026-04-15,9,2338461
M103,2026-04-16,13,2904382
M103,2026-04-17,5,1166165
M103,2026-04-18,0,0
M103,2026-04-19,6,1338816
M103,2026-04-20,6,1330602
M103,2026-04-21,7,1246133
M103,2026-04-22,5,472575
M103,2026-04-23,0,0
M103,2026-04-24,12,1075152
M103,2026-04-25,10,2312790
M103,2026-04-26,0,0
M103,2026-04-27,5,461295
M103,2026-04-28,4,860216
M103,2026-04-29,8,1921824
M103,2026-04-30,11,2161962
M103,2026-05-01,8,792936
M103,2026-05-02,0,0
M103,2026-05-03,6,832002
M103,2026-05-04,15,3529965
M103,2026-05-05,8,2014712
M103,2026-05-06,5,974460
M103,2026-05-07,11,1648823
M103,2026-05-08,8,1017336
M103,2026-05-09,8,1802776
M103,2026-05-10,9,1199385
M103,2026-05-11,7,1124774
M103,2026-05-12,9,1548045
M103,2026-05-13,14,1697612
M103,2026-05-14,0,0
M103,2026-05-15,13,1873664
M103,2026-05-16,6,755874
M103,2026-05-17,5,757730
M103,2026-05-18,0,0
M103,2026-05-19,0,0
M103,2026-05-20,0,0
M103,2026-05-21,4,1033700
M103,2026-05-22,0,0
M103,2026-05-23,0,0
M103,2026-05-24,7,866572
M103,2026-05-25,7,1212456
M103,2026-05-26,7,1374345
M103,2026-05-27,0,0
M103,2026-05-28,8,1299968
M103,2026-05-29,14,1178786
M103,2026-05-30,11,2483250
M103,2026-05-31,10,1841310
M103,2026-06-01,8,1117216
M103,2026-06-02,5,785910
M103,2026-06-03,0,0
M103,2026-06-04,8,1046384
M103,2026-06-05,5,480570
M103,2026-06-06,8,1699584
M103,2026-06-07,0,0
M103,2026-06-08,3,544491
M103,2026-06-09,8,1358584
M103,2026-06-10,6,738996
M103,2026-06-11,9,1149003
M103,2026-06-12,4,489168
M103,2026-06-13,7,1234513
M103,2026-06-14,11,1993882
M103,2026-06-15,7,1223271
M103,2026-06-16,5,1078910
M103,2026-06-17,10,1110260
M103,2026-06-18,10,1469580
M103,2026-06-19,3,607641
M103,2026-06-20,0,0
M103,2026-06-21,0,0
M103,2026-06-22,0,0
M103,2026-06-23,7,612906
M103,2026-06-24,13,1485757
M103,2026-06-25,8,1748224
M103,2026-06-26,6,1248090
M103,2026-06-27,13,2085408
M103,2026-06-28,0,0
M103,2026-06-29,6,1439676
M103,2026-06-30,0,0
M103,2026-07-01,9,2082987
M103,2026-07-02,4,808460
M103,2026-07-03,6,1432212
M103,2026-07-04,7,1651188
M103,2026-07-05,0,0
M103,2026-07-06,0,0
M103,2026-07-07,4,645886
M103,2026-07-08,5,759855
M103,2026-07-09,20,3001429
M103,2026-07-10,6,835841
M103,2026-07-11,0,0
M103,2026-07-12,0,0
M103,2026-07-13,20,2963437
M103,2026-07-14,0,0
M103,2026-07-15,0,0
M103,2026-07-16,0,0
M103,2026-07-17,23,3419350
M103,2026-07-18,0,0
M103,2026-07-19,0,0
M103,2026-07-20,7,1101790
M103,2026-07-21,0,0
M103,2026-07-22,4,531898
M103,2026-07-23,11,1709675
M103,2026-07-24,0,0
M103,2026-07-25,1,75985
M103,2026-07-26,1,113978
M103,2026-07-27,18,2659494
M103,2026-07-28,0,0
M103,2026-07-29,8,1253761
M103,2026-07-30,0,0
M103,2026-07-31,21,3153401
M103,2026-08-01,23,3495336
M103,2026-08-02,0,0
M103,2026-08-03,18,2659494
M103,2026-08-04,0,0
M103,2026-08-05,16,2349321
M103,2026-08-06,14,2093950
M103,2026-08-07,6,919295
M103,2026-08-08,0,0
M103,2026-08-09,9,1404478
M103,2026-08-10,5,766079
M103,2026-08-11,0,0
M103,2026-08-12,12,1813054
M103,2026-08-13,1,102143
M103,2026-08-14,4,536255
M103,2026-08-15,3,408575
M103,2026-08-16,16,2425917
M103,2026-08-17,0,0
M103,2026-08-18,15,2272702
M103,2026-08-19,7,1072511
M103,2026-08-20,3,510719
M103,2026-08-21,2,229823
M103,2026-08-22,5,817151
M103,2026-08-23,3,434111
M103,2026-08-24,12,1838590
M103,2026-08-25,11,1710910
M103,2026-08-26,1,25535
M103,2026-08-27,17,2476989
M103,2026-08-28,2,357503
M103,2026-08-29,14,2170558
M103,2026-08-30,0,0
M103,2026-08-31,6,944831
M106,2026-05-31,0,0
M106,2026-06-01,0,0
M106,2026-06-02,0,0
M106,2026-06-03,4,288240
M106,2026-06-04,0,0
M106,2026-06-05,2,259202
M106,2026-06-06,4,252944
M106,2026-06-07,0,0
M106,2026-06-08,1,128470
M106,2026-06-09,1,39817
M106,2026-06-10,1,103236
M106,2026-06-11,4,256608
M106,2026-06-12,0,0
M106,2026-06-13,5,333105
M106,2026-06-14,4,170800
M106,2026-06-15,0,0
M106,2026-06-16,5,204960
M106,2026-06-17,6,390708
M106,2026-06-18,0,0
M106,2026-06-19,0,0
M106,2026-06-20,0,0
M106,2026-06-21,0,0
M106,2026-06-22,0,0
M106,2026-06-23,0,0
M106,2026-06-24,0,0
M106,2026-06-25,2,283320
M106,2026-06-26,0,0
M106,2026-06-27,5,524645
M106,2026-06-28,3,298005
M106,2026-06-29,6,652206
M106,2026-06-30,3,485802
M106,2026-07-01,2,236446
M106,2026-07-02,0,0
M106,2026-07-03,5,881300
M106,2026-07-04,0,0
M106,2026-07-05,0,0
M106,2026-07-06,0,0
M106,2026-07-07,7,589421
M106,2026-07-08,2,187114
M106,2026-07-09,0,0
M106,2026-07-10,6,523921
M106,2026-07-11,0,0
M106,2026-07-12,0,0
M106,2026-07-13,7,598767
M106,2026-07-14,0,0
M106,2026-07-15,4,346162
M106,2026-07-16,10,898151
M106,2026-07-17,0,0
M106,2026-07-18,0,0
M106,2026-07-19,9,767171
M106,2026-07-20,6,533277
M106,2026-07-21,8,682969
M106,2026-07-22,0,0
M106,2026-07-23,4,364874
M106,2026-07-24,0,0
M106,2026-07-25,1,56134
M106,2026-07-26,0,0
M106,2026-07-27,0,0
M106,2026-07-28,0,0
M106,2026-07-29,10,870084
M106,2026-07-30,2,140336
M106,2026-07-31,4,355518
M106,2026-08-01,2,149691
M106,2026-08-02,0,0
M106,2026-08-03,0,0
M106,2026-08-04,3,234190
M106,2026-08-05,1,75168
M106,2026-08-06,1,49148
M106,2026-08-07,1,104080
M106,2026-08-08,2,153229
M106,2026-08-09,1,127209
M106,2026-08-10,1,104080
M106,2026-08-11,0,0
M106,2026-08-12,2,216833
M106,2026-08-13,2,196595
M106,2026-08-14,3,289111
M106,2026-08-15,0,0
M106,2026-08-16,0,0
M106,2026-08-17,0,0
M106,2026-08-18,0,0
M106,2026-08-19,1,60713
M106,2026-08-20,3,265982
M106,2026-08-21,2,219724
M106,2026-08-22,1,130100
M106,2026-08-23,2,156120
M106,2026-08-24,1,63604
M106,2026-08-25,0,0
M106,2026-08-26,3,260200
M106,2026-08-27,0,0
M106,2026-08-28,1,106971
M106,2026-08-29,2,147446
M106,2026-08-30,2,150337
M106,2026-08-31,2,208160
M107,2025-08-27,0,0
M107,2025-08-28,0,0
M107,2025-08-29,0,0
M107,2025-08-30,13,3185195
M107,2025-08-31,6,1281018
M107,2025-09-01,0,0
M107,2025-09-02,13,1890811
M107,2025-09-03,7,1647121
M107,2025-09-04,7,746298
M107,2025-09-05,0,0
M107,2025-09-06,3,418218
M107,2025-09-07,8,1750256
M107,2025-09-08,8,1432672
M107,2025-09-09,11,1956394
M107,2025-09-10,0,0
M107,2025-09-11,11,987965
M107,2025-09-12,12,2599152
M107,2025-09-13,11,837309
M107,2025-09-14,7,1264102
M107,2025-09-15,6,739638
M107,2025-09-16,0,0
M107,2025-09-17,10,806240
M107,2025-09-18,0,0
M107,2025-09-19,0,0
M107,2025-09-20,0,0
M107,2025-09-21,0,0
M107,2025-09-22,6,1146348
M107,2025-09-23,6,1404858
M107,2025-09-24,11,1940224
M107,2025-09-25,6,1431942
M107,2025-09-26,5,1174850
M107,2025-09-27,0,0
M107,2025-09-28,14,2560516
M107,2025-09-29,8,1944864
M107,2025-09-30,0,0
M107,2025-10-01,10,897420
M107,2025-10-02,12,1303248
M107,2025-10-03,7,911022
M107,2025-10-04,14,1751904
M107,2025-10-05,0,0
M107,2025-10-06,6,1445214
M107,2025-10-07,0,0
M107,2025-10-08,9,2146716
M107,2025-10-09,0,0
M107,2025-10-10,8,1448824
M107,2025-10-11,0,0
M107,2025-10-12,9,1724868
M107,2025-10-13,8,833528
M107,2025-10-14,6,1004334
M107,2025-10-15,0,0
M107,2025-10-16,5,1160745
M107,2025-10-17,7,1461558
M107,2025-10-18,0,0
M107,2025-10-19,10,1131840
M107,2025-10-20,0,0
M107,2025-10-21,0,0
M107,2025-10-22,8,1526504
M107,2025-10-23,0,0
M107,2025-10-24,5,869565
M107,2025-10-25,0,0
M107,2025-10-26,6,882942
M107,2025-10-27,0,0
M107,2025-10-28,5,584115
M107,2025-10-29,13,1439204
M107,2025-10-30,10,1705610
M107,2025-10-31,10,764790
M107,2025-11-01,0,0
M107,2025-11-02,3,386970
M107,2025-11-03,10,2191380
M107,2025-11-04,9,2005164
M107,2025-11-05,9,1793376
M107,2025-11-06,8,1452344
M107,2025-11-07,10,1989030
M107,2025-11-08,8,1883544
M107,2025-11-09,9,2307717
M107,2025-11-10,9,2186964
M107,2025-11-11,2,374226
M107,2025-11-12,11,852654
M107,2025-11-13,8,874832
M107,2025-11-14,7,1163624
M107,2025-11-15,10,1627410
M107,2025-11-16,1,161477
M107,2025-11-17,8,1873904
M107,2025-11-18,4,517780
M107,2025-11-19,0,0
M107,2025-11-20,0,0
M107,2025-11-21,0,0
M107,2025-11-22,7,1686923
M107,2025-11-23,0,0
M107,2025-11-24,0,0
M107,2025-11-25,9,1588068
M107,2025-11-26,7,1006523
M107,2025-11-27,0,0
M107,2025-11-28,4,971272
M107,2025-11-29,0,0
M107,2025-11-30,7,1694868
M107,2025-12-01,4,751396
M107,2025-12-02,11,1287572
M107,2025-12-03,3,668961
M107,2025-12-04,9,672921
M107,2025-12-05,10,2019670
M107,2025-12-06,2,299516
M107,2025-12-07,0,0
M107,2025-12-08,11,1063128
M107,2025-12-09,3,353991
M107,2025-12-10,9,1063503
M107,2025-12-11,0,0
M107,2025-12-12,0,0
M107,2025-12-13,0,0
M107,2025-12-14,0,0
M107,2025-12-15,0,0
M107,2025-12-16,11,1823063
M107,2025-12-17,5,1148955
M107,2025-12-18,5,620315
M107,2025-12-19,7,739480
M107,2025-12-20,6,549282
M107,2025-12-21,7,764211
M107,2025-12-22,7,1112216
M107,2025-12-23,8,947672
M107,2025-12-24,9,1064439
M107,2025-12-25,6,682848
M107,2025-12-26,0,0
M107,2025-12-27,0,0
M107,2025-12-28,0,0
M107,2025-12-29,0,0
M107,2025-12-30,9,1006101
M107,2025-12-31,7,1023211
M107,2026-01-01,7,1124893
M107,2026-01-02,7,912884
M107,2026-01-03,5,397710
M107,2026-01-04,7,1699698
M107,2026-01-05,12,1300224
M107,2026-01-06,0,0
M107,2026-01-07,4,622636
M107,2026-01-08,11,1942963
M107,2026-01-09,7,1786547
M107,2026-01-10,4,532512
M107,2026-01-11,0,0
M107,2026-01-12,5,1057645
M107,2026-01-13,7,1360541
M107,2026-01-14,0,0
M107,2026-01-15,5,475635
M107,2026-01-16,0,0
M107,2026-01-17,9,1697580
M107,2026-01-18,0,0
M107,2026-01-19,10,1354970
M107,2026-01-20,8,670192
M107,2026-01-21,11,1502809
M107,2026-01-22,5,527205
M107,2026-01-23,8,848008
M107,2026-01-24,14,2167942
M107,2026-01-25,0,0
M107,2026-01-26,0,0
M107,2026-01-27,0,0
M107,2026-01-28,3,304689
M107,2026-01-29,13,3179423
M107,2026-01-30,0,0
M107,2026-01-31,0,0
M107,2026-02-01,0,0
M107,2026-02-02,10,906770
M107,2026-02-03,9,1547550
M107,2026-02-04,5,765575
M107,2026-02-05,5,395905
M107,2026-02-06,7,1083719
M107,2026-02-07,6,1402728
M107,2026-02-08,0,0
M107,2026-02-09,0,0
M107,2026-02-10,8,1664792
M107,2026-02-11,3,379389
M107,2026-02-12,0,0
M107,2026-02-13,12,1196256
M107,2026-02-14,2,171864
M107,2026-02-15,4,332796
M107,2026-02-16,0,0
M107,2026-02-17,3,509127
M107,2026-02-18,8,622832
M107,2026-02-19,13,2850913
M107,2026-02-20,8,1596408
M107,2026-02-21,0,0
M107,2026-02-22,0,0
M107,2026-02-23,9,1591677
M107,2026-02-24,0,0
M107,2026-02-25,7,673183
M107,2026-02-26,0,0
M107,2026-02-27,16,1641408
M107,2026-02-28,9,2289735
M107,2026-03-01,6,1211100
M107,2026-03-02,4,504008
M107,2026-03-03,10,2149250
M107,2026-03-04,7,1788143
M107,2026-03-05,0,0
M107,2026-03-06,8,2004680
M107,2026-03-07,0,0
M107,2026-03-08,0,0
M107,2026-03-09,0,0
M107,2026-03-10,0,0
M107,2026-03-11,6,890304
M107,2026-03-12,0,0
M107,2026-03-13,8,1661976
M107,2026-03-14,8,1865336
M107,2026-03-15,15,2430810
M107,2026-03-16,15,3732360
M107,2026-03-17,8,969904
M107,2026-03-18,10,776450
M107,2026-03-19,7,1627248
M107,2026-03-20,6,1216980
M107,2026-03-21,7,1754725
M107,2026-03-22,12,1590900
M107,2026-03-23,9,1258983
M107,2026-03-24,7,810642
M107,2026-03-25,0,0
M107,2026-03-26,4,862144
M107,2026-03-27,9,937179
M107,2026-03-28,11,2446686
M107,2026-03-29,0,0
M107,2026-03-30,0,0
M107,2026-03-31,14,1870120
M107,2026-04-01,9,1671939
M107,2026-04-02,0,0
M107,2026-04-03,11,1745260
M107,2026-04-04,6,467988
M107,2026-04-05,10,743080
M107,2026-04-06,0,0
M107,2026-04-07,0,0
M107,2026-04-08,0,0
M107,2026-04-09,0,0
M107,2026-04-10,7,1310267
M107,2026-04-11,0,0
M107,2026-04-12,12,2925924
M107,2026-04-13,0,0
M107,2026-04-14,9,1716993
M107,2026-04-15,12,3032664
M107,2026-04-16,6,657840
M107,2026-04-17,8,1242392
M107,2026-04-18,6,1066338
M107,2026-04-19,12,1360008
M107,2026-04-20,3,552684
M107,2026-04-21,0,0
M107,2026-04-22,8,1592728
M107,2026-04-23,0,0
M107,2026-04-24,0,0
M107,2026-04-25,0,0
M107,2026-04-26,0,0
M107,2026-04-27,11,1889085
M107,2026-04-28,5,1193220
M107,2026-04-29,0,0
M107,2026-04-30,11,2311243
M107,2026-05-01,8,1022984
M107,2026-05-02,0,0
M107,2026-05-03,4,991180
M107,2026-05-04,0,0
M107,2026-05-05,5,560485
M107,2026-05-06,12,1003704
M107,2026-05-07,7,749203
M107,2026-05-08,12,2345124
M107,2026-05-09,11,1673342
M107,2026-05-10,0,0
M107,2026-05-11,6,1462944
M107,2026-05-12,4,923516
M107,2026-05-13,9,1856178
M107,2026-05-14,0,0
M107,2026-05-15,0,0
M107,2026-05-16,8,841288
M107,2026-05-17,15,2204865
M107,2026-05-18,6,983220
M107,2026-05-19,8,1934200
M107,2026-05-20,0,0
M107,2026-05-21,4,505048
M107,2026-05-22,12,2617680
M107,2026-05-23,7,630686
M107,2026-05-24,10,1549150
M107,2026-05-25,9,1570140
M107,2026-05-26,9,2332314
M107,2026-05-27,5,582875
M107,2026-05-28,0,0
M107,2026-05-29,11,939389
M107,2026-05-30,9,1927467
M107,2026-05-31,9,1910457
M107,2026-06-01,0,0
M107,2026-06-02,4,439036
M107,2026-06-03,0,0
M107,2026-06-04,0,0
M107,2026-06-05,0,0
M107,2026-06-06,10,2599530
M107,2026-06-07,6,689658
M107,2026-06-08,0,0
M107,2026-06-09,8,995832
M107,2026-06-10,9,2176083
M107,2026-06-11,10,1349020
M107,2026-06-12,9,2164788
M107,2026-06-13,10,1040510
M107,2026-06-14,0,0
M107,2026-06-15,0,0
M107,2026-06-16,0,0
M107,2026-06-17,4,323396
M107,2026-06-18,8,1477168
M107,2026-06-19,4,702644
M107,2026-06-20,4,323084
M107,2026-06-21,9,1906965
M107,2026-06-22,7,919807
M107,2026-06-23,9,663057
M107,2026-06-24,4,383824
M107,2026-06-25,5,662650
M107,2026-06-26,4,799968
M107,2026-06-27,0,0
M107,2026-06-28,0,0
M107,2026-06-29,0,0
M107,2026-06-30,7,1760962
M107,2026-07-01,10,1398840
M107,2026-07-02,6,495036
M107,2026-07-03,9,1104498
M107,2026-07-04,3,589716
M107,2026-07-05,12,2875800
M107,2026-07-06,3,551961
M107,2026-07-07,20,3069214
M107,2026-07-08,18,2758400
M107,2026-07-09,0,0
M107,2026-07-10,2,271955
M107,2026-07-11,0,0
M107,2026-07-12,0,0
M107,2026-07-13,25,3729668
M107,2026-07-14,2,349656
M107,2026-07-15,1,77701
M107,2026-07-16,23,3418862
M107,2026-07-17,0,0
M107,2026-07-18,4,543910
M107,2026-07-19,0,0
M107,2026-07-20,0,0
M107,2026-07-21,4,621611
M107,2026-07-22,3,466208
M107,2026-07-23,0,0
M107,2026-07-24,0,0
M107,2026-07-25,0,0
M107,2026-07-26,6,893566
M107,2026-07-27,0,0
M107,2026-07-28,0,0
M107,2026-07-29,9,1282073
M107,2026-07-30,19,2913803
M107,2026-07-31,9,1320924
M107,2026-08-01,14,2097938
M107,2026-08-02,5,815865
M107,2026-08-03,21,3185758
M107,2026-08-04,4,540000
M107,2026-08-05,5,810000
M107,2026-08-06,0,0
M107,2026-08-07,1,210000
M107,2026-08-08,6,930000
M107,2026-08-09,3,480000
M107,2026-08-10,6,930000
M107,2026-08-11,0,0
M107,2026-08-12,0,0
M107,2026-08-13,18,2700000
M107,2026-08-14,16,2340000
M107,2026-08-15,7,1020000
M107,2026-08-16,17,2550000
M107,2026-08-17,18,2640000
M107,2026-08-18,15,2280000
M107,2026-08-19,0,0
M107,2026-08-20,2,330000
M107,2026-08-21,3,480000
M107,2026-08-22,2,240000
M107,2026-08-23,17,2610000
M107,2026-08-24,0,0
M107,2026-08-25,0,0
M107,2026-08-26,0,0
M107,2026-08-27,4,600000
M107,2026-08-28,9,1410000
M107,2026-08-29,20,3000000
M107,2026-08-30,13,2010000
M107,2026-08-31,6,870000
M108,2026-01-05,0,0
M108,2026-01-06,0,0
M108,2026-01-07,12,1765728
M108,2026-01-08,12,2786532
M108,2026-01-09,6,1476102
M108,2026-01-10,0,0
M108,2026-01-11,0,0
M108,2026-01-12,10,1181100
M108,2026-01-13,7,1096081
M108,2026-01-14,8,1789792
M108,2026-01-15,7,918330
M108,2026-01-16,0,0
M108,2026-01-17,9,2186217
M108,2026-01-18,10,1255210
M108,2026-01-19,0,0
M108,2026-01-20,10,2586200
M108,2026-01-21,11,838530
M108,2026-01-22,9,2061918
M108,2026-01-23,8,1468696
M108,2026-01-24,8,1905184
M108,2026-01-25,0,0
M108,2026-01-26,9,865845
M108,2026-01-27,7,592963
M108,2026-01-28,8,636440
M108,2026-01-29,5,1228895
M108,2026-01-30,7,1380820
M108,2026-01-31,10,1294400
M108,2026-02-01,6,1229232
M108,2026-02-02,9,1612296
M108,2026-02-03,6,1428900
M108,2026-02-04,5,823525
M108,2026-02-05,0,0
M108,2026-02-06,6,1397964
M108,2026-02-07,9,2292678
M108,2026-02-08,0,0
M108,2026-02-09,7,875462
M108,2026-02-10,8,639192
M108,2026-02-11,8,1906136
M108,2026-02-12,9,2182176
M108,2026-02-13,0,0
M108,2026-02-14,11,2519165
M108,2026-02-15,0,0
M108,2026-02-16,9,728451
M108,2026-02-17,2,221830
M108,2026-02-18,6,1263144
M108,2026-02-19,0,0
M108,2026-02-20,5,984015
M108,2026-02-21,5,494280
M108,2026-02-22,6,1000200
M108,2026-02-23,8,1793128
M108,2026-02-24,10,927190
M108,2026-02-25,15,3425910
M108,2026-02-26,9,1235223
M108,2026-02-27,0,0
M108,2026-02-28,11,1856184
M108,2026-03-01,8,830120
M108,2026-03-02,6,617310
M108,2026-03-03,6,773808
M108,2026-03-04,0,0
M108,2026-03-05,0,0
M108,2026-03-06,0,0
M108,2026-03-07,10,2492780
M108,2026-03-08,8,1246480
M108,2026-03-09,0,0
M108,2026-03-10,8,1149664
M108,2026-03-11,5,730950
M108,2026-03-12,0,0
M108,2026-03-13,2,468134
M108,2026-03-14,5,974985
M108,2026-03-15,2,454938
M108,2026-03-16,0,0
M108,2026-03-17,14,2566494
M108,2026-03-18,2,323512
M108,2026-03-19,0,0
M108,2026-03-20,0,0
M108,2026-03-21,0,0
M108,2026-03-22,0,0
M108,2026-03-23,6,1290114
M108,2026-03-24,14,1297072
M108,2026-03-25,9,730296
M108,2026-03-26,9,1081476
M108,2026-03-27,8,2040848
M108,2026-03-28,10,1151940
M108,2026-03-29,7,1769145
M108,2026-03-30,6,644424
M108,2026-03-31,0,0
M108,2026-04-01,0,0
M108,2026-04-02,0,0
M108,2026-04-03,0,0
M108,2026-04-04,4,544436
M108,2026-04-05,9,2322999
M108,2026-04-06,6,921366
M108,2026-04-07,3,414270
M108,2026-04-08,9,2045655
M108,2026-04-09,7,1485722
M108,2026-04-10,0,0
M108,2026-04-11,0,0
M108,2026-04-12,0,0
M108,2026-04-13,9,1155636
M108,2026-04-14,6,1493730
M108,2026-04-15,6,515970
M108,2026-04-16,4,420156
M108,2026-04-17,9,2034189
M108,2026-04-18,5,963665
M108,2026-04-19,9,1193355
M108,2026-04-20,0,0
M108,2026-04-21,0,0
M108,2026-04-22,8,1860992
M108,2026-04-23,7,1418004
M108,2026-04-24,9,1566396
M108,2026-04-25,6,1525080
M108,2026-04-26,3,527235
M108,2026-04-27,9,1622178
M108,2026-04-28,0,0
M108,2026-04-29,6,785232
M108,2026-04-30,0,0
M108,2026-05-01,5,883785
M108,2026-05-02,9,2226213
M108,2026-05-03,3,731193
M108,2026-05-04,5,731835
M108,2026-05-05,9,1541385
M108,2026-05-06,6,1503636
M108,2026-05-07,7,1068193
M108,2026-05-08,7,1662724
M108,2026-05-09,0,0
M108,2026-05-10,12,3013356
M108,2026-05-11,7,1492778
M108,2026-05-12,12,928296
M108,2026-05-13,14,2676674
M108,2026-05-14,0,0
M108,2026-05-15,9,729882
M108,2026-05-16,6,1306956
M108,2026-05-17,0,0
M108,2026-05-18,0,0
M108,2026-05-19,14,3371354
M108,2026-05-20,7,999516
M108,2026-05-21,0,0
M108,2026-05-22,9,856215
M108,2026-05-23,11,2541869
M108,2026-05-24,0,0
M108,2026-05-25,0,0
M108,2026-05-26,14,3350648
M108,2026-05-27,7,1101128
M108,2026-05-28,5,555630
M108,2026-05-29,0,0
M108,2026-05-30,7,1084202
M108,2026-05-31,7,899255
M108,2026-06-01,6,1534212
M108,2026-06-02,0,0
M108,2026-06-03,0,0
M108,2026-06-04,6,690150
M108,2026-06-05,9,1257327
M108,2026-06-06,5,748940
M108,2026-06-07,6,970350
M108,2026-06-08,8,1627032
M108,2026-06-09,0,0
M108,2026-06-10,6,822084
M108,2026-06-11,0,0
M108,2026-06-12,8,1642024
M108,2026-06-13,6,819330
M108,2026-06-14,12,897780
M108,2026-06-15,1,251925
M108,2026-06-16,14,3276938
M108,2026-06-17,11,1668205
M108,2026-06-18,11,2313157
M108,2026-06-19,6,639612
M108,2026-06-20,8,903528
M108,2026-06-21,8,1919296
M108,2026-06-22,10,1576670
M108,2026-06-23,6,1244382
M108,2026-06-24,0,0
M108,2026-06-25,10,2529110
M108,2026-06-26,0,0
M108,2026-06-27,17,2158507
M108,2026-06-28,7,1173018
M108,2026-06-29,9,1417410
M108,2026-06-30,0,0
M108,2026-07-01,8,1032128
M108,2026-07-02,4,486916
M108,2026-07-03,5,1186610
M108,2026-07-04,11,1464518
M108,2026-07-05,5,457620
M108,2026-07-06,0,0
M108,2026-07-07,8,1199969
M108,2026-07-08,8,1134510
M108,2026-07-09,2,283627
M108,2026-07-10,0,0
M108,2026-07-11,8,1265415
M108,2026-07-12,10,1570860
M108,2026-07-13,0,0
M108,2026-07-14,5,807247
M108,2026-07-15,5,698160
M108,2026-07-16,0,0
M108,2026-07-17,13,1876305
M108,2026-07-18,5,719977
M108,2026-07-19,5,763612
M108,2026-07-20,6,916335
M108,2026-07-21,8,1199962
M108,2026-07-22,0,0
M108,2026-07-23,12,1789035
M108,2026-07-24,14,2072662
M108,2026-07-25,0,0
M108,2026-07-26,4,654525
M108,2026-07-27,1,152722
M108,2026-07-28,1,130905
M108,2026-07-29,4,589072
M108,2026-07-30,13,1876305
M108,2026-07-31,6,959970
M108,2026-08-01,14,2138115
M108,2026-08-02,10,1505407
M108,2026-08-03,14,2138115
M108,2026-08-04,0,0
M108,2026-08-05,6,855907
M108,2026-08-06,0,0
M108,2026-08-07,33,4921436
M108,2026-08-08,20,3049150
M108,2026-08-09,0,0
M108,2026-08-10,11,1658310
M108,2026-08-11,29,4333003
M108,2026-08-12,28,4172522
M108,2026-08-13,22,3263126
M108,2026-08-14,21,3209632
M108,2026-08-15,0,0
M108,2026-08-16,4,641926
M108,2026-08-17,0,0
M108,2026-08-18,0,0
M108,2026-08-19,0,0
M108,2026-08-20,0,0
M108,2026-08-21,0,0
M108,2026-08-22,36,5349387
M108,2026-08-23,0,0
M108,2026-08-24,29,4386497
M108,2026-08-25,0,0
M108,2026-08-26,0,0
M108,2026-08-27,0,0
M108,2026-08-28,0,0
M108,2026-08-29,36,5349387
M108,2026-08-30,16,2353730
M108,2026-08-31,1,106987
M109,2025-01-16,0,0
M109,2025-01-17,0,0
M109,2025-01-18,0,0
M109,2025-01-19,0,0
M109,2025-01-20,0,0
M109,2025-01-21,0,0
M109,2025-01-22,0,0
M109,2025-01-23,4,613524
M109,2025-01-24,0,0
M109,2025-01-25,0,0
M109,2025-01-26,0,0
M109,2025-01-27,0,0
M109,2025-01-28,8,336224
M109,2025-01-29,1,114869
M109,2025-01-30,3,334977
M109,2025-01-31,3,166635
M109,2025-02-01,2,238706
M109,2025-02-02,0,0
M109,2025-02-03,0,0
M109,2025-02-04,0,0
M109,2025-02-05,3,450246
M109,2025-02-06,4,241408
M109,2025-02-07,0,0
M109,2025-02-08,5,652555
M109,2025-02-09,0,0
M109,2025-02-10,5,788445
M109,2025-02-11,0,0
M109,2025-02-12,0,0
M109,2025-02-13,4,234120
M109,2025-02-14,0,0
M109,2025-02-15,0,0
M109,2025-02-16,2,77960
M109,2025-02-17,1,63552
M109,2025-02-18,3,485736
M109,2025-02-19,1,118136
M109,2025-02-20,5,669295
M109,2025-02-21,0,0
M109,2025-02-22,1,103085
M109,2025-02-23,4,457644
M109,2025-02-24,3,116703
M109,2025-02-25,0,0
M109,2025-02-26,7,1109549
M109,2025-02-27,5,362165
M109,2025-02-28,0,0
M109,2025-03-01,1,65610
M109,2025-03-02,0,0
M109,2025-03-03,1,42868
M109,2025-03-04,0,0
M109,2025-03-05,0,0
M109,2025-03-06,3,419559
M109,2025-03-07,0,0
M109,2025-03-08,4,472148
M109,2025-03-09,0,0
M109,2025-03-10,0,0
M109,2025-03-11,5,284870
M109,2025-03-12,0,0
M109,2025-03-13,6,861240
M109,2025-03-14,0,0
M109,2025-03-15,6,317532
M109,2025-03-16,4,648236
M109,2025-03-17,2,290006
M109,2025-03-18,0,0
M109,2025-03-19,5,572700
M109,2025-03-20,0,0
M109,2025-03-21,4,261140
M109,2025-03-22,5,751335
M109,2025-03-23,0,0
M109,2025-03-24,0,0
M109,2025-03-25,0,0
M109,2025-03-26,7,704536
M109,2025-03-27,3,374499
M109,2025-03-28,4,184852
M109,2025-03-29,0,0
M109,2025-03-30,1,110185
M109,2025-03-31,3,160257
M109,2025-04-01,0,0
M109,2025-04-02,0,0
M109,2025-04-03,3,444027
M109,2025-04-04,0,0
M109,2025-04-05,3,318072
M109,2025-04-06,4,474824
M109,2025-04-07,6,572346
M109,2025-04-08,0,0
M109,2025-04-09,7,712775
M109,2025-04-10,0,0
M109,2025-04-11,0,0
M109,2025-04-12,0,0
M109,2025-04-13,0,0
M109,2025-04-14,2,272988
M109,2025-04-15,0,0
M109,2025-04-16,4,239784
M109,2025-04-17,0,0
M109,2025-04-18,5,534405
M109,2025-04-19,2,143100
M109,2025-04-20,7,1049503
M109,2025-04-21,5,366565
M109,2025-04-22,0,0
M109,2025-04-23,0,0
M109,2025-04-24,3,535128
M109,2025-04-25,4,596732
M109,2025-04-26,0,0
M109,2025-04-27,3,375636
M109,2025-04-28,5,834150
M109,2025-04-29,0,0
M109,2025-04-30,0,0
M109,2025-05-01,0,0
M109,2025-05-02,2,305934
M109,2025-05-03,0,0
M109,2025-05-04,0,0
M109,2025-05-05,4,262616
M109,2025-05-06,0,0
M109,2025-05-07,3,536271
M109,2025-05-08,0,0
M109,2025-05-09,3,494673
M109,2025-05-10,3,159321
M109,2025-05-11,0,0
M109,2025-05-12,8,520176
M109,2025-05-13,4,482188
M109,2025-05-14,8,584128
M109,2025-05-15,2,276956
M109,2025-05-16,5,743700
M109,2025-05-17,0,0
M109,2025-05-18,1,46580
M109,2025-05-19,5,826305
M109,2025-05-20,5,658020
M109,2025-05-21,6,494454
M109,2025-05-22,0,0
M109,2025-05-23,5,335135
M109,2025-05-24,3,483786
M109,2025-05-25,2,110820
M109,2025-05-26,5,195070
M109,2025-05-27,0,0
M109,2025-05-28,3,174102
M109,2025-05-29,0,0
M109,2025-05-30,5,749850
M109,2025-05-31,4,152728
M109,2025-06-01,0,0
M109,2025-06-02,3,405870
M109,2025-06-03,4,558900
M109,2025-06-04,2,150432
M109,2025-06-05,5,868950
M109,2025-06-06,0,0
M109,2025-06-07,0,0
M109,2025-06-08,4,570808
M109,2025-06-09,3,513993
M109,2025-06-10,3,424764
M109,2025-06-11,5,865420
M109,2025-06-12,3,255534
M109,2025-06-13,3,469239
M109,2025-06-14,1,70146
M109,2025-06-15,0,0
M109,2025-06-16,4,425372
M109,2025-06-17,4,538276
M109,2025-06-18,7,773388
M109,2025-06-19,0,0
M109,2025-06-20,5,199000
M109,2025-06-21,6,980304
M109,2025-06-22,0,0
M109,2025-06-23,0,0
M109,2025-06-24,1,168417
M109,2025-06-25,3,314184
M109,2025-06-26,4,608932
M109,2025-06-27,2,265496
M109,2025-06-28,5,187400
M109,2025-06-29,0,0
M109,2025-06-30,0,0
M109,2025-07-01,3,171243
M109,2025-07-02,0,0
M109,2025-07-03,4,492008
M109,2025-07-04,0,0
M109,2025-07-05,5,581765
M109,2025-07-06,0,0
M109,2025-07-07,5,887335
M109,2025-07-08,0,0
M109,2025-07-09,0,0
M109,2025-07-10,4,269136
M109,2025-07-11,6,1004652
M109,2025-07-12,0,0
M109,2025-07-13,4,525000
M109,2025-07-14,3,399195
M109,2025-07-15,0,0
M109,2025-07-16,0,0
M109,2025-07-17,0,0
M109,2025-07-18,0,0
M109,2025-07-19,0,0
M109,2025-07-20,0,0
M109,2025-07-21,2,109030
M109,2025-07-22,3,321603
M109,2025-07-23,0,0
M109,2025-07-24,4,328036
M109,2025-07-25,0,0
M109,2025-07-26,0,0
M109,2025-07-27,5,378460
M109,2025-07-28,0,0
M109,2025-07-29,1,68100
M109,2025-07-30,4,394936
M109,2025-07-31,2,316684
M109,2025-08-01,3,376599
M109,2025-08-02,1,161883
M109,2025-08-03,0,0
M109,2025-08-04,2,246960
M109,2025-08-05,9,786996
M109,2025-08-06,2,156122
M109,2025-08-07,3,319725
M109,2025-08-08,0,0
M109,2025-08-09,6,375588
M109,2025-08-10,0,0
M109,2025-08-11,4,265880
M109,2025-08-12,0,0
M109,2025-08-13,4,512904
M109,2025-08-14,2,221252
M109,2025-08-15,2,155180
M109,2025-08-16,5,749705
M109,2025-08-17,3,120108
M109,2025-08-18,3,148662
M109,2025-08-19,0,0
M109,2025-08-20,3,315663
M109,2025-08-21,3,337644
M109,2025-08-22,0,0
M109,2025-08-23,3,255813
M109,2025-08-24,5,849605
M109,2025-08-25,0,0
M109,2025-08-26,0,0
M109,2025-08-27,0,0
M109,2025-08-28,0,0
M109,2025-08-29,4,561400
M109,2025-08-30,0,0
M109,2025-08-31,6,406308
M109,2025-09-01,0,0
M109,2025-09-02,5,309195
M109,2025-09-03,5,667505
M109,2025-09-04,3,306771
M109,2025-09-05,2,92380
M109,2025-09-06,0,0
M109,2025-09-07,0,0
M109,2025-09-08,7,839139
M109,2025-09-09,7,589071
M109,2025-09-10,0,0
M109,2025-09-11,5,563425
M109,2025-09-12,4,660472
M109,2025-09-13,0,0
M109,2025-09-14,0,0
M109,2025-09-15,6,905616
M109,2025-09-16,0,0
M109,2025-09-17,0,0
M109,2025-09-18,0,0
M109,2025-09-19,0,0
M109,2025-09-20,0,0
M109,2025-09-21,5,852915
M109,2025-09-22,6,240318
M109,2025-09-23,0,0
M109,2025-09-24,0,0
M109,2025-09-25,5,503295
M109,2025-09-26,3,141609
M109,2025-09-27,2,340210
M109,2025-09-28,0,0
M109,2025-09-29,2,83104
M109,2025-09-30,5,655660
M109,2025-10-01,2,344240
M109,2025-10-02,0,0
M109,2025-10-03,0,0
M109,2025-10-04,0,0
M109,2025-10-05,0,0
M109,2025-10-06,2,165722
M109,2025-10-07,0,0
M109,2025-10-08,0,0
M109,2025-10-09,3,183768
M109,2025-10-10,6,1078320
M109,2025-10-11,2,183574
M109,2025-10-12,5,518685
M109,2025-10-13,0,0
M109,2025-10-14,0,0
M109,2025-10-15,0,0
M109,2025-10-16,0,0
M109,2025-10-17,3,213078
M109,2025-10-18,4,670984
M109,2025-10-19,0,0
M109,2025-10-20,3,114897
M109,2025-10-21,2,97578
M109,2025-10-22,0,0
M109,2025-10-23,0,0
M109,2025-10-24,1,83475
M109,2025-10-25,7,730387
M109,2025-10-26,0,0
M109,2025-10-27,0,0
M109,2025-10-28,0,0
M109,2025-10-29,3,450990
M109,2025-10-30,4,470484
M109,2025-10-31,6,368844
M109,2025-11-01,8,835152
M109,2025-11-02,2,310986
M109,2025-11-03,3,166407
M109,2025-11-04,2,258614
M109,2025-11-05,2,142146
M109,2025-11-06,0,0
M109,2025-11-07,0,0
M109,2025-11-08,0,0
M109,2025-11-09,0,0
M109,2025-11-10,7,384790
M109,2025-11-11,6,792918
M109,2025-11-12,7,741083
M109,2025-11-13,0,0
M109,2025-11-14,3,172188
M109,2025-11-15,3,421572
M109,2025-11-16,3,257100
M109,2025-11-17,1,60750
M109,2025-11-18,0,0
M109,2025-11-19,6,238146
M109,2025-11-20,3,501936
M109,2025-11-21,3,301080
M109,2025-11-22,2,327870
M109,2025-11-23,4,598540
M109,2025-11-24,0,0
M109,2025-11-25,3,298698
M109,2025-11-26,0,0
M109,2025-11-27,5,382100
M109,2025-11-28,6,570468
M109,2025-11-29,0,0
M109,2025-11-30,0,0
M109,2025-12-01,0,0
M109,2025-12-02,7,347340
M109,2025-12-03,5,726940
M109,2025-12-04,0,0
M109,2025-12-05,6,348468
M109,2025-12-06,0,0
M109,2025-12-07,0,0
M109,2025-12-08,6,286356
M109,2025-12-09,8,352104
M109,2025-12-10,3,343680
M109,2025-12-11,4,162116
M109,2025-12-12,4,252608
M109,2025-12-13,6,428820
M109,2025-12-14,5,859560
M109,2025-12-15,0,0
M109,2025-12-16,0,0
M109,2025-12-17,0,0
M109,2025-12-18,1,123878
M109,2025-12-19,0,0
M109,2025-12-20,0,0
M109,2025-12-21,0,0
M109,2025-12-22,4,141448
M109,2025-12-23,0,0
M109,2025-12-24,0,0
M109,2025-12-25,6,566652
M109,2025-12-26,4,182284
M109,2025-12-27,3,224964
M109,2025-12-28,0,0
M109,2025-12-29,0,0
M109,2025-12-30,0,0
M109,2025-12-31,2,80960
M109,2026-01-01,3,476385
M109,2026-01-02,9,1091907
M109,2026-01-03,8,684824
M109,2026-01-04,8,1049704
M109,2026-01-05,6,538092
M109,2026-01-06,4,402856
M109,2026-01-07,0,0
M109,2026-01-08,2,344196
M109,2026-01-09,3,409917
M109,2026-01-10,1,103313
M109,2026-01-11,0,0
M109,2026-01-12,0,0
M109,2026-01-13,1,135689
M109,2026-01-14,0,0
M109,2026-01-15,0,0
M109,2026-01-16,0,0
M109,2026-01-17,4,331220
M109,2026-01-18,4,446632
M109,2026-01-19,4,148824
M109,2026-01-20,1,129125
M109,2026-01-21,1,77208
M109,2026-01-22,4,669196
M109,2026-01-23,0,0
M109,2026-01-24,0,0
M109,2026-01-25,3,350316
M109,2026-01-26,7,1126482
M109,2026-01-27,0,0
M109,2026-01-28,4,581960
M109,2026-01-29,4,192684
M109,2026-01-30,0,0
M109,2026-01-31,0,0
M109,2026-02-01,0,0
M109,2026-02-02,5,300465
M109,2026-02-03,5,618905
M109,2026-02-04,5,399565
M109,2026-02-05,3,461847
M109,2026-02-06,5,670295
M109,2026-02-07,3,335184
M109,2026-02-08,3,433929
M109,2026-02-09,7,1052107
M109,2026-02-10,0,0
M109,2026-02-11,4,636084
M109,2026-02-12,4,268676
M109,2026-02-13,3,181983
M109,2026-02-14,0,0
M109,2026-02-15,3,309327
M109,2026-02-16,1,99343
M109,2026-02-17,0,0
M109,2026-02-18,6,451314
M109,2026-02-19,0,0
M109,2026-02-20,5,780210
M109,2026-02-21,4,209868
M109,2026-02-22,3,291708
M109,2026-02-23,3,112785
M109,2026-02-24,4,173276
M109,2026-02-25,0,0
M109,2026-02-26,4,482804
M109,2026-02-27,1,147784
M109,2026-02-28,4,473012
M109,2026-03-01,2,188174
M109,2026-03-02,5,180635
M109,2026-03-03,4,226144
M109,2026-03-04,4,532144
M109,2026-03-05,3,200646
M109,2026-03-06,3,149271
M109,2026-03-07,1,138758
M109,2026-03-08,0,0
M109,2026-03-09,4,609960
M109,2026-03-10,2,318380
M109,2026-03-11,0,0
M109,2026-03-12,6,269466
M109,2026-03-13,1,60379
M109,2026-03-14,1,118205
M109,2026-03-15,4,630588
M109,2026-03-16,0,0
M109,2026-03-17,5,318090
M109,2026-03-18,0,0
M109,2026-03-19,1,48347
M109,2026-03-20,3,407697
M109,2026-03-21,0,0
M109,2026-03-22,0,0
M109,2026-03-23,4,347956
M109,2026-03-24,7,1151787
M109,2026-03-25,3,221265
M109,2026-03-26,0,0
M109,2026-03-27,0,0
M109,2026-03-28,2,255592
M109,2026-03-29,0,0
M109,2026-03-30,0,0
M109,2026-03-31,3,467871
M109,2026-04-01,0,0
M109,2026-04-02,5,492335
M109,2026-04-03,5,723490
M109,2026-04-04,0,0
M109,2026-04-05,4,495876
M109,2026-04-06,1,45497
M109,2026-04-07,0,0
M109,2026-04-08,0,0
M109,2026-04-09,0,0
M109,2026-04-10,5,848530
M109,2026-04-11,0,0
M109,2026-04-12,3,388854
M109,2026-04-13,0,0
M109,2026-04-14,0,0
M109,2026-04-15,7,640570
M109,2026-04-16,0,0
M109,2026-04-17,0,0
M109,2026-04-18,3,374511
M109,2026-04-19,1,60836
M109,2026-04-20,0,0
M109,2026-04-21,0,0
M109,2026-04-22,0,0
M109,2026-04-23,4,672244
M109,2026-04-24,3,465924
M109,2026-04-25,4,289388
M109,2026-04-26,1,175415
M109,2026-04-27,0,0
M109,2026-04-28,1,58409
M109,2026-04-29,4,314896
M109,2026-04-30,2,210130
M109,2026-05-01,4,463852
M109,2026-05-02,4,540192
M109,2026-05-03,0,0
M109,2026-05-04,5,723965
M109,2026-05-05,0,0
M109,2026-05-06,3,369474
M109,2026-05-07,2,221724
M109,2026-05-08,0,0
M109,2026-05-09,4,242476
M109,2026-05-10,5,723720
M109,2026-05-11,6,416034
M109,2026-05-12,3,315054
M109,2026-05-13,7,775768
M109,2026-05-14,0,0
M109,2026-05-15,2,92042
M109,2026-05-16,0,0
M109,2026-05-17,4,412360
M109,2026-05-18,5,745605
M109,2026-05-19,0,0
M109,2026-05-20,0,0
M109,2026-05-21,0,0
M109,2026-05-22,0,0
M109,2026-05-23,8,989328
M109,2026-05-24,7,822437
M109,2026-05-25,3,387690
M109,2026-05-26,7,1107442
M109,2026-05-27,5,751220
M109,2026-05-28,0,0
M109,2026-05-29,8,888568
M109,2026-05-30,0,0
M109,2026-05-31,5,605985
M109,2026-06-01,4,671960
M109,2026-06-02,3,375513
M109,2026-06-03,6,481788
M109,2026-06-04,5,577335
M109,2026-06-05,7,789271
M109,2026-06-06,4,159012
M109,2026-06-07,2,113730
M109,2026-06-08,1,119692
M109,2026-06-09,4,148452
M109,2026-06-10,4,616720
M109,2026-06-11,9,570636
M109,2026-06-12,0,0
M109,2026-06-13,0,0
M109,2026-06-14,3,469653
M109,2026-06-15,4,651496
M109,2026-06-16,0,0
M109,2026-06-17,7,370958
M109,2026-06-18,6,1014468
M109,2026-06-19,8,1046240
M109,2026-06-20,0,0
M109,2026-06-21,0,0
M109,2026-06-22,0,0
M109,2026-06-23,4,166896
M109,2026-06-24,1,135719
M109,2026-06-25,4,493568
M109,2026-06-26,0,0
M109,2026-06-27,8,1394512
M109,2026-06-28,0,0
M109,2026-06-29,3,106158
M109,2026-06-30,0,0
M109,2026-07-01,0,0
M109,2026-07-02,0,0
M109,2026-07-03,0,0
M109,2026-07-04,0,0
M109,2026-07-05,0,0
M109,2026-07-06,6,747456
M109,2026-07-07,1,17602
M109,2026-07-08,6,533593
M109,2026-07-09,3,287319
M109,2026-07-10,1,123137
M109,2026-07-11,2,187637
M109,2026-07-12,1,35182
M109,2026-07-13,0,0
M109,2026-07-14,0,0
M109,2026-07-15,5,439775
M109,2026-07-16,5,422184
M109,2026-07-17,1,93818
M109,2026-07-18,6,516002
M109,2026-07-19,1,117273
M109,2026-07-20,3,263865
M109,2026-07-21,0,0
M109,2026-07-22,4,375274
M109,2026-07-23,4,334229
M109,2026-07-24,2,170046
M109,2026-07-25,6,521866
M109,2026-07-26,6,521866
M109,2026-07-27,4,363547
M109,2026-07-28,6,521866
M109,2026-07-29,4,369411
M109,2026-07-30,0,0
M109,2026-07-31,6,551184
M109,2026-08-01,4,345956
M109,2026-08-02,1,99682
M109,2026-08-03,4,357683
M109,2026-08-04,3,232654
M109,2026-08-05,5,431361
M109,2026-08-06,3,295651
M109,2026-08-07,5,450748
M109,2026-08-08,5,436207
M109,2026-08-09,3,252031
M109,2026-08-10,5,411974
M109,2026-08-11,5,484675
M109,2026-08-12,0,0
M109,2026-08-13,5,484675
M109,2026-08-14,2,145402
M109,2026-08-15,2,150249
M109,2026-08-16,4,348966
M109,2026-08-17,3,300498
M109,2026-08-18,5,436207
M109,2026-08-19,3,300498
M109,2026-08-20,2,208410
M109,2026-08-21,0,0
M109,2026-08-22,1,130862
M109,2026-08-23,5,470135
M109,2026-08-24,1,130862
M109,2026-08-25,3,281111
M109,2026-08-26,4,339272
M109,2026-08-27,3,266571
M109,2026-08-28,0,0
M109,2026-08-29,2,222950
M109,2026-08-30,0,0
M109,2026-08-31,3,252031
M110,2025-11-05,0,0
M110,2025-11-06,0,0
M110,2025-11-07,0,0
M110,2025-11-08,0,0
M110,2025-11-09,0,0
M110,2025-11-10,2,203990
M110,2025-11-11,2,104744
M110,2025-11-12,0,0
M110,2025-11-13,5,849750
M110,2025-11-14,4,506680
M110,2025-11-15,0,0
M110,2025-11-16,2,139704
M110,2025-11-17,0,0
M110,2025-11-18,2,327462
M110,2025-11-19,3,478629
M110,2025-11-20,5,858640
M110,2025-11-21,0,0
M110,2025-11-22,5,285525
M110,2025-11-23,5,657155
M110,2025-11-24,0,0
M110,2025-11-25,0,0
M110,2025-11-26,0,0
M110,2025-11-27,4,612636
M110,2025-11-28,4,542480
M110,2025-11-29,0,0
M110,2025-11-30,3,417081
M110,2025-12-01,2,285778
M110,2025-12-02,0,0
M110,2025-12-03,6,860328
M110,2025-12-04,8,927808
M110,2025-12-05,5,465365
M110,2025-12-06,3,199317
M110,2025-12-07,6,1050222
M110,2025-12-08,7,1139187
M110,2025-12-09,1,68787
M110,2025-12-10,0,0
M110,2025-12-11,0,0
M110,2025-12-12,7,670166
M110,2025-12-13,5,319540
M110,2025-12-14,2,323302
M110,2025-12-15,7,983584
M110,2025-12-16,3,211827
M110,2025-12-17,1,101030
M110,2025-12-18,0,0
M110,2025-12-19,7,1181474
M110,2025-12-20,0,0
M110,2025-12-21,0,0
M110,2025-12-22,9,740700
M110,2025-12-23,3,470799
M110,2025-12-24,3,304362
M110,2025-12-25,6,859224
M110,2025-12-26,0,0
M110,2025-12-27,0,0
M110,2025-12-28,5,877435
M110,2025-12-29,3,415485
M110,2025-12-30,0,0
M110,2025-12-31,5,475370
M110,2026-01-01,0,0
M110,2026-01-02,0,0
M110,2026-01-03,7,752899
M110,2026-01-04,0,0
M110,2026-01-05,4,380600
M110,2026-01-06,3,174285
M110,2026-01-07,6,956136
M110,2026-01-08,3,418794
M110,2026-01-09,0,0
M110,2026-01-10,0,0
M110,2026-01-11,3,114345
M110,2026-01-12,6,385668
M110,2026-01-13,0,0
M110,2026-01-14,0,0
M110,2026-01-15,4,328016
M110,2026-01-16,0,0
M110,2026-01-17,7,1043070
M110,2026-01-18,4,608896
M110,2026-01-19,2,93022
M110,2026-01-20,5,319535
M110,2026-01-21,0,0
M110,2026-01-22,7,671937
M110,2026-01-23,8,788896
M110,2026-01-24,0,0
M110,2026-01-25,6,598560
M110,2026-01-26,7,825349
M110,2026-01-27,7,452844
M110,2026-01-28,0,0
M110,2026-01-29,6,356196
M110,2026-01-30,3,244716
M110,2026-01-31,4,584692
M110,2026-02-01,0,0
M110,2026-02-02,5,611660
M110,2026-02-03,6,214452
M110,2026-02-04,0,0
M110,2026-02-05,3,484926
M110,2026-02-06,6,773424
M110,2026-02-07,3,173169
M110,2026-02-08,0,0
M110,2026-02-09,6,681162
M110,2026-02-10,2,265258
M110,2026-02-11,0,0
M110,2026-02-12,5,660590
M110,2026-02-13,0,0
M110,2026-02-14,1,96555
M110,2026-02-15,5,728510
M110,2026-02-16,5,744750
M110,2026-02-17,6,680538
M110,2026-02-18,0,0
M110,2026-02-19,3,422766
M110,2026-02-20,6,398856
M110,2026-02-21,2,281904
M110,2026-02-22,5,459165
M110,2026-02-23,0,0
M110,2026-02-24,2,179004
M110,2026-02-25,5,554965
M110,2026-02-26,0,0
M110,2026-02-27,0,0
M110,2026-02-28,1,155650
M110,2026-03-01,0,0
M110,2026-03-02,0,0
M110,2026-03-03,3,354525
M110,2026-03-04,6,790170
M110,2026-03-05,1,97034
M110,2026-03-06,0,0
M110,2026-03-07,3,299364
M110,2026-03-08,0,0
M110,2026-03-09,1,54761
M110,2026-03-10,7,1184057
M110,2026-03-11,3,342657
M110,2026-03-12,0,0
M110,2026-03-13,5,870615
M110,2026-03-14,0,0
M110,2026-03-15,0,0
M110,2026-03-16,5,184260
M110,2026-03-17,3,501465
M110,2026-03-18,0,0
M110,2026-03-19,0,0
M110,2026-03-20,10,1425210
M110,2026-03-21,5,533445
M110,2026-03-22,12,1675056
M110,2026-03-23,0,0
M110,2026-03-24,0,0
M110,2026-03-25,0,0
M110,2026-03-26,5,547745
M110,2026-03-27,0,0
M110,2026-03-28,0,0
M110,2026-03-29,0,0
M110,2026-03-30,0,0
M110,2026-03-31,0,0
M110,2026-04-01,5,248830
M110,2026-04-02,5,781895
M110,2026-04-03,0,0
M110,2026-04-04,2,333408
M110,2026-04-05,4,368672
M110,2026-04-06,3,340422
M110,2026-04-07,2,71430
M110,2026-04-08,7,986643
M110,2026-04-09,2,142176
M110,2026-04-10,5,273275
M110,2026-04-11,2,102256
M110,2026-04-12,0,0
M110,2026-04-13,3,269919
M110,2026-04-14,5,815610
M110,2026-04-15,4,302744
M110,2026-04-16,7,1080541
M110,2026-04-17,6,775830
M110,2026-04-18,0,0
M110,2026-04-19,2,233460
M110,2026-04-20,3,474972
M110,2026-04-21,5,734050
M110,2026-04-22,0,0
M110,2026-04-23,2,291984
M110,2026-04-24,3,478704
M110,2026-04-25,0,0
M110,2026-04-26,0,0
M110,2026-04-27,0,0
M110,2026-04-28,4,527784
M110,2026-04-29,4,377736
M110,2026-04-30,0,0
M110,2026-05-01,2,181902
M110,2026-05-02,0,0
M110,2026-05-03,0,0
M110,2026-05-04,0,0
M110,2026-05-05,0,0
M110,2026-05-06,3,473019
M110,2026-05-07,0,0
M110,2026-05-08,1,66091
M110,2026-05-09,0,0
M110,2026-05-10,0,0
M110,2026-05-11,0,0
M110,2026-05-12,0,0
M110,2026-05-13,0,0
M110,2026-05-14,0,0
M110,2026-05-15,2,75312
M110,2026-05-16,1,150663
M110,2026-05-17,2,342322
M110,2026-05-18,0,0
M110,2026-05-19,3,232662
M110,2026-05-20,4,566216
M110,2026-05-21,0,0
M110,2026-05-22,0,0
M110,2026-05-23,0,0
M110,2026-05-24,3,124692
M110,2026-05-25,4,141832
M110,2026-05-26,0,0
M110,2026-05-27,0,0
M110,2026-05-28,3,199044
M110,2026-05-29,0,0
M110,2026-05-30,0,0
M110,2026-05-31,0,0
M110,2026-06-01,3,116631
M110,2026-06-02,4,286136
M110,2026-06-03,3,341844
M110,2026-06-04,5,204675
M110,2026-06-05,8,875328
M110,2026-06-06,2,338570
M110,2026-06-07,3,291357
M110,2026-06-08,0,0
M110,2026-06-09,0,0
M110,2026-06-10,4,369252
M110,2026-06-11,1,91637
M110,2026-06-12,3,126459
M110,2026-06-13,0,0
M110,2026-06-14,0,0
M110,2026-06-15,6,324516
M110,2026-06-16,4,318616
M110,2026-06-17,7,765933
M110,2026-06-18,2,263600
M110,2026-06-19,2,199974
M110,2026-06-20,3,113394
M110,2026-06-21,4,581624
M110,2026-06-22,4,332156
M110,2026-06-23,0,0
M110,2026-06-24,0,0
M110,2026-06-25,7,843941
M110,2026-06-26,5,406225
M110,2026-06-27,1,112584
M110,2026-06-28,0,0
M110,2026-06-29,5,624410
M110,2026-06-30,0,0
M110,2026-07-01,1,174276
M110,2026-07-02,4,341432
M110,2026-07-03,6,1026816
M110,2026-07-04,5,869145
M110,2026-07-05,5,329665
M110,2026-07-06,0,0
M110,2026-07-07,3,225798
M110,2026-07-08,1,99126
M110,2026-07-09,5,413027
M110,2026-07-10,6,523168
M110,2026-07-11,3,242309
M110,2026-07-12,1,93619
M110,2026-07-13,6,528675
M110,2026-07-14,5,462590
M110,2026-07-15,1,33042
M110,2026-07-16,2,220281
M110,2026-07-17,1,104633
M110,2026-07-18,5,424041
M110,2026-07-19,0,0
M110,2026-07-20,1,44056
M110,2026-07-21,0,0
M110,2026-07-22,0,0
M110,2026-07-23,2,159703
M110,2026-07-24,2,143182
M110,2026-07-25,4,346943
M110,2026-07-26,0,0
M110,2026-07-27,5,413027
M110,2026-07-28,1,93619
M110,2026-07-29,3,258830
M110,2026-07-30,3,308393
M110,2026-07-31,0,0
M110,2026-08-01,4,390999
M110,2026-08-02,6,506647
M110,2026-08-03,6,534182
M110,2026-08-04,3,268959
M110,2026-08-05,0,0
M110,2026-08-06,0,0
M110,2026-08-07,2,209186
M110,2026-08-08,10,896511
M110,2026-08-09,0,0
M110,2026-08-10,1,129496
M110,2026-08-11,5,478139
M110,2026-08-12,0,0
M110,2026-08-13,0,0
M110,2026-08-14,0,0
M110,2026-08-15,0,0
M110,2026-08-16,4,348643
M110,2026-08-17,0,0
M110,2026-08-18,9,796899
M110,2026-08-19,1,89651
M110,2026-08-20,1,9961
M110,2026-08-21,0,0
M110,2026-08-22,4,398449
M110,2026-08-23,0,0
M110,2026-08-24,1,19922
M110,2026-08-25,10,936356
M110,2026-08-26,0,0
M110,2026-08-27,0,0
M110,2026-08-28,10,896511
M110,2026-08-29,0,0
M110,2026-08-30,0,0
M110,2026-08-31,11,946317
M111,2025-04-29,0,0
M111,2025-04-30,0,0
M111,2025-05-01,2,178110
M111,2025-05-02,0,0
M111,2025-05-03,4,160592
M111,2025-05-04,0,0
M111,2025-05-05,3,220017
M111,2025-05-06,1,55522
M111,2025-05-07,0,0
M111,2025-05-08,3,316971
M111,2025-05-09,0,0
M111,2025-05-10,2,115518
M111,2025-05-11,7,785435
M111,2025-05-12,2,81020
M111,2025-05-13,3,502818
M111,2025-05-14,0,0
M111,2025-05-15,7,1009274
M111,2025-05-16,0,0
M111,2025-05-17,0,0
M111,2025-05-18,0,0
M111,2025-05-19,1,41648
M111,2025-05-20,11,939422
M111,2025-05-21,5,496410
M111,2025-05-22,0,0
M111,2025-05-23,0,0
M111,2025-05-24,0,0
M111,2025-05-25,2,343802
M111,2025-05-26,6,811380
M111,2025-05-27,6,1026444
M111,2025-05-28,2,85474
M111,2025-05-29,0,0
M111,2025-05-30,5,541670
M111,2025-05-31,3,449781
M111,2025-06-01,3,325326
M111,2025-06-02,0,0
M111,2025-06-03,5,366655
M111,2025-06-04,0,0
M111,2025-06-05,5,588585
M111,2025-06-06,4,688132
M111,2025-06-07,0,0
M111,2025-06-08,5,661060
M111,2025-06-09,5,518590
M111,2025-06-10,7,1150345
M111,2025-06-11,2,217850
M111,2025-06-12,1,103491
M111,2025-06-13,2,100036
M111,2025-06-14,0,0
M111,2025-06-15,0,0
M111,2025-06-16,7,876022
M111,2025-06-17,0,0
M111,2025-06-18,0,0
M111,2025-06-19,0,0
M111,2025-06-20,5,770950
M111,2025-06-21,0,0
M111,2025-06-22,0,0
M111,2025-06-23,5,822410
M111,2025-06-24,4,429148
M111,2025-06-25,0,0
M111,2025-06-26,2,354816
M111,2025-06-27,0,0
M111,2025-06-28,5,759645
M111,2025-06-29,3,394659
M111,2025-06-30,7,905618
M111,2025-07-01,7,547911
M111,2025-07-02,4,541156
M111,2025-07-03,3,115374
M111,2025-07-04,3,261939
M111,2025-07-05,4,229576
M111,2025-07-06,0,0
M111,2025-07-07,6,1003416
M111,2025-07-08,0,0
M111,2025-07-09,3,123975
M111,2025-07-10,4,186620
M111,2025-07-11,6,645972
M111,2025-07-12,6,916806
M111,2025-07-13,3,306018
M111,2025-07-14,4,647876
M111,2025-07-15,3,437913
M111,2025-07-16,3,481203
M111,2025-07-17,2,124374
M111,2025-07-18,2,147568
M111,2025-07-19,4,252412
M111,2025-07-20,0,0
M111,2025-07-21,3,278880
M111,2025-07-22,4,236628
M111,2025-07-23,7,661878
M111,2025-07-24,5,544810
M111,2025-07-25,0,0
M111,2025-07-26,4,242252
M111,2025-07-27,2,195528
M111,2025-07-28,7,789019
M111,2025-07-29,0,0
M111,2025-07-30,2,308054
M111,2025-07-31,8,420624
M111,2025-08-01,0,0
M111,2025-08-02,0,0
M111,2025-08-03,5,604580
M111,2025-08-04,9,750357
M111,2025-08-05,3,403572
M111,2025-08-06,0,0
M111,2025-08-07,0,0
M111,2025-08-08,2,108838
M111,2025-08-09,0,0
M111,2025-08-10,0,0
M111,2025-08-11,4,202472
M111,2025-08-12,6,320106
M111,2025-08-13,0,0
M111,2025-08-14,0,0
M111,2025-08-15,2,167992
M111,2025-08-16,0,0
M111,2025-08-17,0,0
M111,2025-08-18,0,0
M111,2025-08-19,0,0
M111,2025-08-20,0,0
M111,2025-08-21,0,0
M111,2025-08-22,4,262348
M111,2025-08-23,0,0
M111,2025-08-24,3,146592
M111,2025-08-25,7,1186150
M111,2025-08-26,0,0
M111,2025-08-27,3,128127
M111,2025-08-28,3,167940
M111,2025-08-29,0,0
M111,2025-08-30,3,282384
M111,2025-08-31,0,0
M111,2025-09-01,2,286484
M111,2025-09-02,3,427119
M111,2025-09-03,0,0
M111,2025-09-04,10,947810
M111,2025-09-05,0,0
M111,2025-09-06,3,414651
M111,2025-09-07,2,117712
M111,2025-09-08,0,0
M111,2025-09-09,4,159832
M111,2025-09-10,4,392084
M111,2025-09-11,0,0
M111,2025-09-12,0,0
M111,2025-09-13,4,644260
M111,2025-09-14,0,0
M111,2025-09-15,3,425169
M111,2025-09-16,2,339250
M111,2025-09-17,3,254004
M111,2025-09-18,4,487268
M111,2025-09-19,3,200961
M111,2025-09-20,5,362990
M111,2025-09-21,0,0
M111,2025-09-22,0,0
M111,2025-09-23,0,0
M111,2025-09-24,1,156000
M111,2025-09-25,5,759940
M111,2025-09-26,4,420124
M111,2025-09-27,0,0
M111,2025-09-28,0,0
M111,2025-09-29,2,332190
M111,2025-09-30,6,508686
M111,2025-10-01,0,0
M111,2025-10-02,3,493386
M111,2025-10-03,0,0
M111,2025-10-04,0,0
M111,2025-10-05,0,0
M111,2025-10-06,5,338480
M111,2025-10-07,4,541140
M111,2025-10-08,3,516693
M111,2025-10-09,2,339852
M111,2025-10-10,4,555016
M111,2025-10-11,4,446820
M111,2025-10-12,2,173150
M111,2025-10-13,7,957033
M111,2025-10-14,6,327456
M111,2025-10-15,0,0
M111,2025-10-16,4,266340
M111,2025-10-17,0,0
M111,2025-10-18,1,149450
M111,2025-10-19,4,196264
M111,2025-10-20,2,333492
M111,2025-10-21,0,0
M111,2025-10-22,6,846396
M111,2025-10-23,3,380097
M111,2025-10-24,0,0
M111,2025-10-25,5,669525
M111,2025-10-26,3,353196
M111,2025-10-27,6,428172
M111,2025-10-28,3,154593
M111,2025-10-29,6,836718
M111,2025-10-30,0,0
M111,2025-10-31,5,701920
M111,2025-11-01,3,108531
M111,2025-11-02,0,0
M111,2025-11-03,0,0
M111,2025-11-04,0,0
M111,2025-11-05,2,163864
M111,2025-11-06,6,558090
M111,2025-11-07,0,0
M111,2025-11-08,2,149830
M111,2025-11-09,0,0
M111,2025-11-10,3,127434
M111,2025-11-11,3,457542
M111,2025-11-12,0,0
M111,2025-11-13,6,507054
M111,2025-11-14,7,639107
M111,2025-11-15,0,0
M111,2025-11-16,0,0
M111,2025-11-17,4,585476
M111,2025-11-18,0,0
M111,2025-11-19,3,318561
M111,2025-11-20,0,0
M111,2025-11-21,0,0
M111,2025-11-22,0,0
M111,2025-11-23,1,50071
M111,2025-11-24,4,273936
M111,2025-11-25,2,164470
M111,2025-11-26,5,246635
M111,2025-11-27,0,0
M111,2025-11-28,4,288144
M111,2025-11-29,3,201201
M111,2025-11-30,5,202160
M111,2025-12-01,5,699245
M111,2025-12-02,0,0
M111,2025-12-03,0,0
M111,2025-12-04,5,654930
M111,2025-12-05,1,168474
M111,2025-12-06,4,685688
M111,2025-12-07,4,253580
M111,2025-12-08,0,0
M111,2025-12-09,3,205065
M111,2025-12-10,0,0
M111,2025-12-11,0,0
M111,2025-12-12,4,442316
M111,2025-12-13,3,237243
M111,2025-12-14,0,0
M111,2025-12-15,4,287492
M111,2025-12-16,0,0
M111,2025-12-17,3,473754
M111,2025-12-18,0,0
M111,2025-12-19,5,443470
M111,2025-12-20,0,0
M111,2025-12-21,0,0
M111,2025-12-22,3,443613
M111,2025-12-23,0,0
M111,2025-12-24,3,179793
M111,2025-12-25,4,463980
M111,2025-12-26,0,0
M111,2025-12-27,0,0
M111,2025-12-28,0,0
M111,2025-12-29,0,0
M111,2025-12-30,0,0
M111,2025-12-31,2,236330
M111,2026-01-01,0,0
M111,2026-01-02,4,153864
M111,2026-01-03,0,0
M111,2026-01-04,2,151356
M111,2026-01-05,4,343360
M111,2026-01-06,3,156417
M111,2026-01-07,4,509496
M111,2026-01-08,0,0
M111,2026-01-09,0,0
M111,2026-01-10,9,1000413
M111,2026-01-11,7,520597
M111,2026-01-12,0,0
M111,2026-01-13,1,55848
M111,2026-01-14,0,0
M111,2026-01-15,4,692536
M111,2026-01-16,5,225850
M111,2026-01-17,1,68108
M111,2026-01-18,5,435155
M111,2026-01-19,0,0
M111,2026-01-20,5,220620
M111,2026-01-21,0,0
M111,2026-01-22,1,57604
M111,2026-01-23,3,278565
M111,2026-01-24,4,434144
M111,2026-01-25,6,249756
M111,2026-01-26,4,249000
M111,2026-01-27,1,130920
M111,2026-01-28,2,324782
M111,2026-01-29,5,881120
M111,2026-01-30,0,0
M111,2026-01-31,4,641592
M111,2026-02-01,5,687675
M111,2026-02-02,0,0
M111,2026-02-03,7,1136744
M111,2026-02-04,7,292243
M111,2026-02-05,0,0
M111,2026-02-06,0,0
M111,2026-02-07,0,0
M111,2026-02-08,0,0
M111,2026-02-09,3,465708
M111,2026-02-10,4,653804
M111,2026-02-11,3,439740
M111,2026-02-12,0,0
M111,2026-02-13,0,0
M111,2026-02-14,0,0
M111,2026-02-15,0,0
M111,2026-02-16,3,312471
M111,2026-02-17,0,0
M111,2026-02-18,0,0
M111,2026-02-19,4,375088
M111,2026-02-20,6,529338
M111,2026-02-21,0,0
M111,2026-02-22,5,274740
M111,2026-02-23,6,648096
M111,2026-02-24,4,359328
M111,2026-02-25,6,350964
M111,2026-02-26,3,460497
M111,2026-02-27,5,450120
M111,2026-02-28,0,0
M111,2026-03-01,3,219795
M111,2026-03-02,0,0
M111,2026-03-03,2,126716
M111,2026-03-04,4,548260
M111,2026-03-05,5,486225
M111,2026-03-06,4,220872
M111,2026-03-07,0,0
M111,2026-03-08,3,198510
M111,2026-03-09,0,0
M111,2026-03-10,1,126670
M111,2026-03-11,0,0
M111,2026-03-12,1,134738
M111,2026-03-13,4,299840
M111,2026-03-14,0,0
M111,2026-03-15,0,0
M111,2026-03-16,0,0
M111,2026-03-17,6,983934
M111,2026-03-18,0,0
M111,2026-03-19,1,131731
M111,2026-03-20,0,0
M111,2026-03-21,0,0
M111,2026-03-22,0,0
M111,2026-03-23,0,0
M111,2026-03-24,0,0
M111,2026-03-25,0,0
M111,2026-03-26,0,0
M111,2026-03-27,3,388530
M111,2026-03-28,4,190280
M111,2026-03-29,2,92804
M111,2026-03-30,3,145491
M111,2026-03-31,0,0
M111,2026-04-01,0,0
M111,2026-04-02,0,0
M111,2026-04-03,0,0
M111,2026-04-04,5,221725
M111,2026-04-05,6,399096
M111,2026-04-06,4,182792
M111,2026-04-07,0,0
M111,2026-04-08,0,0
M111,2026-04-09,0,0
M111,2026-04-10,0,0
M111,2026-04-11,0,0
M111,2026-04-12,2,328162
M111,2026-04-13,0,0
M111,2026-04-14,4,419720
M111,2026-04-15,2,294984
M111,2026-04-16,0,0
M111,2026-04-17,0,0
M111,2026-04-18,1,61100
M111,2026-04-19,3,425703
M111,2026-04-20,0,0
M111,2026-04-21,5,361415
M111,2026-04-22,2,140304
M111,2026-04-23,3,411072
M111,2026-04-24,0,0
M111,2026-04-25,0,0
M111,2026-04-26,5,634845
M111,2026-04-27,6,452670
M111,2026-04-28,0,0
M111,2026-04-29,2,208682
M111,2026-04-30,0,0
M111,2026-05-01,0,0
M111,2026-05-02,0,0
M111,2026-05-03,6,374754
M111,2026-05-04,4,229320
M111,2026-05-05,4,349992
M111,2026-05-06,0,0
M111,2026-05-07,6,811566
M111,2026-05-08,5,216290
M111,2026-05-09,3,454134
M111,2026-05-10,2,157120
M111,2026-05-11,3,418173
M111,2026-05-12,7,1028041
M111,2026-05-13,3,121029
M111,2026-05-14,5,869145
M111,2026-05-15,4,524576
M111,2026-05-16,0,0
M111,2026-05-17,3,498882
M111,2026-05-18,2,245014
M111,2026-05-19,5,865775
M111,2026-05-20,3,246504
M111,2026-05-21,0,0
M111,2026-05-22,0,0
M111,2026-05-23,1,136373
M111,2026-05-24,4,559808
M111,2026-05-25,4,273628
M111,2026-05-26,3,124494
M111,2026-05-27,4,285148
M111,2026-05-28,2,74074
M111,2026-05-29,1,86552
M111,2026-05-30,3,509301
M111,2026-05-31,0,0
M111,2026-06-01,2,71056
M111,2026-06-02,2,235124
M111,2026-06-03,1,46870
M111,2026-06-04,0,0
M111,2026-06-05,4,519796
M111,2026-06-06,8,822664
M111,2026-06-07,9,991071
M111,2026-06-08,3,242235
M111,2026-06-09,4,465404
M111,2026-06-10,0,0
M111,2026-06-11,0,0
M111,2026-06-12,3,511731
M111,2026-06-13,5,867620
M111,2026-06-14,3,113457
M111,2026-06-15,0,0
M111,2026-06-16,0,0
M111,2026-06-17,2,308826
M111,2026-06-18,2,97500
M111,2026-06-19,0,0
M111,2026-06-20,2,226774
M111,2026-06-21,0,0
M111,2026-06-22,5,556175
M111,2026-06-23,4,438800
M111,2026-06-24,2,131294
M111,2026-06-25,5,869720
M111,2026-06-26,0,0
M111,2026-06-27,0,0
M111,2026-06-28,7,412888
M111,2026-06-29,0,0
M111,2026-06-30,0,0
M111,2026-07-01,0,0
M111,2026-07-02,7,249011
M111,2026-07-03,2,228424
M111,2026-07-04,5,323735
M111,2026-07-05,0,0
M111,2026-07-06,0,0
M111,2026-07-07,6,538986
M111,2026-07-08,6,576405
M111,2026-07-09,1,29943
M111,2026-07-10,1,29943
M111,2026-07-11,1,29943
M111,2026-07-12,1,119772
M111,2026-07-13,0,0
M111,2026-07-14,2,209602
M111,2026-07-15,0,0
M111,2026-07-16,3,254516
M111,2026-07-17,7,598862
M111,2026-07-18,6,524005
M111,2026-07-19,0,0
M111,2026-07-20,5,426689
M111,2026-07-21,5,479090
M111,2026-07-22,2,157201
M111,2026-07-23,0,0
M111,2026-07-24,6,568919
M111,2026-07-25,6,568919
M111,2026-07-26,7,666235
M111,2026-07-27,8,696178
M111,2026-07-28,3,276974
M111,2026-07-29,0,0
M111,2026-07-30,2,209602
M111,2026-07-31,3,247030
M111,2026-08-01,0,0
M111,2026-08-02,0,0
M111,2026-08-03,4,389260
M111,2026-08-04,3,227752
M111,2026-08-05,6,545393
M111,2026-08-06,2,155826
M111,2026-08-07,0,0
M111,2026-08-08,3,293673
M111,2026-08-09,0,0
M111,2026-08-10,2,179800
M111,2026-08-11,1,35960
M111,2026-08-12,0,0
M111,2026-08-13,2,155826
M111,2026-08-14,0,0
M111,2026-08-15,6,563373
M111,2026-08-16,0,0
M111,2026-08-17,4,353606
M111,2026-08-18,1,59933
M111,2026-08-19,5,413540
M111,2026-08-20,2,209766
M111,2026-08-21,0,0
M111,2026-08-22,0,0
M111,2026-08-23,0,0
M111,2026-08-24,0,0
M111,2026-08-25,0,0
M111,2026-08-26,0,0
M111,2026-08-27,4,365593
M111,2026-08-28,0,0
M111,2026-08-29,1,5993
M111,2026-08-30,0,0
M111,2026-08-31,1,29966
M112,2025-12-10,0,0
M112,2025-12-11,0,0
M112,2025-12-12,0,0
M112,2025-12-13,0,0
M112,2025-12-14,2,142776
M112,2025-12-15,5,766295
M112,2025-12-16,1,94252
M112,2025-12-17,7,342461
M112,2025-12-18,2,112048
M112,2025-12-19,3,121176
M112,2025-12-20,5,619585
M112,2025-12-21,5,627880
M112,2025-12-22,7,465024
M112,2025-12-23,8,1394424
M112,2025-12-24,5,221665
M112,2025-12-25,6,361110
M112,2025-12-26,0,0
M112,2025-12-27,3,259119
M112,2025-12-28,1,43360
M112,2025-12-29,0,0
M112,2025-12-30,7,298123
M112,2025-12-31,3,505473
M112,2026-01-01,5,712190
M112,2026-01-02,4,475460
M112,2026-01-03,4,187712
M112,2026-01-04,0,0
M112,2026-01-05,9,413244
M112,2026-01-06,5,874560
M112,2026-01-07,0,0
M112,2026-01-08,7,744688
M112,2026-01-09,4,690252
M112,2026-01-10,0,0
M112,2026-01-11,0,0
M112,2026-01-12,4,319168
M112,2026-01-13,0,0
M112,2026-01-14,4,416252
M112,2026-01-15,4,275260
M112,2026-01-16,3,362151
M112,2026-01-17,9,1068561
M112,2026-01-18,3,136152
M112,2026-01-19,0,0
M112,2026-01-20,8,590120
M112,2026-01-21,4,156416
M112,2026-01-22,2,213510
M112,2026-01-23,6,1046970
M112,2026-01-24,0,0
M112,2026-01-25,0,0
M112,2026-01-26,4,250140
M112,2026-01-27,0,0
M112,2026-01-28,0,0
M112,2026-01-29,6,829374
M112,2026-01-30,0,0
M112,2026-01-31,2,97694
M112,2026-02-01,5,834920
M112,2026-02-02,7,508473
M112,2026-02-03,0,0
M112,2026-02-04,6,430734
M112,2026-02-05,0,0
M112,2026-02-06,5,447775
M112,2026-02-07,0,0
M112,2026-02-08,0,0
M112,2026-02-09,2,260794
M112,2026-02-10,3,131811
M112,2026-02-11,4,544368
M112,2026-02-12,4,351052
M112,2026-02-13,0,0
M112,2026-02-14,4,640852
M112,2026-02-15,8,915504
M112,2026-02-16,11,395912
M112,2026-02-17,4,481904
M112,2026-02-18,7,593320
M112,2026-02-19,0,0
M112,2026-02-20,2,198352
M112,2026-02-21,3,356142
M112,2026-02-22,2,137800
M112,2026-02-23,0,0
M112,2026-02-24,6,225426
M112,2026-02-25,6,544266
M112,2026-02-26,0,0
M112,2026-02-27,9,1272024
M112,2026-02-28,0,0
M112,2026-03-01,0,0
M112,2026-03-02,0,0
M112,2026-03-03,7,1012928
M112,2026-03-04,8,1105528
M112,2026-03-05,5,283430
M112,2026-03-06,2,304004
M112,2026-03-07,4,698900
M112,2026-03-08,0,0
M112,2026-03-09,0,0
M112,2026-03-10,0,0
M112,2026-03-11,2,118596
M112,2026-03-12,0,0
M112,2026-03-13,5,611515
M112,2026-03-14,2,231848
M112,2026-03-15,3,470856
M112,2026-03-16,0,0
M112,2026-03-17,3,249411
M112,2026-03-18,0,0
M112,2026-03-19,5,558840
M112,2026-03-20,4,153568
M112,2026-03-21,6,277572
M112,2026-03-22,0,0
M112,2026-03-23,3,336546
M112,2026-03-24,7,1253658
M112,2026-03-25,0,0
M112,2026-03-26,1,81061
M112,2026-03-27,0,0
M112,2026-03-28,4,699840
M112,2026-03-29,7,637455
M112,2026-03-30,1,63006
M112,2026-03-31,9,838980
M112,2026-04-01,7,414022
M112,2026-04-02,0,0
M112,2026-04-03,0,0
M112,2026-04-04,4,347548
M112,2026-04-05,6,249036
M112,2026-04-06,3,452748
M112,2026-04-07,4,188816
M112,2026-04-08,5,197675
M112,2026-04-09,3,373587
M112,2026-04-10,4,460784
M112,2026-04-11,0,0
M112,2026-04-12,6,666258
M112,2026-04-13,0,0
M112,2026-04-14,4,264624
M112,2026-04-15,2,137750
M112,2026-04-16,3,190470
M112,2026-04-17,4,357608
M112,2026-04-18,6,1074474
M112,2026-04-19,8,389520
M112,2026-04-20,6,652410
M112,2026-04-21,0,0
M112,2026-04-22,8,635696
M112,2026-04-23,0,0
M112,2026-04-24,0,0
M112,2026-04-25,2,292114
M112,2026-04-26,4,199784
M112,2026-04-27,2,310924
M112,2026-04-28,4,299508
M112,2026-04-29,10,668840
M112,2026-04-30,2,285934
M112,2026-05-01,0,0
M112,2026-05-02,0,0
M112,2026-05-03,6,525672
M112,2026-05-04,4,207436
M112,2026-05-05,6,600900
M112,2026-05-06,2,220428
M112,2026-05-07,11,1203499
M112,2026-05-08,0,0
M112,2026-05-09,3,107625
M112,2026-05-10,4,369792
M112,2026-05-11,0,0
M112,2026-05-12,0,0
M112,2026-05-13,0,0
M112,2026-05-14,0,0
M112,2026-05-15,0,0
M112,2026-05-16,4,193092
M112,2026-05-17,1,138066
M112,2026-05-18,0,0
M112,2026-05-19,8,742520
M112,2026-05-20,0,0
M112,2026-05-21,0,0
M112,2026-05-22,5,383915
M112,2026-05-23,5,775985
M112,2026-05-24,0,0
M112,2026-05-25,9,988515
M112,2026-05-26,0,0
M112,2026-05-27,8,375656
M112,2026-05-28,5,472490
M112,2026-05-29,7,1049804
M112,2026-05-30,1,139911
M112,2026-05-31,0,0
M112,2026-06-01,10,1502390
M112,2026-06-02,3,249819
M112,2026-06-03,1,54004
M112,2026-06-04,0,0
M112,2026-06-05,1,71196
M112,2026-06-06,6,772032
M112,2026-06-07,3,190197
M112,2026-06-08,3,105870
M112,2026-06-09,0,0
M112,2026-06-10,5,464280
M112,2026-06-11,0,0
M112,2026-06-12,4,681172
M112,2026-06-13,4,339560
M112,2026-06-14,2,254860
M112,2026-06-15,0,0
M112,2026-06-16,0,0
M112,2026-06-17,5,564920
M112,2026-06-18,4,666120
M112,2026-06-19,0,0
M112,2026-06-20,9,978858
M112,2026-06-21,3,235590
M112,2026-06-22,0,0
M112,2026-06-23,5,344125
M112,2026-06-24,2,139826
M112,2026-06-25,4,440616
M112,2026-06-26,0,0
M112,2026-06-27,3,408726
M112,2026-06-28,5,773780
M112,2026-06-29,4,626804
M112,2026-06-30,1,105506
M112,2026-07-01,4,371428
M112,2026-07-02,0,0
M112,2026-07-03,6,634104
M112,2026-07-04,0,0
M112,2026-07-05,5,792045
M112,2026-07-06,0,0
M112,2026-07-07,1,100498
M112,2026-07-08,0,0
M112,2026-07-09,9,767373
M112,2026-07-10,4,374551
M112,2026-07-11,0,0
M112,2026-07-12,0,0
M112,2026-07-13,3,255791
M112,2026-07-14,6,566394
M112,2026-07-15,1,54812
M112,2026-07-16,9,794779
M112,2026-07-17,0,0
M112,2026-07-18,2,164437
M112,2026-07-19,9,767373
M112,2026-07-20,0,0
M112,2026-07-21,3,274061
M112,2026-07-22,2,155301
M112,2026-07-23,6,575530
M112,2026-07-24,0,0
M112,2026-07-25,2,200978
M112,2026-07-26,1,36541
M112,2026-07-27,7,602936
M112,2026-07-28,1,36541
M112,2026-07-29,10,913539
M112,2026-07-30,7,657748
M112,2026-07-31,9,831321
M112,2026-08-01,7,593800
M112,2026-08-02,0,0
M112,2026-08-03,0,0
M112,2026-08-04,1,17328
M112,2026-08-05,4,337728
M112,2026-08-06,1,121236
M112,2026-08-07,8,762054
M112,2026-08-08,0,0
M112,2026-08-09,8,736075
M112,2026-08-10,3,303090
M112,2026-08-11,1,103916
M112,2026-08-12,1,112576
M112,2026-08-13,0,0
M112,2026-08-14,7,632159
M112,2026-08-15,6,510923
M112,2026-08-16,1,51958
M112,2026-08-17,7,606180
M112,2026-08-18,4,355048
M112,2026-08-19,9,788034
M112,2026-08-20,5,493603
M112,2026-08-21,0,0
M112,2026-08-22,6,562881
M112,2026-08-23,1,34638
M112,2026-08-24,8,701436
M112,2026-08-25,0,0
M112,2026-08-26,0,0
M112,2026-08-27,7,623499
M112,2026-08-28,0,0
M112,2026-08-29,1,34638
M112,2026-08-30,0,0
M112,2026-08-31,0,0
M113,2025-12-19,0,0
M113,2025-12-20,0,0
M113,2025-12-21,1,41403
M113,2025-12-22,0,0
M113,2025-12-23,0,0
M113,2025-12-24,5,414550
M113,2025-12-25,0,0
M113,2025-12-26,0,0
M113,2025-12-27,5,507420
M113,2025-12-28,2,254314
M113,2025-12-29,2,311294
M113,2025-12-30,0,0
M113,2025-12-31,1,144187
M113,2026-01-01,0,0
M113,2026-01-02,3,448425
M113,2026-01-03,3,295140
M113,2026-01-04,9,1266606
M113,2026-01-05,1,109810
M113,2026-01-06,0,0
M113,2026-01-07,0,0
M113,2026-01-08,2,224884
M113,2026-01-09,2,249492
M113,2026-01-10,2,125408
M113,2026-01-11,4,666880
M113,2026-01-12,2,88492
M113,2026-01-13,7,960379
M113,2026-01-14,0,0
M113,2026-01-15,0,0
M113,2026-01-16,4,237048
M113,2026-01-17,6,880578
M113,2026-01-18,4,198448
M113,2026-01-19,4,565276
M113,2026-01-20,4,571920
M113,2026-01-21,3,494361
M113,2026-01-22,3,241029
M113,2026-01-23,4,426976
M113,2026-01-24,0,0
M113,2026-01-25,5,896510
M113,2026-01-26,0,0
M113,2026-01-27,0,0
M113,2026-01-28,5,895395
M113,2026-01-29,2,195728
M113,2026-01-30,11,1776654
M113,2026-01-31,0,0
M113,2026-02-01,0,0
M113,2026-02-02,4,192672
M113,2026-02-03,0,0
M113,2026-02-04,2,117314
M113,2026-02-05,5,483575
M113,2026-02-06,3,146463
M113,2026-02-07,3,124158
M113,2026-02-08,3,532770
M113,2026-02-09,8,812168
M113,2026-02-10,0,0
M113,2026-02-11,1,144764
M113,2026-02-12,5,722845
M113,2026-02-13,0,0
M113,2026-02-14,0,0
M113,2026-02-15,0,0
M113,2026-02-16,4,682880
M113,2026-02-17,4,462976
M113,2026-02-18,5,703315
M113,2026-02-19,0,0
M113,2026-02-20,4,240708
M113,2026-02-21,2,218620
M113,2026-02-22,0,0
M113,2026-02-23,0,0
M113,2026-02-24,5,630865
M113,2026-02-25,6,444048
M113,2026-02-26,1,164063
M113,2026-02-27,5,647490
M113,2026-02-28,0,0
M113,2026-03-01,4,246348
M113,2026-03-02,0,0
M113,2026-03-03,6,1043394
M113,2026-03-04,4,706892
M113,2026-03-05,3,461445
M113,2026-03-06,6,1056996
M113,2026-03-07,5,793745
M113,2026-03-08,0,0
M113,2026-03-09,4,573124
M113,2026-03-10,3,389610
M113,2026-03-11,0,0
M113,2026-03-12,4,617324
M113,2026-03-13,0,0
M113,2026-03-14,0,0
M113,2026-03-15,4,538888
M113,2026-03-16,0,0
M113,2026-03-17,0,0
M113,2026-03-18,0,0
M113,2026-03-19,3,526197
M113,2026-03-20,4,255440
M113,2026-03-21,3,406257
M113,2026-03-22,0,0
M113,2026-03-23,5,540435
M113,2026-03-24,7,1220863
M113,2026-03-25,6,971808
M113,2026-03-26,0,0
M113,2026-03-27,0,0
M113,2026-03-28,0,0
M113,2026-03-29,7,310751
M113,2026-03-30,5,500225
M113,2026-03-31,4,650900
M113,2026-04-01,7,962066
M113,2026-04-02,3,316299
M113,2026-04-03,0,0
M113,2026-04-04,4,533620
M113,2026-04-05,3,469005
M113,2026-04-06,5,513915
M113,2026-04-07,0,0
M113,2026-04-08,3,207570
M113,2026-04-09,0,0
M113,2026-04-10,4,207808
M113,2026-04-11,4,275644
M113,2026-04-12,3,307179
M113,2026-04-13,0,0
M113,2026-04-14,5,788175
M113,2026-04-15,3,255516
M113,2026-04-16,7,672672
M113,2026-04-17,0,0
M113,2026-04-18,5,464060
M113,2026-04-19,0,0
M113,2026-04-20,0,0
M113,2026-04-21,0,0
M113,2026-04-22,1,65471
M113,2026-04-23,0,0
M113,2026-04-24,5,318905
M113,2026-04-25,3,268611
M113,2026-04-26,5,834780
M113,2026-04-27,0,0
M113,2026-04-28,1,131923
M113,2026-04-29,0,0
M113,2026-04-30,3,133941
M113,2026-05-01,4,177624
M113,2026-05-02,0,0
M113,2026-05-03,7,711312
M113,2026-05-04,0,0
M113,2026-05-05,6,361842
M113,2026-05-06,4,170980
M113,2026-05-07,0,0
M113,2026-05-08,5,399375
M113,2026-05-09,0,0
M113,2026-05-10,0,0
M113,2026-05-11,4,426724
M113,2026-05-12,0,0
M113,2026-05-13,2,74956
M113,2026-05-14,1,168795
M113,2026-05-15,6,981738
M113,2026-05-16,0,0
M113,2026-05-17,4,300128
M113,2026-05-18,4,234680
M113,2026-05-19,4,410780
M113,2026-05-20,0,0
M113,2026-05-21,4,427512
M113,2026-05-22,0,0
M113,2026-05-23,0,0
M113,2026-05-24,4,168872
M113,2026-05-25,1,148930
M113,2026-05-26,0,0
M113,2026-05-27,3,446751
M113,2026-05-28,4,497576
M113,2026-05-29,3,248676
M113,2026-05-30,3,407907
M113,2026-05-31,0,0
M113,2026-06-01,6,936564
M113,2026-06-02,0,0
M113,2026-06-03,3,201279
M113,2026-06-04,1,129243
M113,2026-06-05,2,341034
M113,2026-06-06,0,0
M113,2026-06-07,0,0
M113,2026-06-08,7,485086
M113,2026-06-09,0,0
M113,2026-06-10,0,0
M113,2026-06-11,4,326644
M113,2026-06-12,0,0
M113,2026-06-13,3,424083
M113,2026-06-14,5,488110
M113,2026-06-15,6,628572
M113,2026-06-16,0,0
M113,2026-06-17,1,38836
M113,2026-06-18,0,0
M113,2026-06-19,3,152727
M113,2026-06-20,3,486213
M113,2026-06-21,3,114864
M113,2026-06-22,7,633283
M113,2026-06-23,5,613735
M113,2026-06-24,0,0
M113,2026-06-25,3,466575
M113,2026-06-26,6,484572
M113,2026-06-27,2,306106
M113,2026-06-28,7,510510
M113,2026-06-29,4,270428
M113,2026-06-30,2,358712
M113,2026-07-01,4,184188
M113,2026-07-02,3,335781
M113,2026-07-03,7,1227597
M113,2026-07-04,5,810300
M113,2026-07-05,6,236556
M113,2026-07-06,6,883638
M113,2026-07-07,6,509331
M113,2026-07-08,6,548075
M113,2026-07-09,4,387527
M113,2026-07-10,0,0
M113,2026-07-11,5,409672
M113,2026-07-12,0,0
M113,2026-07-13,3,276805
M113,2026-07-14,4,332166
M113,2026-07-15,6,509322
M113,2026-07-16,0,0
M113,2026-07-17,0,0
M113,2026-07-18,3,243588
M113,2026-07-19,6,520394
M113,2026-07-20,1,132866
M113,2026-07-21,0,0
M113,2026-07-22,0,0
M113,2026-07-23,2,149475
M113,2026-07-24,1,105186
M113,2026-07-25,5,415208
M113,2026-07-26,2,215908
M113,2026-07-27,6,548075
M113,2026-07-28,0,0
M113,2026-07-29,2,221444
M113,2026-07-30,6,542539
M113,2026-07-31,4,393064
M113,2026-08-01,6,514858
M113,2026-08-02,1,49825
M113,2026-08-03,2,149475
M113,2026-08-04,0,0
M113,2026-08-05,9,776100
M113,2026-08-06,0,0
M113,2026-08-07,6,562270
M113,2026-08-08,7,593947
M113,2026-08-09,5,459319
M113,2026-08-10,3,300933
M113,2026-08-11,0,0
M113,2026-08-12,7,633544
M113,2026-08-13,1,110870
M113,2026-08-14,0,0
M113,2026-08-15,5,443480
M113,2026-08-16,8,752333
M113,2026-08-17,5,411803
M113,2026-08-18,4,332610
M113,2026-08-19,0,0
M113,2026-08-20,0,0
M113,2026-08-21,0,0
M113,2026-08-22,1,71273
M113,2026-08-23,2,158386
M113,2026-08-24,6,578109
M113,2026-08-25,3,277175
M113,2026-08-26,0,0
M113,2026-08-27,0,0
M113,2026-08-28,0,0
M113,2026-08-29,3,261336
M113,2026-08-30,0,0
M113,2026-08-31,6,538512
M114,2025-03-20,3,303969
M114,2025-03-21,0,0
M114,2025-03-22,0,0
M114,2025-03-23,5,609090
M114,2025-03-24,3,308625
M114,2025-03-25,4,507264
M114,2025-03-26,4,423120
M114,2025-03-27,2,74388
M114,2025-03-28,0,0
M114,2025-03-29,2,156458
M114,2025-03-30,4,575828
M114,2025-03-31,3,157536
M114,2025-04-01,7,261786
M114,2025-04-02,2,291298
M114,2025-04-03,0,0
M114,2025-04-04,3,120585
M114,2025-04-05,7,609056
M114,2025-04-06,0,0
M114,2025-04-07,0,0
M114,2025-04-08,4,147296
M114,2025-04-09,8,397104
M114,2025-04-10,4,523628
M114,2025-04-11,0,0
M114,2025-04-12,3,315846
M114,2025-04-13,0,0
M114,2025-04-14,0,0
M114,2025-04-15,0,0
M114,2025-04-16,0,0
M114,2025-04-17,0,0
M114,2025-04-18,3,144642
M114,2025-04-19,0,0
M114,2025-04-20,0,0
M114,2025-04-21,0,0
M114,2025-04-22,3,228078
M114,2025-04-23,0,0
M114,2025-04-24,6,888870
M114,2025-04-25,7,1182524
M114,2025-04-26,3,277221
M114,2025-04-27,0,0
M114,2025-04-28,0,0
M114,2025-04-29,5,748110
M114,2025-04-30,5,295400
M114,2025-05-01,0,0
M114,2025-05-02,0,0
M114,2025-05-03,6,790254
M114,2025-05-04,3,266307
M114,2025-05-05,2,207810
M114,2025-05-06,2,287022
M114,2025-05-07,5,676070
M114,2025-05-08,4,700968
M114,2025-05-09,5,547760
M114,2025-05-10,0,0
M114,2025-05-11,0,0
M114,2025-05-12,4,147072
M114,2025-05-13,5,553315
M114,2025-05-14,1,163058
M114,2025-05-15,4,182032
M114,2025-05-16,0,0
M114,2025-05-17,5,372215
M114,2025-05-18,2,275300
M114,2025-05-19,0,0
M114,2025-05-20,5,575115
M114,2025-05-21,6,377496
M114,2025-05-22,3,152682
M114,2025-05-23,2,336004
M114,2025-05-24,5,427940
M114,2025-05-25,3,114675
M114,2025-05-26,0,0
M114,2025-05-27,4,473912
M114,2025-05-28,11,1840223
M114,2025-05-29,3,222378
M114,2025-05-30,3,228093
M114,2025-05-31,0,0
M114,2025-06-01,0,0
M114,2025-06-02,8,493144
M114,2025-06-03,2,342328
M114,2025-06-04,5,675620
M114,2025-06-05,4,332692
M114,2025-06-06,4,251860
M114,2025-06-07,5,721765
M114,2025-06-08,0,0
M114,2025-06-09,0,0
M114,2025-06-10,3,176922
M114,2025-06-11,7,1113448
M114,2025-06-12,0,0
M114,2025-06-13,0,0
M114,2025-06-14,6,868302
M114,2025-06-15,5,828975
M114,2025-06-16,0,0
M114,2025-06-17,2,134090
M114,2025-06-18,6,427740
M114,2025-06-19,2,76258
M114,2025-06-20,4,410120
M114,2025-06-21,1,88873
M114,2025-06-22,2,196514
M114,2025-06-23,1,71294
M114,2025-06-24,5,842915
M114,2025-06-25,5,248475
M114,2025-06-26,4,511548
M114,2025-06-27,0,0
M114,2025-06-28,0,0
M114,2025-06-29,6,357762
M114,2025-06-30,0,0
M114,2025-07-01,2,300736
M114,2025-07-02,5,871425
M114,2025-07-03,4,212376
M114,2025-07-04,0,0
M114,2025-07-05,4,565708
M114,2025-07-06,0,0
M114,2025-07-07,4,286084
M114,2025-07-08,2,109740
M114,2025-07-09,3,252693
M114,2025-07-10,0,0
M114,2025-07-11,4,561396
M114,2025-07-12,0,0
M114,2025-07-13,0,0
M114,2025-07-14,5,696755
M114,2025-07-15,0,0
M114,2025-07-16,0,0
M114,2025-07-17,3,420447
M114,2025-07-18,0,0
M114,2025-07-19,4,688604
M114,2025-07-20,2,317228
M114,2025-07-21,0,0
M114,2025-07-22,1,143289
M114,2025-07-23,4,213236
M114,2025-07-24,4,210976
M114,2025-07-25,5,662605
M114,2025-07-26,3,343668
M114,2025-07-27,0,0
M114,2025-07-28,4,393456
M114,2025-07-29,2,86714
M114,2025-07-30,7,958377
M114,2025-07-31,4,641400
M114,2025-08-01,0,0
M114,2025-08-02,1,92567
M114,2025-08-03,6,837894
M114,2025-08-04,1,59422
M114,2025-08-05,0,0
M114,2025-08-06,5,842315
M114,2025-08-07,0,0
M114,2025-08-08,9,472473
M114,2025-08-09,3,433602
M114,2025-08-10,0,0
M114,2025-08-11,4,519496
M114,2025-08-12,0,0
M114,2025-08-13,5,853535
M114,2025-08-14,0,0
M114,2025-08-15,3,126396
M114,2025-08-16,3,438081
M114,2025-08-17,5,670220
M114,2025-08-18,2,86816
M114,2025-08-19,1,145533
M114,2025-08-20,4,420716
M114,2025-08-21,0,0
M114,2025-08-22,9,911781
M114,2025-08-23,0,0
M114,2025-08-24,0,0
M114,2025-08-25,0,0
M114,2025-08-26,0,0
M114,2025-08-27,0,0
M114,2025-08-28,3,342483
M114,2025-08-29,0,0
M114,2025-08-30,2,318080
M114,2025-08-31,4,602728
M114,2025-09-01,0,0
M114,2025-09-02,8,353592
M114,2025-09-03,0,0
M114,2025-09-04,2,196694
M114,2025-09-05,0,0
M114,2025-09-06,0,0
M114,2025-09-07,0,0
M114,2025-09-08,8,622632
M114,2025-09-09,4,696136
M114,2025-09-10,0,0
M114,2025-09-11,3,493101
M114,2025-09-12,0,0
M114,2025-09-13,2,200796
M114,2025-09-14,6,440160
M114,2025-09-15,0,0
M114,2025-09-16,0,0
M114,2025-09-17,4,208040
M114,2025-09-18,1,110977
M114,2025-09-19,0,0
M114,2025-09-20,2,180338
M114,2025-09-21,0,0
M114,2025-09-22,0,0
M114,2025-09-23,4,185340
M114,2025-09-24,7,1077377
M114,2025-09-25,0,0
M114,2025-09-26,0,0
M114,2025-09-27,0,0
M114,2025-09-28,6,347328
M114,2025-09-29,3,142980
M114,2025-09-30,0,0
M114,2025-10-01,4,189344
M114,2025-10-02,5,851865
M114,2025-10-03,0,0
M114,2025-10-04,6,767910
M114,2025-10-05,6,929898
M114,2025-10-06,3,329949
M114,2025-10-07,0,0
M114,2025-10-08,5,259515
M114,2025-10-09,4,177744
M114,2025-10-10,4,288824
M114,2025-10-11,0,0
M114,2025-10-12,0,0
M114,2025-10-13,7,690039
M114,2025-10-14,6,1047246
M114,2025-10-15,7,953253
M114,2025-10-16,4,467236
M114,2025-10-17,2,292472
M114,2025-10-18,4,684632
M114,2025-10-19,0,0
M114,2025-10-20,4,714312
M114,2025-10-21,0,0
M114,2025-10-22,0,0
M114,2025-10-23,3,352800
M114,2025-10-24,3,530265
M114,2025-10-25,0,0
M114,2025-10-26,0,0
M114,2025-10-27,0,0
M114,2025-10-28,7,423080
M114,2025-10-29,2,266522
M114,2025-10-30,0,0
M114,2025-10-31,7,317471
M114,2025-11-01,7,1244838
M114,2025-11-02,0,0
M114,2025-11-03,2,73546
M114,2025-11-04,0,0
M114,2025-11-05,0,0
M114,2025-11-06,0,0
M114,2025-11-07,1,152581
M114,2025-11-08,2,100116
M114,2025-11-09,5,217435
M114,2025-11-10,2,183602
M114,2025-11-11,5,470215
M114,2025-11-12,3,297309
M114,2025-11-13,1,150459
M114,2025-11-14,0,0
M114,2025-11-15,3,230907
M114,2025-11-16,2,202778
M114,2025-11-17,4,274456
M114,2025-11-18,0,0
M114,2025-11-19,0,0
M114,2025-11-20,1,167335
M114,2025-11-21,3,300153
M114,2025-11-22,4,204888
M114,2025-11-23,3,315777
M114,2025-11-24,6,215442
M114,2025-11-25,0,0
M114,2025-11-26,0,0
M114,2025-11-27,0,0
M114,2025-11-28,4,556612
M114,2025-11-29,0,0
M114,2025-11-30,5,271040
M114,2025-12-01,1,61046
M114,2025-12-02,5,778960
M114,2025-12-03,0,0
M114,2025-12-04,0,0
M114,2025-12-05,6,973998
M114,2025-12-06,3,225891
M114,2025-12-07,3,266301
M114,2025-12-08,2,257632
M114,2025-12-09,0,0
M114,2025-12-10,0,0
M114,2025-12-11,2,116152
M114,2025-12-12,3,107424
M114,2025-12-13,2,93372
M114,2025-12-14,0,0
M114,2025-12-15,1,62796
M114,2025-12-16,0,0
M114,2025-12-17,6,412752
M114,2025-12-18,5,576130
M114,2025-12-19,4,156368
M114,2025-12-20,6,260772
M114,2025-12-21,0,0
M114,2025-12-22,0,0
M114,2025-12-23,4,350940
M114,2025-12-24,0,0
M114,2025-12-25,0,0
M114,2025-12-26,0,0
M114,2025-12-27,0,0
M114,2025-12-28,0,0
M114,2025-12-29,0,0
M114,2025-12-30,4,471712
M114,2025-12-31,0,0
M114,2026-01-01,0,0
M114,2026-01-02,0,0
M114,2026-01-03,0,0
M114,2026-01-04,0,0
M114,2026-01-05,0,0
M114,2026-01-06,0,0
M114,2026-01-07,1,153193
M114,2026-01-08,2,281294
M114,2026-01-09,0,0
M114,2026-01-10,6,1055058
M114,2026-01-11,3,218703
M114,2026-01-12,0,0
M114,2026-01-13,0,0
M114,2026-01-14,4,382704
M114,2026-01-15,6,1076346
M114,2026-01-16,0,0
M114,2026-01-17,7,685244
M114,2026-01-18,0,0
M114,2026-01-19,0,0
M114,2026-01-20,0,0
M114,2026-01-21,3,414603
M114,2026-01-22,2,145106
M114,2026-01-23,4,586532
M114,2026-01-24,6,839730
M114,2026-01-25,4,144788
M114,2026-01-26,4,670460
M114,2026-01-27,0,0
M114,2026-01-28,6,1041450
M114,2026-01-29,0,0
M114,2026-01-30,8,1300584
M114,2026-01-31,4,332452
M114,2026-02-01,0,0
M114,2026-02-02,0,0
M114,2026-02-03,6,332460
M114,2026-02-04,4,228132
M114,2026-02-05,5,524325
M114,2026-02-06,0,0
M114,2026-02-07,0,0
M114,2026-02-08,1,141709
M114,2026-02-09,2,243646
M114,2026-02-10,3,251517
M114,2026-02-11,2,164910
M114,2026-02-12,0,0
M114,2026-02-13,1,73653
M114,2026-02-14,7,1216516
M114,2026-02-15,5,817370
M114,2026-02-16,0,0
M114,2026-02-17,3,478431
M114,2026-02-18,0,0
M114,2026-02-19,4,488052
M114,2026-02-20,4,646796
M114,2026-02-21,0,0
M114,2026-02-22,6,417168
M114,2026-02-23,5,617580
M114,2026-02-24,2,144804
M114,2026-02-25,7,1023652
M114,2026-02-26,6,584142
M114,2026-02-27,0,0
M114,2026-02-28,0,0
M114,2026-03-01,1,44486
M114,2026-03-02,1,39676
M114,2026-03-03,4,718696
M114,2026-03-04,0,0
M114,2026-03-05,2,151566
M114,2026-03-06,0,0
M114,2026-03-07,5,696330
M114,2026-03-08,1,52691
M114,2026-03-09,2,288858
M114,2026-03-10,4,609516
M114,2026-03-11,0,0
M114,2026-03-12,3,290829
M114,2026-03-13,0,0
M114,2026-03-14,4,293112
M114,2026-03-15,0,0
M114,2026-03-16,4,429528
M114,2026-03-17,7,593306
M114,2026-03-18,0,0
M114,2026-03-19,0,0
M114,2026-03-20,2,207176
M114,2026-03-21,2,321644
M114,2026-03-22,7,266777
M114,2026-03-23,0,0
M114,2026-03-24,6,583644
M114,2026-03-25,7,1204273
M114,2026-03-26,0,0
M114,2026-03-27,2,343992
M114,2026-03-28,0,0
M114,2026-03-29,4,340600
M114,2026-03-30,3,537972
M114,2026-03-31,2,337958
M114,2026-04-01,8,1121488
M114,2026-04-02,0,0
M114,2026-04-03,0,0
M114,2026-04-04,7,718907
M114,2026-04-05,4,602312
M114,2026-04-06,0,0
M114,2026-04-07,2,137582
M114,2026-04-08,0,0
M114,2026-04-09,3,245766
M114,2026-04-10,0,0
M114,2026-04-11,3,122208
M114,2026-04-12,0,0
M114,2026-04-13,1,158467
M114,2026-04-14,0,0
M114,2026-04-15,3,123288
M114,2026-04-16,0,0
M114,2026-04-17,0,0
M114,2026-04-18,8,1366200
M114,2026-04-19,5,682410
M114,2026-04-20,2,351610
M114,2026-04-21,7,258727
M114,2026-04-22,0,0
M114,2026-04-23,0,0
M114,2026-04-24,4,498868
M114,2026-04-25,2,345262
M114,2026-04-26,9,793494
M114,2026-04-27,2,191298
M114,2026-04-28,0,0
M114,2026-04-29,5,637820
M114,2026-04-30,7,611093
M114,2026-05-01,0,0
M114,2026-05-02,4,154888
M114,2026-05-03,0,0
M114,2026-05-04,0,0
M114,2026-05-05,6,559194
M114,2026-05-06,3,331176
M114,2026-05-07,5,803940
M114,2026-05-08,0,0
M114,2026-05-09,2,304824
M114,2026-05-10,6,754464
M114,2026-05-11,0,0
M114,2026-05-12,0,0
M114,2026-05-13,0,0
M114,2026-05-14,1,141610
M114,2026-05-15,0,0
M114,2026-05-16,0,0
M114,2026-05-17,0,0
M114,2026-05-18,5,646980
M114,2026-05-19,6,1068822
M114,2026-05-20,0,0
M114,2026-05-21,0,0
M114,2026-05-22,3,468084
M114,2026-05-23,4,627268
M114,2026-05-24,0,0
M114,2026-05-25,2,155206
M114,2026-05-26,0,0
M114,2026-05-27,5,443500
M114,2026-05-28,4,163492
M114,2026-05-29,8,883520
M114,2026-05-30,4,162496
M114,2026-05-31,2,163988
M114,2026-06-01,8,284760
M114,2026-06-02,5,737705
M114,2026-06-03,7,515774
M114,2026-06-04,0,0
M114,2026-06-05,0,0
M114,2026-06-06,3,236802
M114,2026-06-07,4,689436
M114,2026-06-08,0,0
M114,2026-06-09,6,761100
M114,2026-06-10,0,0
M114,2026-06-11,0,0
M114,2026-06-12,3,386325
M114,2026-06-13,6,604440
M114,2026-06-14,3,348933
M114,2026-06-15,3,373200
M114,2026-06-16,0,0
M114,2026-06-17,6,980934
M114,2026-06-18,2,106618
M114,2026-06-19,0,0
M114,2026-06-20,5,884575
M114,2026-06-21,2,89044
M114,2026-06-22,2,125684
M114,2026-06-23,4,257704
M114,2026-06-24,1,125470
M114,2026-06-25,0,0
M114,2026-06-26,4,214684
M114,2026-06-27,0,0
M114,2026-06-28,0,0
M114,2026-06-29,0,0
M114,2026-06-30,1,111700
M114,2026-07-01,0,0
M114,2026-07-02,4,668052
M114,2026-07-03,0,0
M114,2026-07-04,2,210866
M114,2026-07-05,0,0
M114,2026-07-06,0,0
M114,2026-07-07,0,0
M114,2026-07-08,0,0
M114,2026-07-09,0,0
M114,2026-07-10,0,0
M114,2026-07-11,0,0
M114,2026-07-12,4,403627
M114,2026-07-13,0,0
M114,2026-07-14,0,0
M114,2026-07-15,2,152478
M114,2026-07-16,10,896933
M114,2026-07-17,8,735485
M114,2026-07-18,1,134539
M114,2026-07-19,0,0
M114,2026-07-20,9,798270
M114,2026-07-21,5,439497
M114,2026-07-22,0,0
M114,2026-07-23,6,511251
M114,2026-07-24,0,0
M114,2026-07-25,10,878994
M114,2026-07-26,7,636822
M114,2026-07-27,0,0
M114,2026-07-28,6,547129
M114,2026-07-29,10,861055
M114,2026-07-30,6,556098
M114,2026-07-31,0,0
M114,2026-08-01,7,672699
M114,2026-08-02,0,0
M114,2026-08-03,0,0
M114,2026-08-04,3,306361
M114,2026-08-05,4,389900
M114,2026-08-06,2,139250
M114,2026-08-07,12,1044376
M114,2026-08-08,2,153175
M114,2026-08-09,6,529150
M114,2026-08-10,0,0
M114,2026-08-11,0,0
M114,2026-08-12,1,125325
M114,2026-08-13,0,0
M114,2026-08-14,6,529150
M114,2026-08-15,10,877276
M114,2026-08-16,0,0
M114,2026-08-17,13,1211477
M114,2026-08-18,15,1322877
M114,2026-08-19,12,1072226
M114,2026-08-20,0,0
M114,2026-08-21,0,0
M114,2026-08-22,14,1239327
M114,2026-08-23,0,0
M114,2026-08-24,8,751951
M114,2026-08-25,11,960826
M114,2026-08-26,8,738026
M114,2026-08-27,11,1016526
M114,2026-08-28,0,0
M114,2026-08-29,10,919051
M114,2026-08-30,5,417750
M114,2026-08-31,0,0
M115,2026-07-02,0,0
M115,2026-07-03,0,0
M115,2026-07-04,0,0
M115,2026-07-05,0,0
M115,2026-07-06,8,1774424
M115,2026-07-07,3,410646
M115,2026-07-08,9,1368792
M115,2026-07-09,15,2224288
M115,2026-07-10,0,0
M115,2026-07-11,19,2874464
M115,2026-07-12,4,581736
M115,2026-07-13,9,1334572
M115,2026-07-14,0,0
M115,2026-07-15,6,855495
M115,2026-07-16,0,0
M115,2026-07-17,0,0
M115,2026-07-18,4,581736
M115,2026-07-19,7,1026594
M115,2026-07-20,0,0
M115,2026-07-21,0,0
M115,2026-07-22,21,3182443
M115,2026-07-23,0,0
M115,2026-07-24,16,2463826
M115,2026-07-25,0,0
M115,2026-07-26,0,0
M115,2026-07-27,20,2942904
M115,2026-07-28,10,1505671
M115,2026-07-29,0,0
M115,2026-07-30,0,0
M115,2026-07-31,12,1847870
M115,2026-08-01,0,0
M115,2026-08-02,4,650176
M115,2026-08-03,0,0
M115,2026-08-04,0,0
M115,2026-08-05,6,846696
M115,2026-08-06,14,2065095
M115,2026-08-07,0,0
M115,2026-08-08,4,536924
M115,2026-08-09,8,1135802
M115,2026-08-10,9,1321660
M115,2026-08-11,12,1734679
M115,2026-08-12,2,309764
M115,2026-08-13,11,1714029
M115,2026-08-14,2,289113
M115,2026-08-15,0,0
M115,2026-08-16,0,0
M115,2026-08-17,0,0
M115,2026-08-18,0,0
M115,2026-08-19,0,0
M115,2026-08-20,0,0
M115,2026-08-21,12,1837934
M115,2026-08-22,7,1094500
M115,2026-08-23,5,743434
M115,2026-08-24,8,1239057
M115,2026-08-25,0,0
M115,2026-08-26,14,2044444
M115,2026-08-27,11,1714029
M115,2026-08-28,10,1528170
M115,2026-08-29,13,2023793
M115,2026-08-30,4,598877
M115,2026-08-31,0,0
M116,2026-05-14,0,0
M116,2026-05-15,0,0
M116,2026-05-16,0,0
M116,2026-05-17,0,0
M116,2026-05-18,1,114984
M116,2026-05-19,6,546858
M116,2026-05-20,5,421410
M116,2026-05-21,0,0
M116,2026-05-22,3,267333
M116,2026-05-23,4,387056
M116,2026-05-24,2,224478
M116,2026-05-25,2,310258
M116,2026-05-26,3,383889
M116,2026-05-27,1,153838
M116,2026-05-28,2,71966
M116,2026-05-29,1,111591
M116,2026-05-30,8,1356400
M116,2026-05-31,0,0
M116,2026-06-01,0,0
M116,2026-06-02,4,220828
M116,2026-06-03,0,0
M116,2026-06-04,2,116384
M116,2026-06-05,0,0
M116,2026-06-06,4,673400
M116,2026-06-07,6,477810
M116,2026-06-08,6,622806
M116,2026-06-09,6,495786
M116,2026-06-10,0,0
M116,2026-06-11,0,0
M116,2026-06-12,0,0
M116,2026-06-13,0,0
M116,2026-06-14,0,0
M116,2026-06-15,0,0
M116,2026-06-16,0,0
M116,2026-06-17,7,1188250
M116,2026-06-18,0,0
M116,2026-06-19,0,0
M116,2026-06-20,0,0
M116,2026-06-21,2,233286
M116,2026-06-22,4,213208
M116,2026-06-23,7,888797
M116,2026-06-24,2,324916
M116,2026-06-25,3,276723
M116,2026-06-26,9,372465
M116,2026-06-27,1,122072
M116,2026-06-28,5,724965
M116,2026-06-29,4,349520
M116,2026-06-30,5,488275
M116,2026-07-01,6,519612
M116,2026-07-02,3,260040
M116,2026-07-03,5,542590
M116,2026-07-04,4,275180
M116,2026-07-05,4,634372
M116,2026-07-06,5,845815
M116,2026-07-07,4,348500
M116,2026-07-08,1,43560
M116,2026-07-09,8,718755
M116,2026-07-10,1,72601
M116,2026-07-11,4,333967
M116,2026-07-12,0,0
M116,2026-07-13,2,181503
M116,2026-07-14,2,174243
M116,2026-07-15,8,689714
M116,2026-07-16,4,399308
M116,2026-07-17,0,0
M116,2026-07-18,4,333967
M116,2026-07-19,5,464650
M116,2026-07-20,5,442869
M116,2026-07-21,0,0
M116,2026-07-22,1,72601
M116,2026-07-23,4,348487
M116,2026-07-24,0,0
M116,2026-07-25,0,0
M116,2026-07-26,7,624373
M116,2026-07-27,0,0
M116,2026-07-28,0,0
M116,2026-07-29,6,573552
M116,2026-07-30,4,363007
M116,2026-07-31,1,58081
M116,2026-08-01,3,225064
M116,2026-08-02,7,588072
M116,2026-08-03,8,682454
M116,2026-08-04,15,1350857
M116,2026-08-05,0,0
M116,2026-08-06,9,804761
M116,2026-08-07,2,158078
M116,2026-08-08,0,0
M116,2026-08-09,8,675424
M116,2026-08-10,4,344897
M116,2026-08-11,8,761649
M116,2026-08-12,15,1365220
M116,2026-08-13,0,0
M116,2026-08-14,11,1034693
M116,2026-08-15,3,287414
M116,2026-08-16,9,776019
M116,2026-08-17,3,258673
M116,2026-08-18,2,158078
M116,2026-08-19,0,0
M116,2026-08-20,0,0
M116,2026-08-21,15,1393961
M116,2026-08-22,0,0
M116,2026-08-23,0,0
M116,2026-08-24,13,1164029
M116,2026-08-25,7,603570
M116,2026-08-26,0,0
M116,2026-08-27,6,502975
M116,2026-08-28,2,158078
M116,2026-08-29,8,732907
M116,2026-08-30,2,215561
M116,2026-08-31,4,316156
M118,2025-05-22,0,0
M118,2025-05-23,0,0
M118,2025-05-24,4,685872
M118,2025-05-25,0,0
M118,2025-05-26,4,584204
M118,2025-05-27,0,0
M118,2025-05-28,0,0
M118,2025-05-29,5,623500
M118,2025-05-30,0,0
M118,2025-05-31,6,918228
M118,2025-06-01,6,875580
M118,2025-06-02,0,0
M118,2025-06-03,0,0
M118,2025-06-04,3,304791
M118,2025-06-05,0,0
M118,2025-06-06,0,0
M118,2025-06-07,2,115722
M118,2025-06-08,0,0
M118,2025-06-09,4,526692
M118,2025-06-10,0,0
M118,2025-06-11,2,166694
M118,2025-06-12,0,0
M118,2025-06-13,3,397686
M118,2025-06-14,0,0
M118,2025-06-15,6,559512
M118,2025-06-16,5,578955
M118,2025-06-17,4,398288
M118,2025-06-18,4,415556
M118,2025-06-19,6,734640
M118,2025-06-20,0,0
M118,2025-06-21,3,519744
M118,2025-06-22,3,471978
M118,2025-06-23,0,0
M118,2025-06-24,6,1064226
M118,2025-06-25,1,45336
M118,2025-06-26,0,0
M118,2025-06-27,3,515331
M118,2025-06-28,4,484148
M118,2025-06-29,0,0
M118,2025-06-30,4,527420
M118,2025-07-01,6,1055250
M118,2025-07-02,0,0
M118,2025-07-03,4,598140
M118,2025-07-04,7,498631
M118,2025-07-05,6,867174
M118,2025-07-06,0,0
M118,2025-07-07,0,0
M118,2025-07-08,7,318234
M118,2025-07-09,0,0
M118,2025-07-10,0,0
M118,2025-07-11,0,0
M118,2025-07-12,0,0
M118,2025-07-13,0,0
M118,2025-07-14,2,266072
M118,2025-07-15,1,163856
M118,2025-07-16,5,822560
M118,2025-07-17,2,225738
M118,2025-07-18,3,471114
M118,2025-07-19,4,339436
M118,2025-07-20,2,113482
M118,2025-07-21,0,0
M118,2025-07-22,4,263128
M118,2025-07-23,2,273816
M118,2025-07-24,5,226590
M118,2025-07-25,2,295260
M118,2025-07-26,0,0
M118,2025-07-27,3,288819
M118,2025-07-28,0,0
M118,2025-07-29,0,0
M118,2025-07-30,2,99822
M118,2025-07-31,6,460446
M118,2025-08-01,0,0
M118,2025-08-02,0,0
M118,2025-08-03,0,0
M118,2025-08-04,0,0
M118,2025-08-05,0,0
M118,2025-08-06,0,0
M118,2025-08-07,4,566756
M118,2025-08-08,3,342273
M118,2025-08-09,0,0
M118,2025-08-10,0,0
M118,2025-08-11,4,487868
M118,2025-08-12,6,737520
M118,2025-08-13,3,323286
M118,2025-08-14,0,0
M118,2025-08-15,0,0
M118,2025-08-16,3,447633
M118,2025-08-17,6,372576
M118,2025-08-18,0,0
M118,2025-08-19,4,615296
M118,2025-08-20,5,896775
M118,2025-08-21,2,102488
M118,2025-08-22,0,0
M118,2025-08-23,0,0
M118,2025-08-24,5,684400
M118,2025-08-25,0,0
M118,2025-08-26,5,388025
M118,2025-08-27,3,313353
M118,2025-08-28,6,612096
M118,2025-08-29,4,423136
M118,2025-08-30,4,418144
M118,2025-08-31,4,589432
M118,2025-09-01,0,0
M118,2025-09-02,0,0
M118,2025-09-03,5,430080
M118,2025-09-04,2,70582
M118,2025-09-05,5,820295
M118,2025-09-06,6,398706
M118,2025-09-07,0,0
M118,2025-09-08,0,0
M118,2025-09-09,2,75310
M118,2025-09-10,0,0
M118,2025-09-11,0,0
M118,2025-09-12,3,496842
M118,2025-09-13,0,0
M118,2025-09-14,5,763865
M118,2025-09-15,0,0
M118,2025-09-16,5,383470
M118,2025-09-17,4,155732
M118,2025-09-18,5,868040
M118,2025-09-19,5,756995
M118,2025-09-20,2,153206
M118,2025-09-21,0,0
M118,2025-09-22,0,0
M118,2025-09-23,4,507620
M118,2025-09-24,2,179836
M118,2025-09-25,0,0
M118,2025-09-26,0,0
M118,2025-09-27,3,347976
M118,2025-09-28,5,246090
M118,2025-09-29,0,0
M118,2025-09-30,1,61352
M118,2025-10-01,3,198285
M118,2025-10-02,0,0
M118,2025-10-03,0,0
M118,2025-10-04,5,629985
M118,2025-10-05,5,622635
M118,2025-10-06,0,0
M118,2025-10-07,0,0
M118,2025-10-08,0,0
M118,2025-10-09,3,143172
M118,2025-10-10,0,0
M118,2025-10-11,0,0
M118,2025-10-12,0,0
M118,2025-10-13,2,308602
M118,2025-10-14,3,276732
M118,2025-10-15,5,760275
M118,2025-10-16,0,0
M118,2025-10-17,0,0
M118,2025-10-18,2,261572
M118,2025-10-19,0,0
M118,2025-10-20,0,0
M118,2025-10-21,5,315140
M118,2025-10-22,4,237000
M118,2025-10-23,0,0
M118,2025-10-24,0,0
M118,2025-10-25,1,106359
M118,2025-10-26,5,217205
M118,2025-10-27,2,309412
M118,2025-10-28,0,0
M118,2025-10-29,4,638760
M118,2025-10-30,1,105379
M118,2025-10-31,2,267720
M118,2025-11-01,2,187730
M118,2025-11-02,0,0
M118,2025-11-03,2,158728
M118,2025-11-04,6,1058292
M118,2025-11-05,0,0
M118,2025-11-06,0,0
M118,2025-11-07,0,0
M118,2025-11-08,2,78732
M118,2025-11-09,0,0
M118,2025-11-10,6,408306
M118,2025-11-11,0,0
M118,2025-11-12,0,0
M118,2025-11-13,5,440660
M118,2025-11-14,2,322772
M118,2025-11-15,6,490176
M118,2025-11-16,2,91382
M118,2025-11-17,0,0
M118,2025-11-18,0,0
M118,2025-11-19,4,623048
M118,2025-11-20,7,1072099
M118,2025-11-21,0,0
M118,2025-11-22,0,0
M118,2025-11-23,3,301656
M118,2025-11-24,4,397708
M118,2025-11-25,4,198112
M118,2025-11-26,0,0
M118,2025-11-27,3,488856
M118,2025-11-28,4,191024
M118,2025-11-29,0,0
M118,2025-11-30,3,162489
M118,2025-12-01,0,0
M118,2025-12-02,1,155428
M118,2025-12-03,0,0
M118,2025-12-04,3,401244
M118,2025-12-05,4,518628
M118,2025-12-06,0,0
M118,2025-12-07,6,736032
M118,2025-12-08,0,0
M118,2025-12-09,6,726936
M118,2025-12-10,0,0
M118,2025-12-11,3,205632
M118,2025-12-12,0,0
M118,2025-12-13,6,641232
M118,2025-12-14,5,335590
M118,2025-12-15,0,0
M118,2025-12-16,2,220840
M118,2025-12-17,5,271320
M118,2025-12-18,0,0
M118,2025-12-19,7,999327
M118,2025-12-20,3,263241
M118,2025-12-21,2,302624
M118,2025-12-22,0,0
M118,2025-12-23,0,0
M118,2025-12-24,0,0
M118,2025-12-25,2,127030
M118,2025-12-26,3,212718
M118,2025-12-27,1,100705
M118,2025-12-28,0,0
M118,2025-12-29,7,1110676
M118,2025-12-30,0,0
M118,2025-12-31,0,0
M118,2026-01-01,0,0
M118,2026-01-02,4,474796
M118,2026-01-03,3,341340
M118,2026-01-04,0,0
M118,2026-01-05,0,0
M118,2026-01-06,4,683036
M118,2026-01-07,2,234162
M118,2026-01-08,0,0
M118,2026-01-09,0,0
M118,2026-01-10,3,342549
M118,2026-01-11,0,0
M118,2026-01-12,0,0
M118,2026-01-13,0,0
M118,2026-01-14,2,333642
M118,2026-01-15,0,0
M118,2026-01-16,6,734190
M118,2026-01-17,0,0
M118,2026-01-18,1,69906
M118,2026-01-19,5,557435
M118,2026-01-20,3,315411
M118,2026-01-21,4,332640
M118,2026-01-22,0,0
M118,2026-01-23,0,0
M118,2026-01-24,5,752705
M118,2026-01-25,0,0
M118,2026-01-26,9,638415
M118,2026-01-27,6,658746
M118,2026-01-28,0,0
M118,2026-01-29,0,0
M118,2026-01-30,6,411006
M118,2026-01-31,0,0
M118,2026-02-01,5,740870
M118,2026-02-02,0,0
M118,2026-02-03,0,0
M118,2026-02-04,5,230125
M118,2026-02-05,4,224240
M118,2026-02-06,3,426876
M118,2026-02-07,3,127737
M118,2026-02-08,0,0
M118,2026-02-09,0,0
M118,2026-02-10,0,0
M118,2026-02-11,5,878220
M118,2026-02-12,0,0
M118,2026-02-13,0,0
M118,2026-02-14,0,0
M118,2026-02-15,0,0
M118,2026-02-16,0,0
M118,2026-02-17,5,644825
M118,2026-02-18,0,0
M118,2026-02-19,5,628425
M118,2026-02-20,3,391389
M118,2026-02-21,0,0
M118,2026-02-22,1,58831
M118,2026-02-23,9,1018521
M118,2026-02-24,0,0
M118,2026-02-25,4,603992
M118,2026-02-26,0,0
M118,2026-02-27,4,687896
M118,2026-02-28,6,224700
M118,2026-03-01,3,439428
M118,2026-03-02,7,1076138
M118,2026-03-03,4,308692
M118,2026-03-04,2,303082
M118,2026-03-05,0,0
M118,2026-03-06,4,380952
M118,2026-03-07,6,437352
M118,2026-03-08,5,750540
M118,2026-03-09,1,39305
M118,2026-03-10,4,648616
M118,2026-03-11,6,851190
M118,2026-03-12,6,612546
M118,2026-03-13,6,321060
M118,2026-03-14,4,331244
M118,2026-03-15,0,0
M118,2026-03-16,1,127852
M118,2026-03-17,4,593336
M118,2026-03-18,0,0
M118,2026-03-19,4,277704
M118,2026-03-20,3,132132
M118,2026-03-21,0,0
M118,2026-03-22,0,0
M118,2026-03-23,4,472104
M118,2026-03-24,3,193854
M118,2026-03-25,0,0
M118,2026-03-26,2,116026
M118,2026-03-27,4,157616
M118,2026-03-28,0,0
M118,2026-03-29,0,0
M118,2026-03-30,2,299468
M118,2026-03-31,2,307238
M118,2026-04-01,3,507222
M118,2026-04-02,5,877060
M118,2026-04-03,0,0
M118,2026-04-04,0,0
M118,2026-04-05,3,123564
M118,2026-04-06,1,39230
M118,2026-04-07,8,312792
M118,2026-04-08,3,313098
M118,2026-04-09,0,0
M118,2026-04-10,1,171440
M118,2026-04-11,0,0
M118,2026-04-12,0,0
M118,2026-04-13,2,331774
M118,2026-04-14,0,0
M118,2026-04-15,0,0
M118,2026-04-16,6,428682
M118,2026-04-17,3,260658
M118,2026-04-18,0,0
M118,2026-04-19,0,0
M118,2026-04-20,5,828060
M118,2026-04-21,1,54256
M118,2026-04-22,5,774960
M118,2026-04-23,0,0
M118,2026-04-24,4,569900
M118,2026-04-25,1,124355
M118,2026-04-26,6,481734
M118,2026-04-27,7,342552
M118,2026-04-28,1,46070
M118,2026-04-29,6,212586
M118,2026-04-30,0,0
M118,2026-05-01,2,223650
M118,2026-05-02,0,0
M118,2026-05-03,6,307500
M118,2026-05-04,0,0
M118,2026-05-05,6,866556
M118,2026-05-06,3,403113
M118,2026-05-07,4,622168
M118,2026-05-08,5,214570
M118,2026-05-09,3,475398
M118,2026-05-10,2,318758
M118,2026-05-11,5,857850
M118,2026-05-12,5,566795
M118,2026-05-13,6,991524
M118,2026-05-14,0,0
M118,2026-05-15,0,0
M118,2026-05-16,2,150322
M118,2026-05-17,5,317070
M118,2026-05-18,0,0
M118,2026-05-19,0,0
M118,2026-05-20,8,465696
M118,2026-05-21,7,378623
M118,2026-05-22,4,177808
M118,2026-05-23,3,298797
M118,2026-05-24,0,0
M118,2026-05-25,0,0
M118,2026-05-26,0,0
M118,2026-05-27,6,235686
M118,2026-05-28,5,773390
M118,2026-05-29,5,635530
M118,2026-05-30,6,928290
M118,2026-05-31,3,209700
M118,2026-06-01,0,0
M118,2026-06-02,4,510872
M118,2026-06-03,1,166474
M118,2026-06-04,3,343839
M118,2026-06-05,3,318855
M118,2026-06-06,0,0
M118,2026-06-07,4,711904
M118,2026-06-08,0,0
M118,2026-06-09,0,0
M118,2026-06-10,1,135866
M118,2026-06-11,0,0
M118,2026-06-12,3,534171
M118,2026-06-13,3,389496
M118,2026-06-14,0,0
M118,2026-06-15,1,45151
M118,2026-06-16,0,0
M118,2026-06-17,0,0
M118,2026-06-18,0,0
M118,2026-06-19,5,182530
M118,2026-06-20,0,0
M118,2026-06-21,5,641180
M118,2026-06-22,0,0
M118,2026-06-23,3,423321
M118,2026-06-24,4,690120
M118,2026-06-25,0,0
M118,2026-06-26,5,492545
M118,2026-06-27,5,853070
M118,2026-06-28,4,654632
M118,2026-06-29,6,222726
M118,2026-06-30,1,179895
M118,2026-07-01,5,347700
M118,2026-07-02,7,839314
M118,2026-07-03,4,515656
M118,2026-07-04,4,224660
M118,2026-07-05,0,0
M118,2026-07-06,0,0
M118,2026-07-07,0,0
M118,2026-07-08,8,722174
M118,2026-07-09,0,0
M118,2026-07-10,4,379319
M118,2026-07-11,6,583568
M118,2026-07-12,3,255311
M118,2026-07-13,0,0
M118,2026-07-14,0,0
M118,2026-07-15,6,517916
M118,2026-07-16,0,0
M118,2026-07-17,1,14589
M118,2026-07-18,7,612746
M118,2026-07-19,0,0
M118,2026-07-20,3,262605
M118,2026-07-21,1,14589
M118,2026-07-22,0,0
M118,2026-07-23,2,153186
M118,2026-07-24,0,0
M118,2026-07-25,3,226132
M118,2026-07-26,0,0
M118,2026-07-27,3,299078
M118,2026-07-28,4,393908
M118,2026-07-29,0,0
M118,2026-07-30,3,269900
M118,2026-07-31,4,342846
M118,2026-08-01,1,36473
M118,2026-08-02,7,641925
M118,2026-08-03,1,80240
M118,2026-08-04,6,506862
M118,2026-08-05,6,559286
M118,2026-08-06,3,267991
M118,2026-08-07,6,535983
M118,2026-08-08,6,570938
M118,2026-08-09,0,0
M118,2026-08-10,1,34955
M118,2026-08-11,0,0
M118,2026-08-12,0,0
M118,2026-08-13,1,75736
M118,2026-08-14,4,367031
M118,2026-08-15,0,0
M118,2026-08-16,2,209732
M118,2026-08-17,4,384509
M118,2026-08-18,0,0
M118,2026-08-19,0,0
M118,2026-08-20,0,0
M118,2026-08-21,2,215558
M118,2026-08-22,1,58259
M118,2026-08-23,1,69910
M118,2026-08-24,0,0
M118,2026-08-25,1,11651
M118,2026-08-26,0,0
M118,2026-08-27,5,442768
M118,2026-08-28,4,326250
M118,2026-08-29,2,157299
M118,2026-08-30,6,524331
M118,2026-08-31,2,168951
M119,2025-11-16,0,0
M119,2025-11-17,0,0
M119,2025-11-18,0,0
M119,2025-11-19,0,0
M119,2025-11-20,0,0
M119,2025-11-21,0,0
M119,2025-11-22,0,0
M119,2025-11-23,0,0
M119,2025-11-24,0,0
M119,2025-11-25,0,0
M119,2025-11-26,0,0
M119,2025-11-27,0,0
M119,2025-11-28,0,0
M119,2025-11-29,0,0
M119,2025-11-30,0,0
M119,2025-12-01,0,0
M119,2025-12-02,0,0
M119,2025-12-03,0,0
M119,2025-12-04,0,0
M119,2025-12-05,0,0
M119,2025-12-06,0,0
M119,2025-12-07,0,0
M119,2025-12-08,0,0
M119,2025-12-09,3,505227
M119,2025-12-10,6,939918
M119,2025-12-11,4,346000
M119,2025-12-12,2,135700
M119,2025-12-13,0,0
M119,2025-12-14,2,131932
M119,2025-12-15,3,125472
M119,2025-12-16,0,0
M119,2025-12-17,0,0
M119,2025-12-18,6,268554
M119,2025-12-19,0,0
M119,2025-12-20,3,348462
M119,2025-12-21,6,820104
M119,2025-12-22,0,0
M119,2025-12-23,4,354756
M119,2025-12-24,3,192030
M119,2025-12-25,0,0
M119,2025-12-26,4,671320
M119,2025-12-27,4,402956
M119,2025-12-28,6,523692
M119,2025-12-29,0,0
M119,2025-12-30,6,682218
M119,2025-12-31,0,0
M119,2026-01-01,0,0
M119,2026-01-02,0,0
M119,2026-01-03,7,806568
M119,2026-01-04,6,1015254
M119,2026-01-05,0,0
M119,2026-01-06,6,980856
M119,2026-01-07,3,217566
M119,2026-01-08,5,496155
M119,2026-01-09,4,207776
M119,2026-01-10,2,199064
M119,2026-01-11,0,0
M119,2026-01-12,0,0
M119,2026-01-13,0,0
M119,2026-01-14,6,1027230
M119,2026-01-15,0,0
M119,2026-01-16,9,1410066
M119,2026-01-17,0,0
M119,2026-01-18,5,380635
M119,2026-01-19,3,430731
M119,2026-01-20,3,151911
M119,2026-01-21,5,312620
M119,2026-01-22,4,169492
M119,2026-01-23,6,723072
M119,2026-01-24,0,0
M119,2026-01-25,2,218416
M119,2026-01-26,5,333345
M119,2026-01-27,0,0
M119,2026-01-28,9,1114686
M119,2026-01-29,0,0
M119,2026-01-30,5,701690
M119,2026-01-31,3,400710
M119,2026-02-01,3,157959
M119,2026-02-02,0,0
M119,2026-02-03,0,0
M119,2026-02-04,3,297405
M119,2026-02-05,4,538512
M119,2026-02-06,3,189525
M119,2026-02-07,3,365493
M119,2026-02-08,0,0
M119,2026-02-09,0,0
M119,2026-02-10,0,0
M119,2026-02-11,4,624952
M119,2026-02-12,0,0
M119,2026-02-13,0,0
M119,2026-02-14,0,0
M119,2026-02-15,0,0
M119,2026-02-16,3,397674
M119,2026-02-17,5,244690
M119,2026-02-18,4,440148
M119,2026-02-19,3,113535
M119,2026-02-20,2,194302
M119,2026-02-21,3,444420
M119,2026-02-22,3,114408
M119,2026-02-23,6,254376
M119,2026-02-24,8,1284800
M119,2026-02-25,0,0
M119,2026-02-26,6,991962
M119,2026-02-27,0,0
M119,2026-02-28,6,814512
M119,2026-03-01,0,0
M119,2026-03-02,2,124170
M119,2026-03-03,0,0
M119,2026-03-04,7,842527
M119,2026-03-05,0,0
M119,2026-03-06,0,0
M119,2026-03-07,0,0
M119,2026-03-08,2,247512
M119,2026-03-09,0,0
M119,2026-03-10,0,0
M119,2026-03-11,0,0
M119,2026-03-12,0,0
M119,2026-03-13,3,223632
M119,2026-03-14,3,363849
M119,2026-03-15,3,381276
M119,2026-03-16,0,0
M119,2026-03-17,9,839943
M119,2026-03-18,0,0
M119,2026-03-19,2,150094
M119,2026-03-20,5,717535
M119,2026-03-21,8,360912
M119,2026-03-22,4,510784
M119,2026-03-23,2,209316
M119,2026-03-24,9,1391445
M119,2026-03-25,0,0
M119,2026-03-26,0,0
M119,2026-03-27,3,162447
M119,2026-03-28,4,505312
M119,2026-03-29,0,0
M119,2026-03-30,1,52040
M119,2026-03-31,0,0
M119,2026-04-01,0,0
M119,2026-04-02,4,202456
M119,2026-04-03,3,366681
M119,2026-04-04,0,0
M119,2026-04-05,0,0
M119,2026-04-06,7,814828
M119,2026-04-07,4,363832
M119,2026-04-08,5,812675
M119,2026-04-09,0,0
M119,2026-04-10,0,0
M119,2026-04-11,3,209181
M119,2026-04-12,1,41428
M119,2026-04-13,2,320788
M119,2026-04-14,6,953838
M119,2026-04-15,2,119946
M119,2026-04-16,0,0
M119,2026-04-17,4,681600
M119,2026-04-18,4,553040
M119,2026-04-19,5,412045
M119,2026-04-20,0,0
M119,2026-04-21,0,0
M119,2026-04-22,0,0
M119,2026-04-23,3,509202
M119,2026-04-24,4,630336
M119,2026-04-25,0,0
M119,2026-04-26,7,817992
M119,2026-04-27,7,413644
M119,2026-04-28,0,0
M119,2026-04-29,3,313344
M119,2026-04-30,4,598960
M119,2026-05-01,4,221348
M119,2026-05-02,9,612765
M119,2026-05-03,6,598710
M119,2026-05-04,0,0
M119,2026-05-05,8,908000
M119,2026-05-06,0,0
M119,2026-05-07,3,136083
M119,2026-05-08,5,887140
M119,2026-05-09,0,0
M119,2026-05-10,0,0
M119,2026-05-11,0,0
M119,2026-05-12,3,511512
M119,2026-05-13,7,662186
M119,2026-05-14,0,0
M119,2026-05-15,2,258326
M119,2026-05-16,0,0
M119,2026-05-17,9,968787
M119,2026-05-18,2,105188
M119,2026-05-19,0,0
M119,2026-05-20,0,0
M119,2026-05-21,0,0
M119,2026-05-22,6,840186
M119,2026-05-23,1,53372
M119,2026-05-24,2,353280
M119,2026-05-25,6,1002324
M119,2026-05-26,0,0
M119,2026-05-27,0,0
M119,2026-05-28,0,0
M119,2026-05-29,3,472701
M119,2026-05-30,4,431968
M119,2026-05-31,8,1362656
M119,2026-06-01,0,0
M119,2026-06-02,2,113438
M119,2026-06-03,4,280388
M119,2026-06-04,3,407772
M119,2026-06-05,2,325042
M119,2026-06-06,0,0
M119,2026-06-07,0,0
M119,2026-06-08,4,607740
M119,2026-06-09,3,235668
M119,2026-06-10,5,877770
M119,2026-06-11,4,685172
M119,2026-06-12,0,0
M119,2026-06-13,0,0
M119,2026-06-14,4,225724
M119,2026-06-15,2,151732
M119,2026-06-16,2,263182
M119,2026-06-17,0,0
M119,2026-06-18,2,224424
M119,2026-06-19,0,0
M119,2026-06-20,4,279276
M119,2026-06-21,6,373986
M119,2026-06-22,0,0
M119,2026-06-23,0,0
M119,2026-06-24,0,0
M119,2026-06-25,5,441065
M119,2026-06-26,2,166946
M119,2026-06-27,5,254245
M119,2026-06-28,2,178562
M119,2026-06-29,0,0
M119,2026-06-30,0,0
M119,2026-07-01,2,328086
M119,2026-07-02,0,0
M119,2026-07-03,0,0
M119,2026-07-04,2,286004
M119,2026-07-05,5,489630
M119,2026-07-06,3,249456
M119,2026-07-07,7,615806
M119,2026-07-08,1,48615
M119,2026-07-09,5,486153
M119,2026-07-10,0,0
M119,2026-07-11,3,259282
M119,2026-07-12,8,745435
M119,2026-07-13,5,445640
M119,2026-07-14,4,340307
M119,2026-07-15,2,162051
M119,2026-07-16,2,194461
M119,2026-07-17,7,640102
M119,2026-07-18,6,542871
M119,2026-07-19,5,461846
M119,2026-07-20,1,89128
M119,2026-07-21,3,275487
M119,2026-07-22,3,243076
M119,2026-07-23,3,299794
M119,2026-07-24,3,234974
M119,2026-07-25,0,0
M119,2026-07-26,8,696820
M119,2026-07-27,4,324102
M119,2026-07-28,8,721128
M119,2026-07-29,4,315999
M119,2026-07-30,0,0
M119,2026-07-31,0,0
M119,2026-08-01,6,575282
M119,2026-08-02,2,137743
M119,2026-08-03,0,0
M119,2026-08-04,9,781544
M119,2026-08-05,3,308978
M119,2026-08-06,0,0
M119,2026-08-07,5,427116
M119,2026-08-08,0,0
M119,2026-08-09,3,272627
M119,2026-08-10,0,0
M119,2026-08-11,4,354416
M119,2026-08-12,5,436204
M119,2026-08-13,3,272627
M119,2026-08-14,6,536167
M119,2026-08-15,2,154489
M119,2026-08-16,3,254452
M119,2026-08-17,7,590693
M119,2026-08-18,3,227189
M119,2026-08-19,4,372591
M119,2026-08-20,2,154489
M119,2026-08-21,0,0
M119,2026-08-22,8,754270
M119,2026-08-23,0,0
M119,2026-08-24,1,72700
M119,2026-08-25,1,90875
M119,2026-08-26,5,472554
M119,2026-08-27,4,381678
M119,2026-08-28,4,390766
M119,2026-08-29,4,381678
M119,2026-08-30,5,472554
M119,2026-08-31,6,554343
M122,2025-10-12,0,0
M122,2025-10-13,0,0
M122,2025-10-14,0,0
M122,2025-10-15,0,0
M122,2025-10-16,0,0
M122,2025-10-17,0,0
M122,2025-10-18,0,0
M122,2025-10-19,0,0
M122,2025-10-20,0,0
M122,2025-10-21,0,0
M122,2025-10-22,0,0
M122,2025-10-23,0,0
M122,2025-10-24,0,0
M122,2025-10-25,0,0
M122,2025-10-26,0,0
M122,2025-10-27,0,0
M122,2025-10-28,0,0
M122,2025-10-29,0,0
M122,2025-10-30,0,0
M122,2025-10-31,0,0
M122,2025-11-01,0,0
M122,2025-11-02,0,0
M122,2025-11-03,0,0
M122,2025-11-04,0,0
M122,2025-11-05,0,0
M122,2025-11-06,0,0
M122,2025-11-07,0,0
M122,2025-11-08,0,0
M122,2025-11-09,0,0
M122,2025-11-10,0,0
M122,2025-11-11,0,0
M122,2025-11-12,0,0
M122,2025-11-13,0,0
M122,2025-11-14,0,0
M122,2025-11-15,0,0
M122,2025-11-16,0,0
M122,2025-11-17,0,0
M122,2025-11-18,3,191793
M122,2025-11-19,4,585688
M122,2025-11-20,4,428192
M122,2025-11-21,4,318372
M122,2025-11-22,5,491185
M122,2025-11-23,7,770847
M122,2025-11-24,0,0
M122,2025-11-25,3,514647
M122,2025-11-26,0,0
M122,2025-11-27,5,249465
M122,2025-11-28,0,0
M122,2025-11-29,0,0
M122,2025-11-30,3,499098
M122,2025-12-01,7,919352
M122,2025-12-02,3,227406
M122,2025-12-03,5,884930
M122,2025-12-04,1,37885
M122,2025-12-05,0,0
M122,2025-12-06,9,534510
M122,2025-12-07,3,210873
M122,2025-12-08,2,350910
M122,2025-12-09,0,0
M122,2025-12-10,0,0
M122,2025-12-11,2,188916
M122,2025-12-12,1,164580
M122,2025-12-13,2,230660
M122,2025-12-14,5,634775
M122,2025-12-15,4,683988
M122,2025-12-16,8,1409280
M122,2025-12-17,0,0
M122,2025-12-18,5,514425
M122,2025-12-19,0,0
M122,2025-12-20,0,0
M122,2025-12-21,0,0
M122,2025-12-22,0,0
M122,2025-12-23,0,0
M122,2025-12-24,5,182695
M122,2025-12-25,0,0
M122,2025-12-26,2,81752
M122,2025-12-27,0,0
M122,2025-12-28,0,0
M122,2025-12-29,4,441736
M122,2025-12-30,0,0
M122,2025-12-31,0,0
M122,2026-01-01,2,328302
M122,2026-01-02,0,0
M122,2026-01-03,1,109458
M122,2026-01-04,0,0
M122,2026-01-05,5,336665
M122,2026-01-06,6,439140
M122,2026-01-07,6,553476
M122,2026-01-08,2,195370
M122,2026-01-09,4,711356
M122,2026-01-10,0,0
M122,2026-01-11,3,441282
M122,2026-01-12,0,0
M122,2026-01-13,0,0
M122,2026-01-14,6,419910
M122,2026-01-15,0,0
M122,2026-01-16,0,0
M122,2026-01-17,0,0
M122,2026-01-18,0,0
M122,2026-01-19,0,0
M122,2026-01-20,0,0
M122,2026-01-21,3,407985
M122,2026-01-22,0,0
M122,2026-01-23,7,916475
M122,2026-01-24,7,777203
M122,2026-01-25,4,164936
M122,2026-01-26,0,0
M122,2026-01-27,0,0
M122,2026-01-28,0,0
M122,2026-01-29,0,0
M122,2026-01-30,0,0
M122,2026-01-31,0,0
M122,2026-02-01,4,570036
M122,2026-02-02,1,44666
M122,2026-02-03,7,1250522
M122,2026-02-04,1,132363
M122,2026-02-05,6,422328
M122,2026-02-06,4,699804
M122,2026-02-07,0,0
M122,2026-02-08,9,1084959
M122,2026-02-09,7,730366
M122,2026-02-10,0,0
M122,2026-02-11,3,202839
M122,2026-02-12,0,0
M122,2026-02-13,0,0
M122,2026-02-14,5,652515
M122,2026-02-15,4,317440
M122,2026-02-16,0,0
M122,2026-02-17,0,0
M122,2026-02-18,0,0
M122,2026-02-19,0,0
M122,2026-02-20,5,827040
M122,2026-02-21,0,0
M122,2026-02-22,5,355920
M122,2026-02-23,4,547676
M122,2026-02-24,1,97020
M122,2026-02-25,4,328264
M122,2026-02-26,0,0
M122,2026-02-27,0,0
M122,2026-02-28,4,532168
M122,2026-03-01,2,234768
M122,2026-03-02,4,167704
M122,2026-03-03,4,148276
M122,2026-03-04,2,181028
M122,2026-03-05,3,321030
M122,2026-03-06,4,258996
M122,2026-03-07,0,0
M122,2026-03-08,1,37667
M122,2026-03-09,6,242574
M122,2026-03-10,9,1216431
M122,2026-03-11,6,586566
M122,2026-03-12,0,0
M122,2026-03-13,0,0
M122,2026-03-14,3,474309
M122,2026-03-15,5,484200
M122,2026-03-16,6,325182
M122,2026-03-17,0,0
M122,2026-03-18,0,0
M122,2026-03-19,0,0
M122,2026-03-20,0,0
M122,2026-03-21,4,625240
M122,2026-03-22,0,0
M122,2026-03-23,0,0
M122,2026-03-24,3,497745
M122,2026-03-25,0,0
M122,2026-03-26,0,0
M122,2026-03-27,4,626796
M122,2026-03-28,5,507855
M122,2026-03-29,2,111530
M122,2026-03-30,2,72614
M122,2026-03-31,4,481044
M122,2026-04-01,4,306308
M122,2026-04-02,4,543384
M122,2026-04-03,5,462365
M122,2026-04-04,0,0
M122,2026-04-05,3,255588
M122,2026-04-06,0,0
M122,2026-04-07,4,621816
M122,2026-04-08,4,224412
M122,2026-04-09,2,312306
M122,2026-04-10,0,0
M122,2026-04-11,1,115591
M122,2026-04-12,2,326188
M122,2026-04-13,0,0
M122,2026-04-14,6,210978
M122,2026-04-15,0,0
M122,2026-04-16,0,0
M122,2026-04-17,7,845124
M122,2026-04-18,2,230930
M122,2026-04-19,1,128732
M122,2026-04-20,2,305260
M122,2026-04-21,2,342458
M122,2026-04-22,4,340244
M122,2026-04-23,0,0
M122,2026-04-24,5,358645
M122,2026-04-25,0,0
M122,2026-04-26,0,0
M122,2026-04-27,0,0
M122,2026-04-28,6,454236
M122,2026-04-29,0,0
M122,2026-04-30,1,101315
M122,2026-05-01,7,1053129
M122,2026-05-02,0,0
M122,2026-05-03,0,0
M122,2026-05-04,0,0
M122,2026-05-05,3,531621
M122,2026-05-06,0,0
M122,2026-05-07,5,838475
M122,2026-05-08,0,0
M122,2026-05-09,4,688756
M122,2026-05-10,6,256560
M122,2026-05-11,0,0
M122,2026-05-12,6,909438
M122,2026-05-13,6,742134
M122,2026-05-14,2,79770
M122,2026-05-15,7,765702
M122,2026-05-16,7,1013733
M122,2026-05-17,6,868380
M122,2026-05-18,3,333282
M122,2026-05-19,5,538630
M122,2026-05-20,0,0
M122,2026-05-21,5,749275
M122,2026-05-22,4,205696
M122,2026-05-23,5,630585
M122,2026-05-24,0,0
M122,2026-05-25,4,363384
M122,2026-05-26,0,0
M122,2026-05-27,0,0
M122,2026-05-28,3,367335
M122,2026-05-29,3,456396
M122,2026-05-30,3,488334
M122,2026-05-31,4,446132
M122,2026-06-01,6,265872
M122,2026-06-02,3,205179
M122,2026-06-03,1,45811
M122,2026-06-04,4,223932
M122,2026-06-05,2,184584
M122,2026-06-06,8,1283744
M122,2026-06-07,0,0
M122,2026-06-08,7,909671
M122,2026-06-09,0,0
M122,2026-06-10,0,0
M122,2026-06-11,5,620285
M122,2026-06-12,0,0
M122,2026-06-13,5,425820
M122,2026-06-14,7,913465
M122,2026-06-15,0,0
M122,2026-06-16,0,0
M122,2026-06-17,5,335310
M122,2026-06-18,5,869230
M122,2026-06-19,0,0
M122,2026-06-20,6,630384
M122,2026-06-21,0,0
M122,2026-06-22,5,898280
M122,2026-06-23,0,0
M122,2026-06-24,0,0
M122,2026-06-25,5,326890
M122,2026-06-26,8,1376256
M122,2026-06-27,0,0
M122,2026-06-28,3,376563
M122,2026-06-29,0,0
M122,2026-06-30,2,351648
M122,2026-07-01,0,0
M122,2026-07-02,4,546204
M122,2026-07-03,0,0
M122,2026-07-04,1,146075
M122,2026-07-05,4,475108
M122,2026-07-06,0,0
M122,2026-07-07,1,26934
M122,2026-07-08,2,222152
M122,2026-07-09,0,0
M122,2026-07-10,0,0
M122,2026-07-11,6,552014
M122,2026-07-12,7,659725
M122,2026-07-13,6,545283
M122,2026-07-14,6,578942
M122,2026-07-15,0,0
M122,2026-07-16,0,0
M122,2026-07-17,1,40391
M122,2026-07-18,4,397181
M122,2026-07-19,1,33659
M122,2026-07-20,7,666457
M122,2026-07-21,0,0
M122,2026-07-22,1,47123
M122,2026-07-23,1,121174
M122,2026-07-24,1,60587
M122,2026-07-25,5,424109
M122,2026-07-26,2,222152
M122,2026-07-27,0,0
M122,2026-07-28,7,592406
M122,2026-07-29,6,525087
M122,2026-07-30,0,0
M122,2026-07-31,4,403913
M122,2026-08-01,1,80782
M122,2026-08-02,1,107710
M122,2026-08-03,0,0
M122,2026-08-04,0,0
M122,2026-08-05,6,515630
M122,2026-08-06,0,0
M122,2026-08-07,1,119698
M122,2026-08-08,0,0
M122,2026-08-09,9,791851
M122,2026-08-10,8,764228
M122,2026-08-11,1,101283
M122,2026-08-12,0,0
M122,2026-08-13,0,0
M122,2026-08-14,6,534039
M122,2026-08-15,0,0
M122,2026-08-16,1,64453
M122,2026-08-17,3,248604
M122,2026-08-18,6,524831
M122,2026-08-19,1,128906
M122,2026-08-20,0,0
M122,2026-08-21,0,0
M122,2026-08-22,3,267019
M122,2026-08-23,8,764228
M122,2026-08-24,0,0
M122,2026-08-25,0,0
M122,2026-08-26,0,0
M122,2026-08-27,0,0
M122,2026-08-28,9,847096
M122,2026-08-29,0,0
M122,2026-08-30,10,893134
M122,2026-08-31,0,0
M123,2026-06-11,0,0
M123,2026-06-12,0,0
M123,2026-06-13,0,0
M123,2026-06-14,0,0
M123,2026-06-15,0,0
M123,2026-06-16,0,0
M123,2026-06-17,4,632064
M123,2026-06-18,4,394668
M123,2026-06-19,5,255665
M123,2026-06-20,0,0
M123,2026-06-21,5,212850
M123,2026-06-22,0,0
M123,2026-06-23,3,409470
M123,2026-06-24,4,716316
M123,2026-06-25,9,828954
M123,2026-06-26,5,698860
M123,2026-06-27,3,326574
M123,2026-06-28,3,309765
M123,2026-06-29,6,494790
M123,2026-06-30,0,0
M123,2026-07-01,5,576810
M123,2026-07-02,0,0
M123,2026-07-03,1,171122
M123,2026-07-04,0,0
M123,2026-07-05,3,510804
M123,2026-07-06,4,248928
M123,2026-07-07,8,685465
M123,2026-07-08,3,303862
M123,2026-07-09,5,480527
M123,2026-07-10,3,233197
M123,2026-07-11,7,635992
M123,2026-07-12,7,621859
M123,2026-07-13,4,402795
M123,2026-07-14,0,0
M123,2026-07-15,1,77732
M123,2026-07-16,2,183731
M123,2026-07-17,0,0
M123,2026-07-18,0,0
M123,2026-07-19,4,388661
M123,2026-07-20,0,0
M123,2026-07-21,0,0
M123,2026-07-22,4,388661
M123,2026-07-23,4,367462
M123,2026-07-24,0,0
M123,2026-07-25,0,0
M123,2026-07-26,1,7066
M123,2026-07-27,0,0
M123,2026-07-28,0,0
M123,2026-07-29,0,0
M123,2026-07-30,2,162531
M123,2026-07-31,0,0
M123,2026-08-01,8,678391
M123,2026-08-02,0,0
M123,2026-08-03,0,0
M123,2026-08-04,3,278303
M123,2026-08-05,7,658407
M123,2026-08-06,0,0
M123,2026-08-07,3,230782
M123,2026-08-08,3,278296
M123,2026-08-09,0,0
M123,2026-08-10,1,27150
M123,2026-08-11,7,644832
M123,2026-08-12,7,644832
M123,2026-08-13,0,0
M123,2026-08-14,0,0
M123,2026-08-15,6,543016
M123,2026-08-16,0,0
M123,2026-08-17,0,0
M123,2026-08-18,0,0
M123,2026-08-19,0,0
M123,2026-08-20,6,522653
M123,2026-08-21,1,81452
M123,2026-08-22,0,0
M123,2026-08-23,5,488715
M123,2026-08-24,0,0
M123,2026-08-25,1,67877
M123,2026-08-26,7,624469
M123,2026-08-27,0,0
M123,2026-08-28,0,0
M123,2026-08-29,8,678770
M123,2026-08-30,0,0
M123,2026-08-31,3,305446
M127,2025-07-29,0,0
M127,2025-07-30,0,0
M127,2025-07-31,3,408414
M127,2025-08-01,3,389934
M127,2025-08-02,6,245220
M127,2025-08-03,2,280734
M127,2025-08-04,0,0
M127,2025-08-05,5,441925
M127,2025-08-06,0,0
M127,2025-08-07,0,0
M127,2025-08-08,3,514197
M127,2025-08-09,3,436935
M127,2025-08-10,0,0
M127,2025-08-11,6,773796
M127,2025-08-12,0,0
M127,2025-08-13,0,0
M127,2025-08-14,6,388674
M127,2025-08-15,4,247852
M127,2025-08-16,3,352179
M127,2025-08-17,0,0
M127,2025-08-18,0,0
M127,2025-08-19,8,764616
M127,2025-08-20,5,474965
M127,2025-08-21,5,848465
M127,2025-08-22,1,135295
M127,2025-08-23,0,0
M127,2025-08-24,8,880248
M127,2025-08-25,7,1099826
M127,2025-08-26,5,713540
M127,2025-08-27,3,515064
M127,2025-08-28,6,721776
M127,2025-08-29,0,0
M127,2025-08-30,1,63359
M127,2025-08-31,0,0
M127,2025-09-01,8,868000
M127,2025-09-02,6,940494
M127,2025-09-03,5,716175
M127,2025-09-04,0,0
M127,2025-09-05,0,0
M127,2025-09-06,8,376640
M127,2025-09-07,0,0
M127,2025-09-08,0,0
M127,2025-09-09,0,0
M127,2025-09-10,0,0
M127,2025-09-11,0,0
M127,2025-09-12,0,0
M127,2025-09-13,0,0
M127,2025-09-14,2,317358
M127,2025-09-15,5,501480
M127,2025-09-16,4,631928
M127,2025-09-17,7,470092
M127,2025-09-18,6,779196
M127,2025-09-19,4,381620
M127,2025-09-20,0,0
M127,2025-09-21,3,224079
M127,2025-09-22,3,160821
M127,2025-09-23,2,80456
M127,2025-09-24,3,189048
M127,2025-09-25,6,300036
M127,2025-09-26,0,0
M127,2025-09-27,4,419500
M127,2025-09-28,0,0
M127,2025-09-29,0,0
M127,2025-09-30,3,130881
M127,2025-10-01,8,758272
M127,2025-10-02,0,0
M127,2025-10-03,5,508460
M127,2025-10-04,0,0
M127,2025-10-05,0,0
M127,2025-10-06,4,294528
M127,2025-10-07,0,0
M127,2025-10-08,3,116904
M127,2025-10-09,4,302092
M127,2025-10-10,5,720045
M127,2025-10-11,6,1034790
M127,2025-10-12,0,0
M127,2025-10-13,3,225774
M127,2025-10-14,7,278369
M127,2025-10-15,0,0
M127,2025-10-16,4,245100
M127,2025-10-17,0,0
M127,2025-10-18,3,518688
M127,2025-10-19,0,0
M127,2025-10-20,5,852890
M127,2025-10-21,1,175114
M127,2025-10-22,4,301512
M127,2025-10-23,1,67082
M127,2025-10-24,0,0
M127,2025-10-25,5,719510
M127,2025-10-26,5,805345
M127,2025-10-27,8,892584
M127,2025-10-28,0,0
M127,2025-10-29,3,197202
M127,2025-10-30,6,702174
M127,2025-10-31,6,546312
M127,2025-11-01,0,0
M127,2025-11-02,0,0
M127,2025-11-03,3,233541
M127,2025-11-04,5,822045
M127,2025-11-05,0,0
M127,2025-11-06,6,396822
M127,2025-11-07,1,71819
M127,2025-11-08,2,312130
M127,2025-11-09,8,1242760
M127,2025-11-10,7,453425
M127,2025-11-11,6,435114
M127,2025-11-12,0,0
M127,2025-11-13,1,107187
M127,2025-11-14,2,203700
M127,2025-11-15,4,540872
M127,2025-11-16,0,0
M127,2025-11-17,4,412236
M127,2025-11-18,4,656920
M127,2025-11-19,7,541030
M127,2025-11-20,6,966702
M127,2025-11-21,0,0
M127,2025-11-22,0,0
M127,2025-11-23,5,765520
M127,2025-11-24,3,445314
M127,2025-11-25,8,906624
M127,2025-11-26,2,234848
M127,2025-11-27,3,493155
M127,2025-11-28,3,403158
M127,2025-11-29,2,239484
M127,2025-11-30,3,236493
M127,2025-12-01,7,590814
M127,2025-12-02,6,462864
M127,2025-12-03,0,0
M127,2025-12-04,5,739120
M127,2025-12-05,2,306992
M127,2025-12-06,4,473412
M127,2025-12-07,7,933149
M127,2025-12-08,4,579504
M127,2025-12-09,2,151120
M127,2025-12-10,0,0
M127,2025-12-11,3,322386
M127,2025-12-12,0,0
M127,2025-12-13,2,286028
M127,2025-12-14,7,913990
M127,2025-12-15,7,352065
M127,2025-12-16,4,607284
M127,2025-12-17,5,644095
M127,2025-12-18,7,525924
M127,2025-12-19,3,316629
M127,2025-12-20,0,0
M127,2025-12-21,2,279016
M127,2025-12-22,0,0
M127,2025-12-23,1,49161
M127,2025-12-24,5,786905
M127,2025-12-25,3,182949
M127,2025-12-26,2,152954
M127,2025-12-27,7,807961
M127,2025-12-28,3,468042
M127,2025-12-29,9,859446
M127,2025-12-30,0,0
M127,2025-12-31,1,84820
M127,2026-01-01,6,386892
M127,2026-01-02,0,0
M127,2026-01-03,4,165912
M127,2026-01-04,2,73076
M127,2026-01-05,0,0
M127,2026-01-06,5,426855
M127,2026-01-07,4,186048
M127,2026-01-08,1,68695
M127,2026-01-09,6,696108
M127,2026-01-10,6,883410
M127,2026-01-11,1,145128
M127,2026-01-12,1,86512
M127,2026-01-13,0,0
M127,2026-01-14,0,0
M127,2026-01-15,7,352443
M127,2026-01-16,3,530472
M127,2026-01-17,3,519183
M127,2026-01-18,0,0
M127,2026-01-19,7,1158052
M127,2026-01-20,0,0
M127,2026-01-21,0,0
M127,2026-01-22,0,0
M127,2026-01-23,1,131112
M127,2026-01-24,0,0
M127,2026-01-25,6,1005954
M127,2026-01-26,0,0
M127,2026-01-27,5,705080
M127,2026-01-28,2,158836
M127,2026-01-29,4,147628
M127,2026-01-30,0,0
M127,2026-01-31,7,646947
M127,2026-02-01,3,294768
M127,2026-02-02,7,806407
M127,2026-02-03,0,0
M127,2026-02-04,0,0
M127,2026-02-05,11,740960
M127,2026-02-06,0,0
M127,2026-02-07,4,508184
M127,2026-02-08,2,112148
M127,2026-02-09,0,0
M127,2026-02-10,4,377288
M127,2026-02-11,0,0
M127,2026-02-12,3,293181
M127,2026-02-13,3,189456
M127,2026-02-14,4,384740
M127,2026-02-15,3,396222
M127,2026-02-16,5,718185
M127,2026-02-17,4,476972
M127,2026-02-18,0,0
M127,2026-02-19,3,209733
M127,2026-02-20,0,0
M127,2026-02-21,0,0
M127,2026-02-22,0,0
M127,2026-02-23,2,230672
M127,2026-02-24,0,0
M127,2026-02-25,3,210222
M127,2026-02-26,4,360628
M127,2026-02-27,5,703215
M127,2026-02-28,0,0
M127,2026-03-01,5,799005
M127,2026-03-02,0,0
M127,2026-03-03,7,833182
M127,2026-03-04,2,233156
M127,2026-03-05,6,986268
M127,2026-03-06,0,0
M127,2026-03-07,1,75188
M127,2026-03-08,2,359234
M127,2026-03-09,0,0
M127,2026-03-10,4,696912
M127,2026-03-11,2,220954
M127,2026-03-12,0,0
M127,2026-03-13,1,88990
M127,2026-03-14,2,132834
M127,2026-03-15,3,124857
M127,2026-03-16,1,115607
M127,2026-03-17,0,0
M127,2026-03-18,0,0
M127,2026-03-19,7,772527
M127,2026-03-20,0,0
M127,2026-03-21,0,0
M127,2026-03-22,4,578136
M127,2026-03-23,0,0
M127,2026-03-24,7,361060
M127,2026-03-25,0,0
M127,2026-03-26,5,629860
M127,2026-03-27,0,0
M127,2026-03-28,0,0
M127,2026-03-29,2,208500
M127,2026-03-30,3,424173
M127,2026-03-31,3,390966
M127,2026-04-01,0,0
M127,2026-04-02,3,146367
M127,2026-04-03,0,0
M127,2026-04-04,0,0
M127,2026-04-05,2,100492
M127,2026-04-06,0,0
M127,2026-04-07,2,107936
M127,2026-04-08,5,198980
M127,2026-04-09,6,911514
M127,2026-04-10,0,0
M127,2026-04-11,0,0
M127,2026-04-12,1,152959
M127,2026-04-13,4,153132
M127,2026-04-14,0,0
M127,2026-04-15,0,0
M127,2026-04-16,0,0
M127,2026-04-17,3,343602
M127,2026-04-18,3,264117
M127,2026-04-19,3,425736
M127,2026-04-20,7,1147650
M127,2026-04-21,0,0
M127,2026-04-22,3,530643
M127,2026-04-23,2,281602
M127,2026-04-24,3,374121
M127,2026-04-25,5,571680
M127,2026-04-26,2,356490
M127,2026-04-27,5,208920
M127,2026-04-28,0,0
M127,2026-04-29,0,0
M127,2026-04-30,5,473625
M127,2026-05-01,0,0
M127,2026-05-02,8,632560
M127,2026-05-03,6,940206
M127,2026-05-04,6,540918
M127,2026-05-05,0,0
M127,2026-05-06,0,0
M127,2026-05-07,3,276621
M127,2026-05-08,0,0
M127,2026-05-09,6,980310
M127,2026-05-10,0,0
M127,2026-05-11,5,490525
M127,2026-05-12,5,524655
M127,2026-05-13,0,0
M127,2026-05-14,5,479090
M127,2026-05-15,0,0
M127,2026-05-16,0,0
M127,2026-05-17,4,387472
M127,2026-05-18,0,0
M127,2026-05-19,0,0
M127,2026-05-20,0,0
M127,2026-05-21,0,0
M127,2026-05-22,5,247140
M127,2026-05-23,5,721560
M127,2026-05-24,5,503155
M127,2026-05-25,5,555090
M127,2026-05-26,4,223948
M127,2026-05-27,0,0
M127,2026-05-28,5,847770
M127,2026-05-29,4,440096
M127,2026-05-30,0,0
M127,2026-05-31,0,0
M127,2026-06-01,4,379036
M127,2026-06-02,2,230730
M127,2026-06-03,0,0
M127,2026-06-04,5,509975
M127,2026-06-05,0,0
M127,2026-06-06,0,0
M127,2026-06-07,0,0
M127,2026-06-08,0,0
M127,2026-06-09,2,327466
M127,2026-06-10,0,0
M127,2026-06-11,0,0
M127,2026-06-12,0,0
M127,2026-06-13,2,253916
M127,2026-06-14,0,0
M127,2026-06-15,0,0
M127,2026-06-16,0,0
M127,2026-06-17,7,682164
M127,2026-06-18,6,1076634
M127,2026-06-19,0,0
M127,2026-06-20,0,0
M127,2026-06-21,3,134697
M127,2026-06-22,4,369912
M127,2026-06-23,5,424970
M127,2026-06-24,2,235632
M127,2026-06-25,2,239898
M127,2026-06-26,3,253995
M127,2026-06-27,6,489180
M127,2026-06-28,2,187300
M127,2026-06-29,0,0
M127,2026-06-30,0,0
M127,2026-07-01,4,246556
M127,2026-07-02,5,834180
M127,2026-07-03,6,559902
M127,2026-07-04,8,886256
M127,2026-07-05,6,336252
M127,2026-07-06,4,350208
M127,2026-07-07,3,309331
M127,2026-07-08,3,296158
M127,2026-07-09,0,0
M127,2026-07-10,1,19743
M127,2026-07-11,1,131626
M127,2026-07-12,2,197439
M127,2026-07-13,2,204020
M127,2026-07-14,5,467272
M127,2026-07-15,4,394878
M127,2026-07-16,4,368552
M127,2026-07-17,0,0
M127,2026-07-18,1,13162
M127,2026-07-19,4,361971
M127,2026-07-20,4,348808
M127,2026-07-21,3,302739
M127,2026-07-22,5,473853
M127,2026-07-23,3,269833
M127,2026-07-24,6,546248
M127,2026-07-25,0,0
M127,2026-07-26,0,0
M127,2026-07-27,0,0
M127,2026-07-28,2,197439
M127,2026-07-29,5,493597
M127,2026-07-30,0,0
M127,2026-07-31,6,513341
M127,2026-08-01,6,565991
M127,2026-08-02,0,0
M127,2026-08-03,7,618642
M127,2026-08-04,4,345439
M127,2026-08-05,3,259962
M127,2026-08-06,3,281329
M127,2026-08-07,0,0
M127,2026-08-08,2,181617
M127,2026-08-09,0,0
M127,2026-08-10,1,128200
M127,2026-08-11,2,160250
M127,2026-08-12,1,99711
M127,2026-08-13,2,213667
M127,2026-08-14,2,163812
M127,2026-08-15,2,202984
M127,2026-08-16,2,199423
M127,2026-08-17,1,117517
M127,2026-08-18,1,39172
M127,2026-08-19,1,85467
M127,2026-08-20,0,0
M127,2026-08-21,1,99711
M127,2026-08-22,4,352552
M127,2026-08-23,1,110395
M127,2026-08-24,0,0
M127,2026-08-25,4,327624
M127,2026-08-26,1,74783
M127,2026-08-27,2,160250
M127,2026-08-28,0,0
M127,2026-08-29,0,0
M127,2026-08-30,3,299135
M127,2026-08-31,0,0
M128,2025-12-11,4,621620
M128,2025-12-12,4,605968
M128,2025-12-13,2,297460
M128,2025-12-14,0,0
M128,2025-12-15,3,474579
M128,2025-12-16,0,0
M128,2025-12-17,6,740346
M128,2025-12-18,3,191286
M128,2025-12-19,3,426351
M128,2025-12-20,2,166218
M128,2025-12-21,3,131058
M128,2025-12-22,5,298445
M128,2025-12-23,5,352030
M128,2025-12-24,5,347070
M128,2025-12-25,3,179514
M128,2025-12-26,6,613506
M128,2025-12-27,0,0
M128,2025-12-28,0,0
M128,2025-12-29,4,604172
M128,2025-12-30,2,239454
M128,2025-12-31,9,468891
M128,2026-01-01,0,0
M128,2026-01-02,4,647676
M128,2026-01-03,4,422448
M128,2026-01-04,0,0
M128,2026-01-05,0,0
M128,2026-01-06,5,518740
M128,2026-01-07,0,0
M128,2026-01-08,2,293924
M128,2026-01-09,2,271594
M128,2026-01-10,0,0
M128,2026-01-11,2,166620
M128,2026-01-12,0,0
M128,2026-01-13,4,330928
M128,2026-01-14,3,372366
M128,2026-01-15,0,0
M128,2026-01-16,0,0
M128,2026-01-17,5,223085
M128,2026-01-18,0,0
M128,2026-01-19,3,356700
M128,2026-01-20,7,589260
M128,2026-01-21,0,0
M128,2026-01-22,4,559920
M128,2026-01-23,6,856920
M128,2026-01-24,5,858915
M128,2026-01-25,0,0
M128,2026-01-26,1,71450
M128,2026-01-27,2,265962
M128,2026-01-28,0,0
M128,2026-01-29,5,743765
M128,2026-01-30,0,0
M128,2026-01-31,0,0
M128,2026-02-01,0,0
M128,2026-02-02,6,876594
M128,2026-02-03,4,340820
M128,2026-02-04,0,0
M128,2026-02-05,1,175889
M128,2026-02-06,5,882345
M128,2026-02-07,2,209862
M128,2026-02-08,4,675472
M128,2026-02-09,3,313503
M128,2026-02-10,0,0
M128,2026-02-11,3,233097
M128,2026-02-12,3,315291
M128,2026-02-13,4,219780
M128,2026-02-14,5,606255
M128,2026-02-15,4,407024
M128,2026-02-16,0,0
M128,2026-02-17,4,535208
M128,2026-02-18,5,508605
M128,2026-02-19,2,71880
M128,2026-02-20,0,0
M128,2026-02-21,0,0
M128,2026-02-22,0,0
M128,2026-02-23,4,563020
M128,2026-02-24,6,249510
M128,2026-02-25,0,0
M128,2026-02-26,0,0
M128,2026-02-27,0,0
M128,2026-02-28,0,0
M128,2026-03-01,2,142710
M128,2026-03-02,3,162072
M128,2026-03-03,0,0
M128,2026-03-04,11,1592096
M128,2026-03-05,0,0
M128,2026-03-06,0,0
M128,2026-03-07,7,639464
M128,2026-03-08,3,189132
M128,2026-03-09,0,0
M128,2026-03-10,0,0
M128,2026-03-11,0,0
M128,2026-03-12,3,233421
M128,2026-03-13,0,0
M128,2026-03-14,3,533670
M128,2026-03-15,2,112264
M128,2026-03-16,5,591200
M128,2026-03-17,0,0
M128,2026-03-18,3,294267
M128,2026-03-19,4,635248
M128,2026-03-20,0,0
M128,2026-03-21,3,430443
M128,2026-03-22,7,268408
M128,2026-03-23,8,335160
M128,2026-03-24,4,361288
M128,2026-03-25,1,63556
M128,2026-03-26,0,0
M128,2026-03-27,0,0
M128,2026-03-28,4,719528
M128,2026-03-29,0,0
M128,2026-03-30,0,0
M128,2026-03-31,0,0
M128,2026-04-01,1,87338
M128,2026-04-02,5,629280
M128,2026-04-03,1,61732
M128,2026-04-04,0,0
M128,2026-04-05,4,717216
M128,2026-04-06,0,0
M128,2026-04-07,3,228378
M128,2026-04-08,5,202410
M128,2026-04-09,7,859089
M128,2026-04-10,3,507093
M128,2026-04-11,4,687976
M128,2026-04-12,3,495195
M128,2026-04-13,3,291444
M128,2026-04-14,1,41013
M128,2026-04-15,6,661836
M128,2026-04-16,4,295284
M128,2026-04-17,0,0
M128,2026-04-18,0,0
M128,2026-04-19,4,644872
M128,2026-04-20,3,137751
M128,2026-04-21,2,220668
M128,2026-04-22,4,614072
M128,2026-04-23,0,0
M128,2026-04-24,1,106282
M128,2026-04-25,0,0
M128,2026-04-26,0,0
M128,2026-04-27,5,700845
M128,2026-04-28,4,151260
M128,2026-04-29,0,0
M128,2026-04-30,9,641727
M128,2026-05-01,2,351946
M128,2026-05-02,5,573160
M128,2026-05-03,0,0
M128,2026-05-04,0,0
M128,2026-05-05,1,55696
M128,2026-05-06,4,230852
M128,2026-05-07,0,0
M128,2026-05-08,0,0
M128,2026-05-09,4,430996
M128,2026-05-10,9,555912
M128,2026-05-11,0,0
M128,2026-05-12,3,357918
M128,2026-05-13,2,134412
M128,2026-05-14,2,306844
M128,2026-05-15,0,0
M128,2026-05-16,6,213180
M128,2026-05-17,0,0
M128,2026-05-18,0,0
M128,2026-05-19,0,0
M128,2026-05-20,0,0
M128,2026-05-21,2,267046
M128,2026-05-22,0,0
M128,2026-05-23,2,318318
M128,2026-05-24,0,0
M128,2026-05-25,0,0
M128,2026-05-26,4,237308
M128,2026-05-27,2,295934
M128,2026-05-28,0,0
M128,2026-05-29,7,250572
M128,2026-05-30,7,381395
M128,2026-05-31,0,0
M128,2026-06-01,4,665248
M128,2026-06-02,0,0
M128,2026-06-03,1,89156
M128,2026-06-04,3,436629
M128,2026-06-05,0,0
M128,2026-06-06,2,107300
M128,2026-06-07,0,0
M128,2026-06-08,0,0
M128,2026-06-09,5,328100
M128,2026-06-10,4,641860
M128,2026-06-11,5,287725
M128,2026-06-12,0,0
M128,2026-06-13,5,743230
M128,2026-06-14,0,0
M128,2026-06-15,0,0
M128,2026-06-16,0,0
M128,2026-06-17,3,281805
M128,2026-06-18,0,0
M128,2026-06-19,0,0
M128,2026-06-20,0,0
M128,2026-06-21,0,0
M128,2026-06-22,2,215448
M128,2026-06-23,4,457236
M128,2026-06-24,4,690104
M128,2026-06-25,8,1044752
M128,2026-06-26,0,0
M128,2026-06-27,4,639436
M128,2026-06-28,1,94071
M128,2026-06-29,0,0
M128,2026-06-30,0,0
M128,2026-07-01,0,0
M128,2026-07-02,0,0
M128,2026-07-03,3,249147
M128,2026-07-04,0,0
M128,2026-07-05,3,464325
M128,2026-07-06,9,732789
M128,2026-07-07,11,1008179
M128,2026-07-08,3,246180
M128,2026-07-09,3,234457
M128,2026-07-10,0,0
M128,2026-07-11,8,703373
M128,2026-07-12,6,539253
M128,2026-07-13,0,0
M128,2026-07-14,2,175843
M128,2026-07-15,4,363409
M128,2026-07-16,1,82060
M128,2026-07-17,0,0
M128,2026-07-18,0,0
M128,2026-07-19,0,0
M128,2026-07-20,0,0
M128,2026-07-21,6,539253
M128,2026-07-22,3,234457
M128,2026-07-23,7,609590
M128,2026-07-24,12,1113675
M128,2026-07-25,0,0
M128,2026-07-26,9,773711
M128,2026-07-27,6,562698
M128,2026-07-28,8,703373
M128,2026-07-29,0,0
M128,2026-07-30,0,0
M128,2026-07-31,0,0
M128,2026-08-01,3,293072
M128,2026-08-02,6,562698
M128,2026-08-03,4,351686
M128,2026-08-04,4,358808
M128,2026-08-05,1,78487
M128,2026-08-06,0,0
M128,2026-08-07,0,0
M128,2026-08-08,5,437288
M128,2026-08-09,6,504563
M128,2026-08-10,6,526988
M128,2026-08-11,2,145762
M128,2026-08-12,6,538200
M128,2026-08-13,4,325162
M128,2026-08-14,0,0
M128,2026-08-15,11,1009126
M128,2026-08-16,0,0
M128,2026-08-17,1,89700
M128,2026-08-18,5,470925
M128,2026-08-19,0,0
M128,2026-08-20,8,740026
M128,2026-08-21,0,0
M128,2026-08-22,8,740026
M128,2026-08-23,1,22425
M128,2026-08-24,8,695176
M128,2026-08-25,10,897001
M128,2026-08-26,0,0
M128,2026-08-27,9,796088
M128,2026-08-28,0,0
M128,2026-08-29,1,11212
M128,2026-08-30,2,213037
M128,2026-08-31,0,0
M129,2026-04-22,0,0
M129,2026-04-23,0,0
M129,2026-04-24,6,656676
M129,2026-04-25,3,417957
M129,2026-04-26,4,647820
M129,2026-04-27,0,0
M129,2026-04-28,6,961650
M129,2026-04-29,4,602784
M129,2026-04-30,1,65161
M129,2026-05-01,0,0
M129,2026-05-02,4,712972
M129,2026-05-03,2,246838
M129,2026-05-04,0,0
M129,2026-05-05,0,0
M129,2026-05-06,5,363585
M129,2026-05-07,5,468860
M129,2026-05-08,0,0
M129,2026-05-09,0,0
M129,2026-05-10,0,0
M129,2026-05-11,3,114657
M129,2026-05-12,7,1254512
M129,2026-05-13,0,0
M129,2026-05-14,5,622055
M129,2026-05-15,4,398648
M129,2026-05-16,2,106532
M129,2026-05-17,4,322712
M129,2026-05-18,7,786352
M129,2026-05-19,0,0
M129,2026-05-20,0,0
M129,2026-05-21,3,286428
M129,2026-05-22,0,0
M129,2026-05-23,0,0
M129,2026-05-24,3,179061
M129,2026-05-25,3,528765
M129,2026-05-26,0,0
M129,2026-05-27,0,0
M129,2026-05-28,1,39247
M129,2026-05-29,4,340684
M129,2026-05-30,5,584615
M129,2026-05-31,4,469068
M129,2026-06-01,4,170244
M129,2026-06-02,4,424064
M129,2026-06-03,10,1174730
M129,2026-06-04,3,403239
M129,2026-06-05,1,137729
M129,2026-06-06,5,284665
M129,2026-06-07,0,0
M129,2026-06-08,5,852265
M129,2026-06-09,0,0
M129,2026-06-10,2,98072
M129,2026-06-11,5,766830
M129,2026-06-12,4,372892
M129,2026-06-13,5,499600
M129,2026-06-14,0,0
M129,2026-06-15,4,698532
M129,2026-06-16,8,1116560
M129,2026-06-17,3,478947
M129,2026-06-18,6,684138
M129,2026-06-19,1,114239
M129,2026-06-20,3,482517
M129,2026-06-21,0,0
M129,2026-06-22,7,654668
M129,2026-06-23,0,0
M129,2026-06-24,3,126294
M129,2026-06-25,0,0
M129,2026-06-26,0,0
M129,2026-06-27,3,189717
M129,2026-06-28,5,869690
M129,2026-06-29,0,0
M129,2026-06-30,8,589872
M129,2026-07-01,3,161376
M129,2026-07-02,7,280175
M129,2026-07-03,0,0
M129,2026-07-04,0,0
M129,2026-07-05,4,518596
M129,2026-07-06,0,0
M129,2026-07-07,6,499327
M129,2026-07-08,0,0
M129,2026-07-09,6,521346
M129,2026-07-10,3,293716
M129,2026-07-11,1,36714
M129,2026-07-12,0,0
M129,2026-07-13,6,499317
M129,2026-07-14,0,0
M129,2026-07-15,0,0
M129,2026-07-16,2,190915
M129,2026-07-17,0,0
M129,2026-07-18,3,249658
M129,2026-07-19,1,110143
M129,2026-07-20,1,22028
M129,2026-07-21,0,0
M129,2026-07-22,0,0
M129,2026-07-23,5,411202
M129,2026-07-24,3,264344
M129,2026-07-25,0,0
M129,2026-07-26,7,653518
M129,2026-07-27,1,22028
M129,2026-07-28,4,381831
M129,2026-07-29,0,0
M129,2026-07-30,0,0
M129,2026-07-31,5,477288
M129,2026-08-01,3,234972
M129,2026-08-02,0,0
M129,2026-08-03,4,396516
M129,2026-08-04,1,31327
M129,2026-08-05,8,741223
M129,2026-08-06,11,991777
M129,2026-08-07,1,41759
M129,2026-08-08,1,93957
M129,2026-08-09,1,41759
M129,2026-08-10,0,0
M129,2026-08-11,9,793422
M129,2026-08-12,1,41759
M129,2026-08-13,1,83518
M129,2026-08-14,9,845621
M129,2026-08-15,3,250554
M129,2026-08-16,0,0
M129,2026-08-17,1,31319
M129,2026-08-18,0,0
M129,2026-08-19,11,960458
M129,2026-08-20,1,62638
M129,2026-08-21,0,0
M129,2026-08-22,4,323632
M129,2026-08-23,0,0
M129,2026-08-24,0,0
M129,2026-08-25,0,0
M129,2026-08-26,11,1002217
M129,2026-08-27,8,751663
M129,2026-08-28,5,448909
M129,2026-08-29,2,198355
M129,2026-08-30,5,490669
M129,2026-08-31,8,699464
M132,2026-04-18,0,0
M132,2026-04-19,0,0
M132,2026-04-20,0,0
M132,2026-04-21,9,834147
M132,2026-04-22,0,0
M132,2026-04-23,15,3179190
M132,2026-04-24,7,876750
M132,2026-04-25,4,339484
M132,2026-04-26,3,723384
M132,2026-04-27,4,451056
M132,2026-04-28,12,1287792
M132,2026-04-29,0,0
M132,2026-04-30,7,1027873
M132,2026-05-01,5,658840
M132,2026-05-02,9,1072044
M132,2026-05-03,0,0
M132,2026-05-04,10,1755920
M132,2026-05-05,5,474630
M132,2026-05-06,7,1058939
M132,2026-05-07,9,1428453
M132,2026-05-08,5,354585
M132,2026-05-09,4,533584
M132,2026-05-10,9,999603
M132,2026-05-11,13,2559284
M132,2026-05-12,7,1444233
M132,2026-05-13,13,2544711
M132,2026-05-14,4,669936
M132,2026-05-15,0,0
M132,2026-05-16,8,1677160
M132,2026-05-17,9,678816
M132,2026-05-18,4,486796
M132,2026-05-19,4,954296
M132,2026-05-20,9,1185282
M132,2026-05-21,7,847511
M132,2026-05-22,9,1730385
M132,2026-05-23,17,2241960
M132,2026-05-24,11,1884476
M132,2026-05-25,8,1438752
M132,2026-05-26,0,0
M132,2026-05-27,11,2556224
M132,2026-05-28,0,0
M132,2026-05-29,0,0
M132,2026-05-30,7,1522794
M132,2026-05-31,5,441670
M132,2026-06-01,0,0
M132,2026-06-02,8,1255224
M132,2026-06-03,0,0
M132,2026-06-04,7,1562043
M132,2026-06-05,4,352316
M132,2026-06-06,12,1957524
M132,2026-06-07,10,1770400
M132,2026-06-08,7,794262
M132,2026-06-09,5,862035
M132,2026-06-10,7,1439039
M132,2026-06-11,4,663148
M132,2026-06-12,5,621230
M132,2026-06-13,7,1054823
M132,2026-06-14,5,1218065
M132,2026-06-15,0,0
M132,2026-06-16,7,1291857
M132,2026-06-17,0,0
M132,2026-06-18,11,951093
M132,2026-06-19,0,0
M132,2026-06-20,0,0
M132,2026-06-21,0,0
M132,2026-06-22,5,1157135
M132,2026-06-23,9,1859472
M132,2026-06-24,8,1401952
M132,2026-06-25,0,0
M132,2026-06-26,4,520560
M132,2026-06-27,0,0
M132,2026-06-28,6,1116834
M132,2026-06-29,9,2012364
M132,2026-06-30,7,1514961
M132,2026-07-01,6,1210416
M132,2026-07-02,7,820071
M132,2026-07-03,7,1479457
M132,2026-07-04,9,941076
M132,2026-07-05,0,0
M132,2026-07-06,11,863841
M132,2026-07-07,14,2167052
M132,2026-07-08,0,0
M132,2026-07-09,0,0
M132,2026-07-10,0,0
M132,2026-07-11,9,1288512
M132,2026-07-12,18,2635594
M132,2026-07-13,0,0
M132,2026-07-14,0,0
M132,2026-07-15,0,0
M132,2026-07-16,4,527118
M132,2026-07-17,0,0
M132,2026-07-18,14,2079191
M132,2026-07-19,3,468550
M132,2026-07-20,0,0
M132,2026-07-21,4,556403
M132,2026-07-22,4,673540
M132,2026-07-23,19,2811300
M132,2026-07-24,14,2049906
M132,2026-07-25,6,849247
M132,2026-07-26,12,1727778
M132,2026-07-27,9,1376365
M132,2026-07-28,0,0
M132,2026-07-29,9,1317797
M132,2026-07-30,20,2928438
M132,2026-07-31,0,0
M132,2026-08-01,3,439265
M132,2026-08-02,0,0
M132,2026-08-03,13,1991337
M132,2026-08-04,4,650481
M132,2026-08-05,3,424219
M132,2026-08-06,0,0
M132,2026-08-07,1,141406
M132,2026-08-08,13,2007973
M132,2026-08-09,14,2121098
M132,2026-08-10,0,0
M132,2026-08-11,15,2205942
M132,2026-08-12,0,0
M132,2026-08-13,0,0
M132,2026-08-14,13,1923129
M132,2026-08-15,11,1612034
M132,2026-08-16,3,509063
M132,2026-08-17,10,1555472
M132,2026-08-18,6,905002
M132,2026-08-19,1,141406
M132,2026-08-20,4,565626
M132,2026-08-21,2,282813
M132,2026-08-22,0,0
M132,2026-08-23,18,2658443
M132,2026-08-24,12,1866566
M132,2026-08-25,11,1668597
M132,2026-08-26,0,0
M132,2026-08-27,12,1781722
M132,2026-08-28,6,876720
M132,2026-08-29,8,1244377
M132,2026-08-30,16,2403911
M132,2026-08-31,0,0
M134,2026-04-12,0,0
M134,2026-04-13,0,0
M134,2026-04-14,0,0
M134,2026-04-15,0,0
M134,2026-04-16,5,794865
M134,2026-04-17,7,1101821
M134,2026-04-18,5,398685
M134,2026-04-19,2,198810
M134,2026-04-20,0,0
M134,2026-04-21,3,114615
M134,2026-04-22,7,683900
M134,2026-04-23,4,322916
M134,2026-04-24,2,351740
M134,2026-04-25,4,675396
M134,2026-04-26,3,498903
M134,2026-04-27,6,1035312
M134,2026-04-28,2,183214
M134,2026-04-29,2,358038
M134,2026-04-30,4,401284
M134,2026-05-01,0,0
M134,2026-05-02,6,641844
M134,2026-05-03,0,0
M134,2026-05-04,1,157596
M134,2026-05-05,4,680564
M134,2026-05-06,0,0
M134,2026-05-07,0,0
M134,2026-05-08,0,0
M134,2026-05-09,4,375380
M134,2026-05-10,5,488190
M134,2026-05-11,5,210200
M134,2026-05-12,1,101385
M134,2026-05-13,5,405710
M134,2026-05-14,5,773520
M134,2026-05-15,2,241738
M134,2026-05-16,3,187263
M134,2026-05-17,3,351384
M134,2026-05-18,0,0
M134,2026-05-19,1,104014
M134,2026-05-20,0,0
M134,2026-05-21,7,629230
M134,2026-05-22,2,247182
M134,2026-05-23,4,718388
M134,2026-05-24,5,546080
M134,2026-05-25,0,0
M134,2026-05-26,6,639258
M134,2026-05-27,0,0
M134,2026-05-28,5,201990
M134,2026-05-29,0,0
M134,2026-05-30,0,0
M134,2026-05-31,0,0
M134,2026-06-01,0,0
M134,2026-06-02,4,648024
M134,2026-06-03,3,108651
M134,2026-06-04,2,188946
M134,2026-06-05,0,0
M134,2026-06-06,4,338760
M134,2026-06-07,0,0
M134,2026-06-08,6,253134
M134,2026-06-09,1,117716
M134,2026-06-10,0,0
M134,2026-06-11,5,389955
M134,2026-06-12,1,108772
M134,2026-06-13,0,0
M134,2026-06-14,3,328665
M134,2026-06-15,2,98258
M134,2026-06-16,0,0
M134,2026-06-17,7,1024289
M134,2026-06-18,0,0
M134,2026-06-19,0,0
M134,2026-06-20,3,392400
M134,2026-06-21,0,0
M134,2026-06-22,4,322380
M134,2026-06-23,0,0
M134,2026-06-24,0,0
M134,2026-06-25,3,267300
M134,2026-06-26,0,0
M134,2026-06-27,6,387234
M134,2026-06-28,7,698026
M134,2026-06-29,0,0
M134,2026-06-30,6,241554
M134,2026-07-01,6,307686
M134,2026-07-02,5,624890
M134,2026-07-03,8,972376
M134,2026-07-04,4,197332
M134,2026-07-05,7,935424
M134,2026-07-06,0,0
M134,2026-07-07,0,0
M134,2026-07-08,0,0
M134,2026-07-09,3,302329
M134,2026-07-10,0,0
M134,2026-07-11,1,107971
M134,2026-07-12,0,0
M134,2026-07-13,7,655025
M134,2026-07-14,6,554252
M134,2026-07-15,7,619035
M134,2026-07-16,8,683818
M134,2026-07-17,4,331112
M134,2026-07-18,0,0
M134,2026-07-19,4,352706
M134,2026-07-20,0,0
M134,2026-07-21,1,93575
M134,2026-07-22,7,626233
M134,2026-07-23,2,143961
M134,2026-07-24,2,165556
M134,2026-07-25,4,388696
M134,2026-07-26,3,237536
M134,2026-07-27,2,143961
M134,2026-07-28,1,115169
M134,2026-07-29,2,172754
M134,2026-07-30,0,0
M134,2026-07-31,1,100773
M134,2026-08-01,0,0
M134,2026-08-02,5,475073
M134,2026-08-03,4,374300
M134,2026-08-04,0,0
M134,2026-08-05,7,607565
M134,2026-08-06,0,0
M134,2026-08-07,2,156229
M134,2026-08-08,9,824543
M134,2026-08-09,0,0
M134,2026-08-10,3,243023
M134,2026-08-11,0,0
M134,2026-08-12,0,0
M134,2026-08-13,4,373214
M134,2026-08-14,8,746429
M134,2026-08-15,0,0
M134,2026-08-16,0,0
M134,2026-08-17,0,0
M134,2026-08-18,5,468688
M134,2026-08-19,3,225664
M134,2026-08-20,2,199626
M134,2026-08-21,7,607558
M134,2026-08-22,7,668314
M134,2026-08-23,3,225664
M134,2026-08-24,4,329817
M134,2026-08-25,0,0
M134,2026-08-26,0,0
M134,2026-08-27,9,833223
M134,2026-08-28,0,0
M134,2026-08-29,0,0
M134,2026-08-30,0,0
M134,2026-08-31,6,529443
M136,2026-01-28,0,0
M136,2026-01-29,0,0
M136,2026-01-30,0,0
M136,2026-01-31,0,0
M136,2026-02-01,0,0
M136,2026-02-02,1,128998
M136,2026-02-03,6,886374
M136,2026-02-04,5,863455
M136,2026-02-05,2,228942
M136,2026-02-06,0,0
M136,2026-02-07,0,0
M136,2026-02-08,4,414272
M136,2026-02-09,1,76738
M136,2026-02-10,0,0
M136,2026-02-11,6,344292
M136,2026-02-12,0,0
M136,2026-02-13,0,0
M136,2026-02-14,0,0
M136,2026-02-15,5,252265
M136,2026-02-16,0,0
M136,2026-02-17,0,0
M136,2026-02-18,2,217416
M136,2026-02-19,0,0
M136,2026-02-20,4,528160
M136,2026-02-21,0,0
M136,2026-02-22,0,0
M136,2026-02-23,3,288363
M136,2026-02-24,0,0
M136,2026-02-25,1,136792
M136,2026-02-26,5,812585
M136,2026-02-27,0,0
M136,2026-02-28,5,697715
M136,2026-03-01,6,336456
M136,2026-03-02,4,260112
M136,2026-03-03,4,448956
M136,2026-03-04,3,458202
M136,2026-03-05,1,144068
M136,2026-03-06,0,0
M136,2026-03-07,4,569692
M136,2026-03-08,1,118808
M136,2026-03-09,0,0
M136,2026-03-10,6,369498
M136,2026-03-11,6,806406
M136,2026-03-12,0,0
M136,2026-03-13,0,0
M136,2026-03-14,10,1552500
M136,2026-03-15,5,670840
M136,2026-03-16,6,267558
M136,2026-03-17,0,0
M136,2026-03-18,1,78630
M136,2026-03-19,4,523520
M136,2026-03-20,1,39570
M136,2026-03-21,0,0
M136,2026-03-22,0,0
M136,2026-03-23,4,144596
M136,2026-03-24,2,107440
M136,2026-03-25,0,0
M136,2026-03-26,4,308844
M136,2026-03-27,0,0
M136,2026-03-28,1,67649
M136,2026-03-29,1,162997
M136,2026-03-30,0,0
M136,2026-03-31,5,225485
M136,2026-04-01,5,880995
M136,2026-04-02,6,1071480
M136,2026-04-03,4,291800
M136,2026-04-04,3,371043
M136,2026-04-05,0,0
M136,2026-04-06,2,162314
M136,2026-04-07,0,0
M136,2026-04-08,4,386860
M136,2026-04-09,2,356684
M136,2026-04-10,0,0
M136,2026-04-11,0,0
M136,2026-04-12,4,605808
M136,2026-04-13,0,0
M136,2026-04-14,7,983927
M136,2026-04-15,7,643671
M136,2026-04-16,0,0
M136,2026-04-17,5,285990
M136,2026-04-18,0,0
M136,2026-04-19,0,0
M136,2026-04-20,0,0
M136,2026-04-21,5,539560
M136,2026-04-22,3,183621
M136,2026-04-23,4,166064
M136,2026-04-24,0,0
M136,2026-04-25,3,126534
M136,2026-04-26,4,210224
M136,2026-04-27,0,0
M136,2026-04-28,4,487508
M136,2026-04-29,4,415176
M136,2026-04-30,1,146839
M136,2026-05-01,0,0
M136,2026-05-02,2,108978
M136,2026-05-03,2,142014
M136,2026-05-04,0,0
M136,2026-05-05,2,304574
M136,2026-05-06,6,691368
M136,2026-05-07,5,849160
M136,2026-05-08,2,344456
M136,2026-05-09,0,0
M136,2026-05-10,0,0
M136,2026-05-11,0,0
M136,2026-05-12,8,1348824
M136,2026-05-13,5,422755
M136,2026-05-14,8,1208280
M136,2026-05-15,0,0
M136,2026-05-16,7,347193
M136,2026-05-17,1,109271
M136,2026-05-18,0,0
M136,2026-05-19,4,253912
M136,2026-05-20,0,0
M136,2026-05-21,2,71680
M136,2026-05-22,4,359284
M136,2026-05-23,3,443397
M136,2026-05-24,0,0
M136,2026-05-25,0,0
M136,2026-05-26,0,0
M136,2026-05-27,5,719775
M136,2026-05-28,5,419915
M136,2026-05-29,2,93442
M136,2026-05-30,5,552385
M136,2026-05-31,0,0
M136,2026-06-01,4,210932
M136,2026-06-02,3,497886
M136,2026-06-03,3,302625
M136,2026-06-04,4,544948
M136,2026-06-05,0,0
M136,2026-06-06,4,368772
M136,2026-06-07,0,0
M136,2026-06-08,0,0
M136,2026-06-09,5,806070
M136,2026-06-10,0,0
M136,2026-06-11,0,0
M136,2026-06-12,3,210177
M136,2026-06-13,0,0
M136,2026-06-14,7,705600
M136,2026-06-15,0,0
M136,2026-06-16,0,0
M136,2026-06-17,0,0
M136,2026-06-18,4,426532
M136,2026-06-19,6,536280
M136,2026-06-20,0,0
M136,2026-06-21,9,353961
M136,2026-06-22,1,168713
M136,2026-06-23,3,460293
M136,2026-06-24,4,399120
M136,2026-06-25,6,1078530
M136,2026-06-26,0,0
M136,2026-06-27,0,0
M136,2026-06-28,0,0
M136,2026-06-29,0,0
M136,2026-06-30,3,138273
M136,2026-07-01,0,0
M136,2026-07-02,0,0
M136,2026-07-03,0,0
M136,2026-07-04,0,0
M136,2026-07-05,4,351532
M136,2026-07-06,0,0
M136,2026-07-07,3,230237
M136,2026-07-08,3,275267
M136,2026-07-09,0,0
M136,2026-07-10,5,475462
M136,2026-07-11,3,290282
M136,2026-07-12,0,0
M136,2026-07-13,6,495482
M136,2026-07-14,5,475462
M136,2026-07-15,5,470457
M136,2026-07-16,5,435423
M136,2026-07-17,0,0
M136,2026-07-18,3,255248
M136,2026-07-19,4,315306
M136,2026-07-20,2,200194
M136,2026-07-21,5,485472
M136,2026-07-22,0,0
M136,2026-07-23,0,0
M136,2026-07-24,1,105102
M136,2026-07-25,4,390380
M136,2026-07-26,6,495482
M136,2026-07-27,0,0
M136,2026-07-28,4,325316
M136,2026-07-29,3,290282
M136,2026-07-30,3,295287
M136,2026-07-31,1,55053
M136,2026-08-01,1,100097
M136,2026-08-02,4,375365
M136,2026-08-03,5,430418
M136,2026-08-04,10,884917
M136,2026-08-05,0,0
M136,2026-08-06,3,274627
M136,2026-08-07,1,81371
M136,2026-08-08,6,508569
M136,2026-08-09,0,0
M136,2026-08-10,0,0
M136,2026-08-11,0,0
M136,2026-08-12,0,0
M136,2026-08-13,4,345827
M136,2026-08-14,0,0
M136,2026-08-15,7,630625
M136,2026-08-16,0,0
M136,2026-08-17,0,0
M136,2026-08-18,8,732339
M136,2026-08-19,3,274627
M136,2026-08-20,6,579769
M136,2026-08-21,6,549254
M136,2026-08-22,0,0
M136,2026-08-23,1,111885
M136,2026-08-24,0,0
M136,2026-08-25,0,0
M136,2026-08-26,9,773025
M136,2026-08-27,2,183084
M136,2026-08-28,0,0
M136,2026-08-29,8,752682
M136,2026-08-30,0,0
M136,2026-08-31,2,142399
M143,2026-06-11,0,0
M143,2026-06-12,0,0
M143,2026-06-13,0,0
M143,2026-06-14,0,0
M143,2026-06-15,0,0
M143,2026-06-16,0,0
M143,2026-06-17,5,539500
M143,2026-06-18,0,0
M143,2026-06-19,0,0
M143,2026-06-20,7,827925
M143,2026-06-21,3,237855
M143,2026-06-22,0,0
M143,2026-06-23,0,0
M143,2026-06-24,0,0
M143,2026-06-25,0,0
M143,2026-06-26,0,0
M143,2026-06-27,4,637956
M143,2026-06-28,0,0
M143,2026-06-29,1,63492
M143,2026-06-30,0,0
M143,2026-07-01,5,831350
M143,2026-07-02,0,0
M143,2026-07-03,0,0
M143,2026-07-04,0,0
M143,2026-07-05,6,329418
M143,2026-07-06,3,276351
M143,2026-07-07,10,937765
M143,2026-07-08,0,0
M143,2026-07-09,1,25691
M143,2026-07-10,5,475301
M143,2026-07-11,0,0
M143,2026-07-12,5,411071
M143,2026-07-13,12,1117601
M143,2026-07-14,14,1258907
M143,2026-07-15,0,0
M143,2026-07-16,4,346841
M143,2026-07-17,0,0
M143,2026-07-18,0,0
M143,2026-07-19,1,25691
M143,2026-07-20,0,0
M143,2026-07-21,0,0
M143,2026-07-22,0,0
M143,2026-07-23,14,1271753
M143,2026-07-24,0,0
M143,2026-07-25,10,912065
M143,2026-07-26,0,0
M143,2026-07-27,5,475301
M143,2026-07-28,0,0
M143,2026-07-29,5,462455
M143,2026-07-30,0,0
M143,2026-07-31,10,873527
M143,2026-08-01,5,436763
M143,2026-08-02,0,0
M143,2026-08-03,0,0
M143,2026-08-04,0,0
M143,2026-08-05,0,0
M143,2026-08-06,0,0
M143,2026-08-07,0,0
M143,2026-08-08,0,0
M143,2026-08-09,0,0
M143,2026-08-10,0,0
M143,2026-08-11,0,0
M143,2026-08-12,0,0
M143,2026-08-13,0,0
M143,2026-08-14,0,0
M143,2026-08-15,0,0
M143,2026-08-16,0,0
M143,2026-08-17,0,0
M143,2026-08-18,0,0
M143,2026-08-19,0,0
M143,2026-08-20,0,0
M143,2026-08-21,0,0
M143,2026-08-22,0,0
M143,2026-08-23,0,0
M143,2026-08-24,0,0
M143,2026-08-25,0,0
M143,2026-08-26,0,0
M143,2026-08-27,0,0
M143,2026-08-28,0,0
M143,2026-08-29,0,0
M143,2026-08-30,0,0
M143,2026-08-31,0,0
M145,2026-05-02,0,0
M145,2026-05-03,0,0
M145,2026-05-04,0,0
M145,2026-05-05,0,0
M145,2026-05-06,0,0
M145,2026-05-07,6,778968
M145,2026-05-08,10,1348670
M145,2026-05-09,9,2302407
M145,2026-05-10,5,612895
M145,2026-05-11,6,675510
M145,2026-05-12,0,0
M145,2026-05-13,10,2518960
M145,2026-05-14,5,736820
M145,2026-05-15,10,1682970
M145,2026-05-16,0,0
M145,2026-05-17,8,1466672
M145,2026-05-18,9,1956312
M145,2026-05-19,0,0
M145,2026-05-20,0,0
M145,2026-05-21,0,0
M145,2026-05-22,13,1313637
M145,2026-05-23,0,0
M145,2026-05-24,5,1284995
M145,2026-05-25,7,1624371
M145,2026-05-26,0,0
M145,2026-05-27,8,690376
M145,2026-05-28,7,874650
M145,2026-05-29,9,2115090
M145,2026-05-30,9,1769103
M145,2026-05-31,8,1716792
M145,2026-06-01,7,1338001
M145,2026-06-02,6,1292406
M145,2026-06-03,11,2339733
M145,2026-06-04,0,0
M145,2026-06-05,12,2314164
M145,2026-06-06,8,653240
M145,2026-06-07,7,533246
M145,2026-06-08,13,1446874
M145,2026-06-09,0,0
M145,2026-06-10,0,0
M145,2026-06-11,0,0
M145,2026-06-12,0,0
M145,2026-06-13,0,0
M145,2026-06-14,8,2001896
M145,2026-06-15,9,686889
M145,2026-06-16,8,778616
M145,2026-06-17,8,1273408
M145,2026-06-18,0,0
M145,2026-06-19,0,0
M145,2026-06-20,13,1900548
M145,2026-06-21,10,807350
M145,2026-06-22,0,0
M145,2026-06-23,11,1956218
M145,2026-06-24,0,0
M145,2026-06-25,0,0
M145,2026-06-26,0,0
M145,2026-06-27,13,2640937
M145,2026-06-28,10,2311610
M145,2026-06-29,0,0
M145,2026-06-30,5,921820
M145,2026-07-01,10,1948810
M145,2026-07-02,9,924066
M145,2026-07-03,0,0
M145,2026-07-04,11,1366948
M145,2026-07-05,9,938358
M145,2026-07-06,7,709821
M145,2026-07-07,7,983897
M145,2026-07-08,0,0
M145,2026-07-09,2,287966
M145,2026-07-10,7,1031878
M145,2026-07-11,15,2207741
M145,2026-07-12,0,0
M145,2026-07-13,4,599929
M145,2026-07-14,15,2255735
M145,2026-07-15,0,0
M145,2026-07-16,16,2327726
M145,2026-07-17,4,551935
M145,2026-07-18,0,0
M145,2026-07-19,8,1151864
M145,2026-07-20,10,1487825
M145,2026-07-21,10,1511822
M145,2026-07-22,12,1871780
M145,2026-07-23,4,575932
M145,2026-07-24,3,503940
M145,2026-07-25,1,23997
M145,2026-07-26,13,1895777
M145,2026-07-27,0,0
M145,2026-07-28,15,2183743
M145,2026-07-29,3,455946
M145,2026-07-30,1,95988
M145,2026-07-31,2,359957
M145,2026-08-01,0,0
M145,2026-08-02,12,1775791
M145,2026-08-03,6,887895
M145,2026-08-04,0,0
M145,2026-08-05,1,55903
M145,2026-08-06,11,1658224
M145,2026-08-07,0,0
M145,2026-08-08,9,1341485
M145,2026-08-09,1,186317
M145,2026-08-10,0,0
M145,2026-08-11,2,279476
M145,2026-08-12,11,1583697
M145,2026-08-13,0,0
M145,2026-08-14,0,0
M145,2026-08-15,0,0
M145,2026-08-16,10,1565066
M145,2026-08-17,0,0
M145,2026-08-18,6,950218
M145,2026-08-19,3,521688
M145,2026-08-20,0,0
M145,2026-08-21,0,0
M145,2026-08-22,0,0
M145,2026-08-23,12,1825910
M145,2026-08-24,3,521688
M145,2026-08-25,0,0
M145,2026-08-26,0,0
M145,2026-08-27,8,1136536
M145,2026-08-28,3,447161
M145,2026-08-29,0,0
M145,2026-08-30,0,0
M145,2026-08-31,1,18631
M147,2025-02-23,0,0
M147,2025-02-24,0,0
M147,2025-02-25,0,0
M147,2025-02-26,0,0
M147,2025-02-27,0,0
M147,2025-02-28,0,0
M147,2025-03-01,0,0
M147,2025-03-02,2,185272
M147,2025-03-03,6,921390
M147,2025-03-04,5,641150
M147,2025-03-05,0,0
M147,2025-03-06,0,0
M147,2025-03-07,6,482934
M147,2025-03-08,5,696350
M147,2025-03-09,3,181800
M147,2025-03-10,0,0
M147,2025-03-11,1,95845
M147,2025-03-12,0,0
M147,2025-03-13,1,53074
M147,2025-03-14,0,0
M147,2025-03-15,3,453051
M147,2025-03-16,0,0
M147,2025-03-17,0,0
M147,2025-03-18,3,524430
M147,2025-03-19,0,0
M147,2025-03-20,0,0
M147,2025-03-21,4,539480
M147,2025-03-22,1,134586
M147,2025-03-23,3,518061
M147,2025-03-24,3,175965
M147,2025-03-25,2,235802
M147,2025-03-26,4,220840
M147,2025-03-27,6,519396
M147,2025-03-28,9,1069056
M147,2025-03-29,0,0
M147,2025-03-30,5,327830
M147,2025-03-31,5,755370
M147,2025-04-01,5,719110
M147,2025-04-02,4,718204
M147,2025-04-03,3,280875
M147,2025-04-04,0,0
M147,2025-04-05,1,165170
M147,2025-04-06,0,0
M147,2025-04-07,0,0
M147,2025-04-08,4,563088
M147,2025-04-09,0,0
M147,2025-04-10,2,70024
M147,2025-04-11,0,0
M147,2025-04-12,3,188751
M147,2025-04-13,2,79476
M147,2025-04-14,4,603744
M147,2025-04-15,2,170756
M147,2025-04-16,2,270390
M147,2025-04-17,4,285936
M147,2025-04-18,0,0
M147,2025-04-19,0,0
M147,2025-04-20,0,0
M147,2025-04-21,4,456436
M147,2025-04-22,4,302680
M147,2025-04-23,0,0
M147,2025-04-24,0,0
M147,2025-04-25,2,224306
M147,2025-04-26,9,836928
M147,2025-04-27,0,0
M147,2025-04-28,0,0
M147,2025-04-29,4,254784
M147,2025-04-30,3,503316
M147,2025-05-01,9,1460772
M147,2025-05-02,0,0
M147,2025-05-03,0,0
M147,2025-05-04,4,373780
M147,2025-05-05,5,404625
M147,2025-05-06,0,0
M147,2025-05-07,3,278025
M147,2025-05-08,0,0
M147,2025-05-09,6,899148
M147,2025-05-10,0,0
M147,2025-05-11,3,147108
M147,2025-05-12,5,798310
M147,2025-05-13,1,50385
M147,2025-05-14,2,356486
M147,2025-05-15,5,747835
M147,2025-05-16,5,352585
M147,2025-05-17,2,275146
M147,2025-05-18,1,65413
M147,2025-05-19,3,141282
M147,2025-05-20,0,0
M147,2025-05-21,3,136656
M147,2025-05-22,0,0
M147,2025-05-23,5,604270
M147,2025-05-24,5,205920
M147,2025-05-25,4,401844
M147,2025-05-26,0,0
M147,2025-05-27,4,300496
M147,2025-05-28,0,0
M147,2025-05-29,0,0
M147,2025-05-30,3,184269
M147,2025-05-31,0,0
M147,2025-06-01,4,244052
M147,2025-06-02,3,359121
M147,2025-06-03,1,50108
M147,2025-06-04,2,163386
M147,2025-06-05,0,0
M147,2025-06-06,5,225850
M147,2025-06-07,1,86970
M147,2025-06-08,1,68977
M147,2025-06-09,0,0
M147,2025-06-10,5,548190
M147,2025-06-11,8,1209008
M147,2025-06-12,6,852072
M147,2025-06-13,3,238632
M147,2025-06-14,0,0
M147,2025-06-15,5,229205
M147,2025-06-16,2,106944
M147,2025-06-17,0,0
M147,2025-06-18,0,0
M147,2025-06-19,0,0
M147,2025-06-20,3,143979
M147,2025-06-21,4,355716
M147,2025-06-22,2,86520
M147,2025-06-23,0,0
M147,2025-06-24,3,412623
M147,2025-06-25,0,0
M147,2025-06-26,6,723720
M147,2025-06-27,3,192072
M147,2025-06-28,0,0
M147,2025-06-29,0,0
M147,2025-06-30,6,731916
M147,2025-07-01,0,0
M147,2025-07-02,4,283668
M147,2025-07-03,0,0
M147,2025-07-04,5,733070
M147,2025-07-05,4,360744
M147,2025-07-06,1,131685
M147,2025-07-07,9,1221210
M147,2025-07-08,0,0
M147,2025-07-09,2,174070
M147,2025-07-10,6,716520
M147,2025-07-11,0,0
M147,2025-07-12,0,0
M147,2025-07-13,2,328526
M147,2025-07-14,0,0
M147,2025-07-15,5,424525
M147,2025-07-16,4,472652
M147,2025-07-17,0,0
M147,2025-07-18,3,325200
M147,2025-07-19,2,242008
M147,2025-07-20,0,0
M147,2025-07-21,0,0
M147,2025-07-22,0,0
M147,2025-07-23,7,624071
M147,2025-07-24,0,0
M147,2025-07-25,1,123959
M147,2025-07-26,2,164996
M147,2025-07-27,0,0
M147,2025-07-28,2,351578
M147,2025-07-29,0,0
M147,2025-07-30,0,0
M147,2025-07-31,2,108940
M147,2025-08-01,3,303963
M147,2025-08-02,4,541964
M147,2025-08-03,0,0
M147,2025-08-04,4,249156
M147,2025-08-05,4,441648
M147,2025-08-06,5,865905
M147,2025-08-07,7,321965
M147,2025-08-08,0,0
M147,2025-08-09,1,67795
M147,2025-08-10,2,188630
M147,2025-08-11,0,0
M147,2025-08-12,8,1229168
M147,2025-08-13,5,429330
M147,2025-08-14,7,935144
M147,2025-08-15,2,188940
M147,2025-08-16,0,0
M147,2025-08-17,0,0
M147,2025-08-18,2,175662
M147,2025-08-19,2,299248
M147,2025-08-20,0,0
M147,2025-08-21,5,797570
M147,2025-08-22,0,0
M147,2025-08-23,4,613276
M147,2025-08-24,4,253968
M147,2025-08-25,4,564768
M147,2025-08-26,4,471560
M147,2025-08-27,0,0
M147,2025-08-28,2,124376
M147,2025-08-29,3,303831
M147,2025-08-30,4,467684
M147,2025-08-31,3,266538
M147,2025-09-01,5,885325
M147,2025-09-02,0,0
M147,2025-09-03,0,0
M147,2025-09-04,4,477968
M147,2025-09-05,6,633702
M147,2025-09-06,2,150144
M147,2025-09-07,0,0
M147,2025-09-08,5,663250
M147,2025-09-09,0,0
M147,2025-09-10,4,399004
M147,2025-09-11,5,274680
M147,2025-09-12,6,375546
M147,2025-09-13,0,0
M147,2025-09-14,4,222932
M147,2025-09-15,0,0
M147,2025-09-16,1,138668
M147,2025-09-17,4,555436
M147,2025-09-18,1,132353
M147,2025-09-19,0,0
M147,2025-09-20,0,0
M147,2025-09-21,2,156602
M147,2025-09-22,4,365068
M147,2025-09-23,5,785090
M147,2025-09-24,0,0
M147,2025-09-25,6,426924
M147,2025-09-26,0,0
M147,2025-09-27,7,1259447
M147,2025-09-28,2,237004
M147,2025-09-29,0,0
M147,2025-09-30,0,0
M147,2025-10-01,3,521055
M147,2025-10-02,1,127147
M147,2025-10-03,0,0
M147,2025-10-04,8,809776
M147,2025-10-05,0,0
M147,2025-10-06,0,0
M147,2025-10-07,0,0
M147,2025-10-08,3,417903
M147,2025-10-09,0,0
M147,2025-10-10,1,85901
M147,2025-10-11,7,1052296
M147,2025-10-12,1,129507
M147,2025-10-13,3,473580
M147,2025-10-14,0,0
M147,2025-10-15,2,279922
M147,2025-10-16,0,0
M147,2025-10-17,1,171540
M147,2025-10-18,1,130947
M147,2025-10-19,5,449590
M147,2025-10-20,5,182110
M147,2025-10-21,0,0
M147,2025-10-22,6,461478
M147,2025-10-23,0,0
M147,2025-10-24,8,713960
M147,2025-10-25,4,602872
M147,2025-10-26,0,0
M147,2025-10-27,4,294648
M147,2025-10-28,0,0
M147,2025-10-29,2,359976
M147,2025-10-30,0,0
M147,2025-10-31,0,0
M147,2025-11-01,5,682900
M147,2025-11-02,2,265732
M147,2025-11-03,4,191656
M147,2025-11-04,6,251208
M147,2025-11-05,6,1004382
M147,2025-11-06,7,552797
M147,2025-11-07,0,0
M147,2025-11-08,0,0
M147,2025-11-09,3,206835
M147,2025-11-10,3,176724
M147,2025-11-11,0,0
M147,2025-11-12,5,597020
M147,2025-11-13,5,811335
M147,2025-11-14,4,198248
M147,2025-11-15,0,0
M147,2025-11-16,2,316294
M147,2025-11-17,0,0
M147,2025-11-18,0,0
M147,2025-11-19,4,215008
M147,2025-11-20,2,274480
M147,2025-11-21,0,0
M147,2025-11-22,3,236952
M147,2025-11-23,2,175840
M147,2025-11-24,3,223953
M147,2025-11-25,2,89346
M147,2025-11-26,7,551684
M147,2025-11-27,5,830040
M147,2025-11-28,3,489150
M147,2025-11-29,0,0
M147,2025-11-30,0,0
M147,2025-12-01,4,618236
M147,2025-12-02,5,508715
M147,2025-12-03,0,0
M147,2025-12-04,1,166640
M147,2025-12-05,3,363294
M147,2025-12-06,0,0
M147,2025-12-07,3,164829
M147,2025-12-08,7,1093498
M147,2025-12-09,0,0
M147,2025-12-10,0,0
M147,2025-12-11,5,563105
M147,2025-12-12,0,0
M147,2025-12-13,0,0
M147,2025-12-14,0,0
M147,2025-12-15,0,0
M147,2025-12-16,5,702710
M147,2025-12-17,3,307713
M147,2025-12-18,0,0
M147,2025-12-19,3,464004
M147,2025-12-20,7,931406
M147,2025-12-21,0,0
M147,2025-12-22,5,844070
M147,2025-12-23,6,228462
M147,2025-12-24,1,38619
M147,2025-12-25,2,326356
M147,2025-12-26,0,0
M147,2025-12-27,0,0
M147,2025-12-28,0,0
M147,2025-12-29,0,0
M147,2025-12-30,0,0
M147,2025-12-31,0,0
M147,2026-01-01,3,385593
M147,2026-01-02,0,0
M147,2026-01-03,0,0
M147,2026-01-04,0,0
M147,2026-01-05,0,0
M147,2026-01-06,2,347496
M147,2026-01-07,0,0
M147,2026-01-08,4,579700
M147,2026-01-09,0,0
M147,2026-01-10,0,0
M147,2026-01-11,5,853865
M147,2026-01-12,3,140484
M147,2026-01-13,0,0
M147,2026-01-14,2,101422
M147,2026-01-15,6,747276
M147,2026-01-16,0,0
M147,2026-01-17,0,0
M147,2026-01-18,7,515851
M147,2026-01-19,5,289900
M147,2026-01-20,4,482780
M147,2026-01-21,7,428491
M147,2026-01-22,0,0
M147,2026-01-23,4,364848
M147,2026-01-24,0,0
M147,2026-01-25,0,0
M147,2026-01-26,4,533868
M147,2026-01-27,4,183008
M147,2026-01-28,0,0
M147,2026-01-29,0,0
M147,2026-01-30,3,296772
M147,2026-01-31,0,0
M147,2026-02-01,0,0
M147,2026-02-02,4,260020
M147,2026-02-03,0,0
M147,2026-02-04,2,105282
M147,2026-02-05,0,0
M147,2026-02-06,3,458286
M147,2026-02-07,10,1582150
M147,2026-02-08,0,0
M147,2026-02-09,1,175685
M147,2026-02-10,5,548980
M147,2026-02-11,6,229158
M147,2026-02-12,4,457688
M147,2026-02-13,3,172656
M147,2026-02-14,0,0
M147,2026-02-15,0,0
M147,2026-02-16,0,0
M147,2026-02-17,7,1008294
M147,2026-02-18,0,0
M147,2026-02-19,4,596920
M147,2026-02-20,5,818450
M147,2026-02-21,0,0
M147,2026-02-22,4,238092
M147,2026-02-23,4,702424
M147,2026-02-24,3,491118
M147,2026-02-25,4,656608
M147,2026-02-26,0,0
M147,2026-02-27,0,0
M147,2026-02-28,6,683652
M147,2026-03-01,0,0
M147,2026-03-02,4,375796
M147,2026-03-03,0,0
M147,2026-03-04,0,0
M147,2026-03-05,7,1198911
M147,2026-03-06,4,549408
M147,2026-03-07,0,0
M147,2026-03-08,6,288426
M147,2026-03-09,5,623585
M147,2026-03-10,0,0
M147,2026-03-11,0,0
M147,2026-03-12,0,0
M147,2026-03-13,0,0
M147,2026-03-14,0,0
M147,2026-03-15,3,239178
M147,2026-03-16,0,0
M147,2026-03-17,0,0
M147,2026-03-18,5,608055
M147,2026-03-19,0,0
M147,2026-03-20,5,402135
M147,2026-03-21,7,1119615
M147,2026-03-22,4,160208
M147,2026-03-23,2,358284
M147,2026-03-24,2,119772
M147,2026-03-25,4,320912
M147,2026-03-26,0,0
M147,2026-03-27,0,0
M147,2026-03-28,3,266046
M147,2026-03-29,4,579072
M147,2026-03-30,0,0
M147,2026-03-31,6,222702
M147,2026-04-01,0,0
M147,2026-04-02,6,510090
M147,2026-04-03,0,0
M147,2026-04-04,0,0
M147,2026-04-05,8,614360
M147,2026-04-06,3,479787
M147,2026-04-07,4,590208
M147,2026-04-08,0,0
M147,2026-04-09,0,0
M147,2026-04-10,0,0
M147,2026-04-11,0,0
M147,2026-04-12,1,57066
M147,2026-04-13,0,0
M147,2026-04-14,4,293632
M147,2026-04-15,3,244911
M147,2026-04-16,0,0
M147,2026-04-17,4,640364
M147,2026-04-18,2,326462
M147,2026-04-19,0,0
M147,2026-04-20,4,591204
M147,2026-04-21,4,190380
M147,2026-04-22,0,0
M147,2026-04-23,0,0
M147,2026-04-24,0,0
M147,2026-04-25,0,0
M147,2026-04-26,0,0
M147,2026-04-27,3,129231
M147,2026-04-28,4,400072
M147,2026-04-29,4,498088
M147,2026-04-30,3,319617
M147,2026-05-01,0,0
M147,2026-05-02,0,0
M147,2026-05-03,0,0
M147,2026-05-04,8,284296
M147,2026-05-05,6,1039026
M147,2026-05-06,0,0
M147,2026-05-07,3,376404
M147,2026-05-08,0,0
M147,2026-05-09,0,0
M147,2026-05-10,0,0
M147,2026-05-11,4,415404
M147,2026-05-12,0,0
M147,2026-05-13,6,535506
M147,2026-05-14,4,237544
M147,2026-05-15,1,51208
M147,2026-05-16,0,0
M147,2026-05-17,6,661716
M147,2026-05-18,3,234243
M147,2026-05-19,3,263037
M147,2026-05-20,0,0
M147,2026-05-21,0,0
M147,2026-05-22,0,0
M147,2026-05-23,0,0
M147,2026-05-24,0,0
M147,2026-05-25,5,221985
M147,2026-05-26,1,152386
M147,2026-05-27,0,0
M147,2026-05-28,0,0
M147,2026-05-29,8,1060232
M147,2026-05-30,2,341964
M147,2026-05-31,0,0
M147,2026-06-01,0,0
M147,2026-06-02,2,159722
M147,2026-06-03,4,673264
M147,2026-06-04,6,629178
M147,2026-06-05,0,0
M147,2026-06-06,3,290670
M147,2026-06-07,1,95629
M147,2026-06-08,5,683360
M147,2026-06-09,0,0
M147,2026-06-10,6,458172
M147,2026-06-11,5,797925
M147,2026-06-12,2,116706
M147,2026-06-13,5,828540
M147,2026-06-14,6,1014330
M147,2026-06-15,0,0
M147,2026-06-16,0,0
M147,2026-06-17,0,0
M147,2026-06-18,3,238404
M147,2026-06-19,3,518844
M147,2026-06-20,0,0
M147,2026-06-21,0,0
M147,2026-06-22,3,506370
M147,2026-06-23,3,319758
M147,2026-06-24,7,1195747
M147,2026-06-25,0,0
M147,2026-06-26,9,860157
M147,2026-06-27,1,100417
M147,2026-06-28,6,393492
M147,2026-06-29,7,1024457
M147,2026-06-30,4,485444
M147,2026-07-01,0,0
M147,2026-07-02,0,0
M147,2026-07-03,3,331203
M147,2026-07-04,3,298686
M147,2026-07-05,4,499764
M147,2026-07-06,0,0
M147,2026-07-07,0,0
M147,2026-07-08,0,0
M147,2026-07-09,4,392384
M147,2026-07-10,2,137674
M147,2026-07-11,4,371720
M147,2026-07-12,0,0
M147,2026-07-13,7,640185
M147,2026-07-14,6,571348
M147,2026-07-15,1,110139
M147,2026-07-16,4,344185
M147,2026-07-17,1,110139
M147,2026-07-18,0,0
M147,2026-07-19,6,502511
M147,2026-07-20,1,82604
M147,2026-07-21,3,302883
M147,2026-07-22,4,378604
M147,2026-07-23,8,688371
M147,2026-07-24,4,399255
M147,2026-07-25,0,0
M147,2026-07-26,1,75720
M147,2026-07-27,6,530046
M147,2026-07-28,3,309767
M147,2026-07-29,1,34418
M147,2026-07-30,2,172092
M147,2026-07-31,0,0
M147,2026-08-01,0,0
M147,2026-08-02,7,619534
M147,2026-08-03,8,681488
M147,2026-08-04,8,714459
M147,2026-08-05,5,405938
M147,2026-08-06,5,462769
M147,2026-08-07,0,0
M147,2026-08-08,0,0
M147,2026-08-09,8,722570
M147,2026-08-10,8,722570
M147,2026-08-11,9,803757
M147,2026-08-12,1,64950
M147,2026-08-13,6,576432
M147,2026-08-14,1,64950
M147,2026-08-15,9,795638
M147,2026-08-16,7,641382
M147,2026-08-17,0,0
M147,2026-08-18,8,681976
M147,2026-08-19,8,706332
M147,2026-08-20,1,16237
M147,2026-08-21,0,0
M147,2026-08-22,1,56831
M147,2026-08-23,8,738807
M147,2026-08-24,5,405938
M147,2026-08-25,3,227325
M147,2026-08-26,0,0
M147,2026-08-27,0,0
M147,2026-08-28,1,89306
M147,2026-08-29,7,673857
M147,2026-08-30,0,0
M147,2026-08-31,8,681976
M148,2026-05-21,0,0
M148,2026-05-22,0,0
M148,2026-05-23,0,0
M148,2026-05-24,5,756455
M148,2026-05-25,14,1158640
M148,2026-05-26,8,704408
M148,2026-05-27,6,1207848
M148,2026-05-28,0,0
M148,2026-05-29,0,0
M148,2026-05-30,8,839752
M148,2026-05-31,11,907027
M148,2026-06-01,11,1274284
M148,2026-06-02,8,787816
M148,2026-06-03,0,0
M148,2026-06-04,6,870318
M148,2026-06-05,14,1211434
M148,2026-06-06,0,0
M148,2026-06-07,10,774010
M148,2026-06-08,4,474392
M148,2026-06-09,10,2364300
M148,2026-06-10,9,1047672
M148,2026-06-11,8,1332296
M148,2026-06-12,8,1509096
M148,2026-06-13,7,985117
M148,2026-06-14,8,707240
M148,2026-06-15,7,645974
M148,2026-06-16,5,691615
M148,2026-06-17,0,0
M148,2026-06-18,6,430842
M148,2026-06-19,9,1969245
M148,2026-06-20,0,0
M148,2026-06-21,14,3024000
M148,2026-06-22,8,964080
M148,2026-06-23,0,0
M148,2026-06-24,9,1867131
M148,2026-06-25,8,1893488
M148,2026-06-26,0,0
M148,2026-06-27,13,3102437
M148,2026-06-28,0,0
M148,2026-06-29,12,2050716
M148,2026-06-30,11,2346795
M148,2026-07-01,6,550230
M148,2026-07-02,9,907578
M148,2026-07-03,11,1121021
M148,2026-07-04,0,0
M148,2026-07-05,17,2229499
M148,2026-07-06,8,1707960
M148,2026-07-07,5,758873
M148,2026-07-08,15,2231957
M148,2026-07-09,26,3838966
M148,2026-07-10,0,0
M148,2026-07-11,0,0
M148,2026-07-12,1,223195
M148,2026-07-13,14,2098040
M148,2026-07-14,0,0
M148,2026-07-15,8,1160617
M148,2026-07-16,9,1383813
M148,2026-07-17,0,0
M148,2026-07-18,11,1607009
M148,2026-07-19,9,1383813
M148,2026-07-20,0,0
M148,2026-07-21,0,0
M148,2026-07-22,26,3928245
M148,2026-07-23,7,1026700
M148,2026-07-24,0,0
M148,2026-07-25,19,2812266
M148,2026-07-26,0,0
M148,2026-07-27,8,1205257
M148,2026-07-28,17,2499792
M148,2026-07-29,1,44639
M148,2026-07-30,3,401752
M148,2026-07-31,8,1205257
M148,2026-08-01,0,0
M148,2026-08-02,0,0
M148,2026-08-03,25,3749688
M148,2026-08-04,0,0
M148,2026-08-05,2,327351
M148,2026-08-06,14,2127717
M148,2026-08-07,10,1445756
M148,2026-08-08,11,1636705
M148,2026-08-09,5,736517
M148,2026-08-10,4,545568
M148,2026-08-11,16,2400501
M148,2026-08-12,0,0
M148,2026-08-13,7,1009301
M148,2026-08-14,12,1827654
M148,2026-08-15,4,572846
M148,2026-08-16,0,0
M148,2026-08-17,8,1200250
M148,2026-08-18,3,463733
M148,2026-08-19,12,1854932
M148,2026-08-20,6,900188
M148,2026-08-21,11,1636705
M148,2026-08-22,5,791074
M148,2026-08-23,0,0
M148,2026-08-24,18,2673285
M148,2026-08-25,10,1527591
M148,2026-08-26,8,1227529
M148,2026-08-27,0,0
M148,2026-08-28,15,2291387
M148,2026-08-29,13,1882211
M148,2026-08-30,0,0
M148,2026-08-31,9,1391199
M150,2025-04-17,0,0
M150,2025-04-18,0,0
M150,2025-04-19,0,0
M150,2025-04-20,0,0
M150,2025-04-21,0,0
M150,2025-04-22,2,292442
M150,2025-04-23,0,0
M150,2025-04-24,8,1211832
M150,2025-04-25,3,446904
M150,2025-04-26,6,666804
M150,2025-04-27,2,175034
M150,2025-04-28,0,0
M150,2025-04-29,0,0
M150,2025-04-30,0,0
M150,2025-05-01,0,0
M150,2025-05-02,0,0
M150,2025-05-03,0,0
M150,2025-05-04,10,1252050
M150,2025-05-05,8,457176
M150,2025-05-06,3,480276
M150,2025-05-07,4,255080
M150,2025-05-08,7,761390
M150,2025-05-09,6,217578
M150,2025-05-10,0,0
M150,2025-05-11,0,0
M150,2025-05-12,3,171732
M150,2025-05-13,5,462680
M150,2025-05-14,0,0
M150,2025-05-15,0,0
M150,2025-05-16,0,0
M150,2025-05-17,4,630524
M150,2025-05-18,0,0
M150,2025-05-19,1,120223
M150,2025-05-20,0,0
M150,2025-05-21,4,514272
M150,2025-05-22,6,987918
M150,2025-05-23,7,910840
M150,2025-05-24,1,84242
M150,2025-05-25,4,491296
M150,2025-05-26,4,618736
M150,2025-05-27,0,0
M150,2025-05-28,5,354500
M150,2025-05-29,4,305960
M150,2025-05-30,5,697300
M150,2025-05-31,1,79495
M150,2025-06-01,0,0
M150,2025-06-02,2,103742
M150,2025-06-03,0,0
M150,2025-06-04,5,284690
M150,2025-06-05,6,864882
M150,2025-06-06,0,0
M150,2025-06-07,8,1222672
M150,2025-06-08,0,0
M150,2025-06-09,2,282692
M150,2025-06-10,5,688485
M150,2025-06-11,0,0
M150,2025-06-12,3,514746
M150,2025-06-13,0,0
M150,2025-06-14,5,269175
M150,2025-06-15,0,0
M150,2025-06-16,0,0
M150,2025-06-17,0,0
M150,2025-06-18,4,651036
M150,2025-06-19,0,0
M150,2025-06-20,8,372280
M150,2025-06-21,4,520420
M150,2025-06-22,6,556296
M150,2025-06-23,0,0
M150,2025-06-24,0,0
M150,2025-06-25,0,0
M150,2025-06-26,2,258616
M150,2025-06-27,0,0
M150,2025-06-28,4,523384
M150,2025-06-29,3,300876
M150,2025-06-30,4,584212
M150,2025-07-01,3,507699
M150,2025-07-02,0,0
M150,2025-07-03,8,576704
M150,2025-07-04,5,588450
M150,2025-07-05,0,0
M150,2025-07-06,4,484184
M150,2025-07-07,5,764095
M150,2025-07-08,4,684164
M150,2025-07-09,0,0
M150,2025-07-10,0,0
M150,2025-07-11,7,792211
M150,2025-07-12,6,331326
M150,2025-07-13,2,258222
M150,2025-07-14,5,305030
M150,2025-07-15,0,0
M150,2025-07-16,2,272308
M150,2025-07-17,0,0
M150,2025-07-18,2,127716
M150,2025-07-19,5,637140
M150,2025-07-20,4,423016
M150,2025-07-21,0,0
M150,2025-07-22,0,0
M150,2025-07-23,4,293880
M150,2025-07-24,0,0
M150,2025-07-25,0,0
M150,2025-07-26,2,331368
M150,2025-07-27,0,0
M150,2025-07-28,0,0
M150,2025-07-29,1,158472
M150,2025-07-30,5,719330
M150,2025-07-31,0,0
M150,2025-08-01,0,0
M150,2025-08-02,4,634124
M150,2025-08-03,0,0
M150,2025-08-04,0,0
M150,2025-08-05,0,0
M150,2025-08-06,4,341864
M150,2025-08-07,7,828989
M150,2025-08-08,0,0
M150,2025-08-09,3,533496
M150,2025-08-10,0,0
M150,2025-08-11,0,0
M150,2025-08-12,0,0
M150,2025-08-13,0,0
M150,2025-08-14,3,165057
M150,2025-08-15,4,622008
M150,2025-08-16,0,0
M150,2025-08-17,0,0
M150,2025-08-18,0,0
M150,2025-08-19,3,369402
M150,2025-08-20,6,529878
M150,2025-08-21,0,0
M150,2025-08-22,8,796760
M150,2025-08-23,0,0
M150,2025-08-24,1,54514
M150,2025-08-25,2,284694
M150,2025-08-26,0,0
M150,2025-08-27,6,251868
M150,2025-08-28,0,0
M150,2025-08-29,1,153507
M150,2025-08-30,0,0
M150,2025-08-31,3,328716
M150,2025-09-01,5,248855
M150,2025-09-02,4,407288
M150,2025-09-03,4,490560
M150,2025-09-04,0,0
M150,2025-09-05,0,0
M150,2025-09-06,0,0
M150,2025-09-07,0,0
M150,2025-09-08,4,250008
M150,2025-09-09,7,647059
M150,2025-09-10,0,0
M150,2025-09-11,5,215175
M150,2025-09-12,0,0
M150,2025-09-13,3,466662
M150,2025-09-14,2,185830
M150,2025-09-15,0,0
M150,2025-09-16,0,0
M150,2025-09-17,0,0
M150,2025-09-18,1,171599
M150,2025-09-19,3,241659
M150,2025-09-20,0,0
M150,2025-09-21,0,0
M150,2025-09-22,3,334143
M150,2025-09-23,6,513336
M150,2025-09-24,0,0
M150,2025-09-25,6,285102
M150,2025-09-26,6,435444
M150,2025-09-27,2,201426
M150,2025-09-28,0,0
M150,2025-09-29,7,747705
M150,2025-09-30,0,0
M150,2025-10-01,0,0
M150,2025-10-02,6,518478
M150,2025-10-03,3,277452
M150,2025-10-04,3,108798
M150,2025-10-05,0,0
M150,2025-10-06,0,0
M150,2025-10-07,3,133629
M150,2025-10-08,4,615988
M150,2025-10-09,0,0
M150,2025-10-10,0,0
M150,2025-10-11,0,0
M150,2025-10-12,6,705648
M150,2025-10-13,0,0
M150,2025-10-14,3,257994
M150,2025-10-15,3,283731
M150,2025-10-16,0,0
M150,2025-10-17,5,291800
M150,2025-10-18,0,0
M150,2025-10-19,1,76869
M150,2025-10-20,5,192450
M150,2025-10-21,5,658010
M150,2025-10-22,1,56600
M150,2025-10-23,7,499646
M150,2025-10-24,4,187124
M150,2025-10-25,0,0
M150,2025-10-26,0,0
M150,2025-10-27,0,0
M150,2025-10-28,0,0
M150,2025-10-29,0,0
M150,2025-10-30,3,295188
M150,2025-10-31,2,275092
M150,2025-11-01,1,166420
M150,2025-11-02,0,0
M150,2025-11-03,0,0
M150,2025-11-04,0,0
M150,2025-11-05,6,995460
M150,2025-11-06,0,0
M150,2025-11-07,5,286845
M150,2025-11-08,1,79866
M150,2025-11-09,0,0
M150,2025-11-10,0,0
M150,2025-11-11,0,0
M150,2025-11-12,5,516475
M150,2025-11-13,1,159548
M150,2025-11-14,1,177143
M150,2025-11-15,0,0
M150,2025-11-16,0,0
M150,2025-11-17,5,787735
M150,2025-11-18,0,0
M150,2025-11-19,0,0
M150,2025-11-20,0,0
M150,2025-11-21,3,219303
M150,2025-11-22,1,42813
M150,2025-11-23,0,0
M150,2025-11-24,2,281088
M150,2025-11-25,0,0
M150,2025-11-26,0,0
M150,2025-11-27,0,0
M150,2025-11-28,0,0
M150,2025-11-29,0,0
M150,2025-11-30,0,0
M150,2025-12-01,6,225594
M150,2025-12-02,1,152366
M150,2025-12-03,2,348242
M150,2025-12-04,4,681624
M150,2025-12-05,7,708659
M150,2025-12-06,0,0
M150,2025-12-07,5,520905
M150,2025-12-08,6,657144
M150,2025-12-09,0,0
M150,2025-12-10,4,418924
M150,2025-12-11,1,133474
M150,2025-12-12,0,0
M150,2025-12-13,4,236800
M150,2025-12-14,2,232212
M150,2025-12-15,4,561648
M150,2025-12-16,0,0
M150,2025-12-17,3,354312
M150,2025-12-18,0,0
M150,2025-12-19,0,0
M150,2025-12-20,0,0
M150,2025-12-21,7,336420
M150,2025-12-22,2,265336
M150,2025-12-23,0,0
M150,2025-12-24,0,0
M150,2025-12-25,0,0
M150,2025-12-26,6,986034
M150,2025-12-27,0,0
M150,2025-12-28,6,967086
M150,2025-12-29,3,174498
M150,2025-12-30,0,0
M150,2025-12-31,0,0
M150,2026-01-01,0,0
M150,2026-01-02,6,1054980
M150,2026-01-03,2,112908
M150,2026-01-04,5,498875
M150,2026-01-05,2,345670
M150,2026-01-06,0,0
M150,2026-01-07,2,261384
M150,2026-01-08,0,0
M150,2026-01-09,3,422181
M150,2026-01-10,1,46413
M150,2026-01-11,4,360828
M150,2026-01-12,6,881634
M150,2026-01-13,0,0
M150,2026-01-14,2,320362
M150,2026-01-15,0,0
M150,2026-01-16,6,244050
M150,2026-01-17,3,129438
M150,2026-01-18,0,0
M150,2026-01-19,4,460796
M150,2026-01-20,3,119715
M150,2026-01-21,10,644050
M150,2026-01-22,4,324408
M150,2026-01-23,3,195282
M150,2026-01-24,2,292124
M150,2026-01-25,0,0
M150,2026-01-26,0,0
M150,2026-01-27,3,156960
M150,2026-01-28,0,0
M150,2026-01-29,2,129682
M150,2026-01-30,0,0
M150,2026-01-31,4,335020
M150,2026-02-01,0,0
M150,2026-02-02,2,228234
M150,2026-02-03,0,0
M150,2026-02-04,0,0
M150,2026-02-05,0,0
M150,2026-02-06,0,0
M150,2026-02-07,0,0
M150,2026-02-08,2,193698
M150,2026-02-09,5,290545
M150,2026-02-10,4,154032
M150,2026-02-11,0,0
M150,2026-02-12,0,0
M150,2026-02-13,0,0
M150,2026-02-14,1,44189
M150,2026-02-15,0,0
M150,2026-02-16,0,0
M150,2026-02-17,6,359970
M150,2026-02-18,3,225732
M150,2026-02-19,0,0
M150,2026-02-20,3,207690
M150,2026-02-21,0,0
M150,2026-02-22,0,0
M150,2026-02-23,3,490740
M150,2026-02-24,3,116205
M150,2026-02-25,4,346996
M150,2026-02-26,0,0
M150,2026-02-27,3,304161
M150,2026-02-28,0,0
M150,2026-03-01,3,355362
M150,2026-03-02,3,470379
M150,2026-03-03,7,1051596
M150,2026-03-04,0,0
M150,2026-03-05,0,0
M150,2026-03-06,0,0
M150,2026-03-07,4,474968
M150,2026-03-08,3,395151
M150,2026-03-09,3,118560
M150,2026-03-10,0,0
M150,2026-03-11,0,0
M150,2026-03-12,3,477114
M150,2026-03-13,4,336900
M150,2026-03-14,0,0
M150,2026-03-15,0,0
M150,2026-03-16,3,407094
M150,2026-03-17,3,438777
M150,2026-03-18,3,495948
M150,2026-03-19,5,705685
M150,2026-03-20,0,0
M150,2026-03-21,1,116454
M150,2026-03-22,5,603610
M150,2026-03-23,6,475620
M150,2026-03-24,2,192178
M150,2026-03-25,1,73089
M150,2026-03-26,0,0
M150,2026-03-27,0,0
M150,2026-03-28,4,242348
M150,2026-03-29,4,279620
M150,2026-03-30,0,0
M150,2026-03-31,4,343516
M150,2026-04-01,0,0
M150,2026-04-02,1,97370
M150,2026-04-03,0,0
M150,2026-04-04,0,0
M150,2026-04-05,2,178982
M150,2026-04-06,2,198958
M150,2026-04-07,3,402954
M150,2026-04-08,2,339804
M150,2026-04-09,5,219010
M150,2026-04-10,6,296784
M150,2026-04-11,0,0
M150,2026-04-12,0,0
M150,2026-04-13,5,392035
M150,2026-04-14,6,770286
M150,2026-04-15,0,0
M150,2026-04-16,5,353245
M150,2026-04-17,0,0
M150,2026-04-18,0,0
M150,2026-04-19,0,0
M150,2026-04-20,0,0
M150,2026-04-21,4,316368
M150,2026-04-22,4,268048
M150,2026-04-23,3,261579
M150,2026-04-24,2,311144
M150,2026-04-25,3,161124
M150,2026-04-26,1,46603
M150,2026-04-27,5,403480
M150,2026-04-28,7,342076
M150,2026-04-29,3,353628
M150,2026-04-30,1,67223
M150,2026-05-01,3,390276
M150,2026-05-02,2,183392
M150,2026-05-03,0,0
M150,2026-05-04,5,239380
M150,2026-05-05,0,0
M150,2026-05-06,4,640636
M150,2026-05-07,7,803733
M150,2026-05-08,5,767605
M150,2026-05-09,0,0
M150,2026-05-10,3,537192
M150,2026-05-11,0,0
M150,2026-05-12,4,356084
M150,2026-05-13,5,749835
M150,2026-05-14,8,1015608
M150,2026-05-15,3,520386
M150,2026-05-16,0,0
M150,2026-05-17,6,995106
M150,2026-05-18,0,0
M150,2026-05-19,0,0
M150,2026-05-20,3,522957
M150,2026-05-21,3,131637
M150,2026-05-22,2,259568
M150,2026-05-23,5,301425
M150,2026-05-24,4,430776
M150,2026-05-25,2,251244
M150,2026-05-26,3,509787
M150,2026-05-27,6,254118
M150,2026-05-28,4,677448
M150,2026-05-29,4,446620
M150,2026-05-30,0,0
M150,2026-05-31,6,635694
M150,2026-06-01,4,366940
M150,2026-06-02,0,0
M150,2026-06-03,0,0
M150,2026-06-04,4,585892
M150,2026-06-05,0,0
M150,2026-06-06,0,0
M150,2026-06-07,4,413088
M150,2026-06-08,2,184562
M150,2026-06-09,0,0
M150,2026-06-10,0,0
M150,2026-06-11,3,407412
M150,2026-06-12,0,0
M150,2026-06-13,0,0
M150,2026-06-14,0,0
M150,2026-06-15,2,353158
M150,2026-06-16,2,315076
M150,2026-06-17,9,599859
M150,2026-06-18,0,0
M150,2026-06-19,1,58211
M150,2026-06-20,5,812795
M150,2026-06-21,8,947696
M150,2026-06-22,0,0
M150,2026-06-23,0,0
M150,2026-06-24,2,291504
M150,2026-06-25,3,516624
M150,2026-06-26,0,0
M150,2026-06-27,0,0
M150,2026-06-28,3,329640
M150,2026-06-29,1,162856
M150,2026-06-30,5,503100
M150,2026-07-01,3,174549
M150,2026-07-02,5,719880
M150,2026-07-03,0,0
M150,2026-07-04,0,0
M150,2026-07-05,3,446565
M150,2026-07-06,6,609162
M150,2026-07-07,0,0
M150,2026-07-08,0,0
M150,2026-07-09,4,337623
M150,2026-07-10,4,383239
M150,2026-07-11,3,273742
M150,2026-07-12,9,793853
M150,2026-07-13,0,0
M150,2026-07-14,0,0
M150,2026-07-15,0,0
M150,2026-07-16,0,0
M150,2026-07-17,0,0
M150,2026-07-18,8,757354
M150,2026-07-19,0,0
M150,2026-07-20,0,0
M150,2026-07-21,3,264617
M150,2026-07-22,9,821227
M150,2026-07-23,8,729980
M150,2026-07-24,4,383239
M150,2026-07-25,8,739104
M150,2026-07-26,8,711730
M150,2026-07-27,7,602233
M150,2026-07-28,1,118621
M150,2026-07-29,1,45623
M150,2026-07-30,0,0
M150,2026-07-31,0,0
M150,2026-08-01,0,0
M150,2026-08-02,0,0
M150,2026-08-03,2,164245
M150,2026-08-04,6,578198
M150,2026-08-05,6,530502
M150,2026-08-06,4,333799
M150,2026-08-07,4,333799
M150,2026-08-08,1,47685
M150,2026-08-09,3,262270
M150,2026-08-10,2,172860
M150,2026-08-11,2,184781
M150,2026-08-12,1,131135
M150,2026-08-13,1,77489
M150,2026-08-14,5,405327
M150,2026-08-15,1,29803
M150,2026-08-16,0,0
M150,2026-08-17,0,0
M150,2026-08-18,0,0
M150,2026-08-19,6,560305
M150,2026-08-20,1,77489
M150,2026-08-21,7,590109
M150,2026-08-22,4,339759
M150,2026-08-23,3,268231
M150,2026-08-24,1,35764
M150,2026-08-25,4,363602
M150,2026-08-26,3,280152
M150,2026-08-27,4,327838
M150,2026-08-28,0,0
M150,2026-08-29,1,131135
M150,2026-08-30,6,584148
M150,2026-08-31,2,178820
M151,2026-05-02,0,0
M151,2026-05-03,0,0
M151,2026-05-04,2,169480
M151,2026-05-05,1,158913
M151,2026-05-06,0,0
M151,2026-05-07,0,0
M151,2026-05-08,3,109908
M151,2026-05-09,5,507775
M151,2026-05-10,4,185008
M151,2026-05-11,6,287346
M151,2026-05-12,2,189266
M151,2026-05-13,0,0
M151,2026-05-14,0,0
M151,2026-05-15,3,238782
M151,2026-05-16,0,0
M151,2026-05-17,0,0
M151,2026-05-18,0,0
M151,2026-05-19,0,0
M151,2026-05-20,5,770555
M151,2026-05-21,8,492016
M151,2026-05-22,0,0
M151,2026-05-23,0,0
M151,2026-05-24,4,572996
M151,2026-05-25,2,328366
M151,2026-05-26,0,0
M151,2026-05-27,0,0
M151,2026-05-28,1,173238
M151,2026-05-29,4,265172
M151,2026-05-30,2,168584
M151,2026-05-31,2,111254
M151,2026-06-01,0,0
M151,2026-06-02,0,0
M151,2026-06-03,7,254863
M151,2026-06-04,6,602094
M151,2026-06-05,0,0
M151,2026-06-06,6,633150
M151,2026-06-07,3,133173
M151,2026-06-08,0,0
M151,2026-06-09,2,121846
M151,2026-06-10,0,0
M151,2026-06-11,0,0
M151,2026-06-12,5,430710
M151,2026-06-13,4,426336
M151,2026-06-14,5,538950
M151,2026-06-15,4,215968
M151,2026-06-16,0,0
M151,2026-06-17,0,0
M151,2026-06-18,2,198148
M151,2026-06-19,4,305912
M151,2026-06-20,0,0
M151,2026-06-21,0,0
M151,2026-06-22,3,508971
M151,2026-06-23,6,960432
M151,2026-06-24,2,104676
M151,2026-06-25,0,0
M151,2026-06-26,3,443427
M151,2026-06-27,0,0
M151,2026-06-28,6,216390
M151,2026-06-29,0,0
M151,2026-06-30,5,289240
M151,2026-07-01,4,632296
M151,2026-07-02,4,391168
M151,2026-07-03,0,0
M151,2026-07-04,4,556956
M151,2026-07-05,1,84863
M151,2026-07-06,2,208220
M151,2026-07-07,1,111264
M151,2026-07-08,0,0
M151,2026-07-09,0,0
M151,2026-07-10,0,0
M151,2026-07-11,0,0
M151,2026-07-12,6,562827
M151,2026-07-13,0,0
M151,2026-07-14,0,0
M151,2026-07-15,0,0
M151,2026-07-16,0,0
M151,2026-07-17,6,530104
M151,2026-07-18,0,0
M151,2026-07-19,6,517015
M151,2026-07-20,0,0
M151,2026-07-21,1,98167
M151,2026-07-22,4,386125
M151,2026-07-23,3,255235
M151,2026-07-24,3,281413
M151,2026-07-25,0,0
M151,2026-07-26,4,386125
M151,2026-07-27,0,0
M151,2026-07-28,0,0
M151,2026-07-29,6,556282
M151,2026-07-30,4,320680
M151,2026-07-31,0,0
M151,2026-08-01,5,451570
M151,2026-08-02,2,183246
M151,2026-08-03,4,359947
M151,2026-08-04,3,262685
M151,2026-08-05,1,84430
M151,2026-08-06,0,0
M151,2026-08-07,1,37524
M151,2026-08-08,3,272054
M151,2026-08-09,3,247038
M151,2026-08-10,1,131336
M151,2026-08-11,3,278308
M151,2026-08-12,1,87557
M151,2026-08-13,1,96939
M151,2026-08-14,2,215767
M151,2026-08-15,1,93811
M151,2026-08-16,0,0
M151,2026-08-17,0,0
M151,2026-08-18,3,281435
M151,2026-08-19,0,0
M151,2026-08-20,1,71922
M151,2026-08-21,1,100066
M151,2026-08-22,1,50033
M151,2026-08-23,1,3127
M151,2026-08-24,0,0
M151,2026-08-25,2,171988
M151,2026-08-26,2,215767
M151,2026-08-27,1,93811
M151,2026-08-28,1,21889
M151,2026-08-29,2,206386
M151,2026-08-30,0,0
M151,2026-08-31,1,3127
M152,2025-08-29,0,0
M152,2025-08-30,0,0
M152,2025-08-31,1,69219
M152,2025-09-01,6,554748
M152,2025-09-02,0,0
M152,2025-09-03,3,136437
M152,2025-09-04,0,0
M152,2025-09-05,0,0
M152,2025-09-06,3,186219
M152,2025-09-07,3,118284
M152,2025-09-08,4,429024
M152,2025-09-09,0,0
M152,2025-09-10,3,156471
M152,2025-09-11,4,252668
M152,2025-09-12,6,235992
M152,2025-09-13,5,601185
M152,2025-09-14,0,0
M152,2025-09-15,5,512415
M152,2025-09-16,3,141699
M152,2025-09-17,0,0
M152,2025-09-18,6,803022
M152,2025-09-19,0,0
M152,2025-09-20,1,59750
M152,2025-09-21,0,0
M152,2025-09-22,0,0
M152,2025-09-23,3,390996
M152,2025-09-24,0,0
M152,2025-09-25,6,503310
M152,2025-09-26,0,0
M152,2025-09-27,0,0
M152,2025-09-28,0,0
M152,2025-09-29,0,0
M152,2025-09-30,3,447090
M152,2025-10-01,7,980770
M152,2025-10-02,0,0
M152,2025-10-03,0,0
M152,2025-10-04,5,528150
M152,2025-10-05,0,0
M152,2025-10-06,3,267177
M152,2025-10-07,0,0
M152,2025-10-08,0,0
M152,2025-10-09,0,0
M152,2025-10-10,7,748027
M152,2025-10-11,2,172334
M152,2025-10-12,0,0
M152,2025-10-13,3,161811
M152,2025-10-14,1,35593
M152,2025-10-15,0,0
M152,2025-10-16,4,194872
M152,2025-10-17,0,0
M152,2025-10-18,7,1240358
M152,2025-10-19,0,0
M152,2025-10-20,3,310383
M152,2025-10-21,3,361920
M152,2025-10-22,3,538926
M152,2025-10-23,3,229158
M152,2025-10-24,1,101723
M152,2025-10-25,0,0
M152,2025-10-26,0,0
M152,2025-10-27,0,0
M152,2025-10-28,4,532468
M152,2025-10-29,2,146634
M152,2025-10-30,0,0
M152,2025-10-31,4,518700
M152,2025-11-01,2,161128
M152,2025-11-02,4,190700
M152,2025-11-03,0,0
M152,2025-11-04,6,329526
M152,2025-11-05,3,464349
M152,2025-11-06,0,0
M152,2025-11-07,0,0
M152,2025-11-08,4,328016
M152,2025-11-09,4,488656
M152,2025-11-10,0,0
M152,2025-11-11,1,130468
M152,2025-11-12,3,300882
M152,2025-11-13,0,0
M152,2025-11-14,4,437960
M152,2025-11-15,0,0
M152,2025-11-16,0,0
M152,2025-11-17,4,346296
M152,2025-11-18,0,0
M152,2025-11-19,0,0
M152,2025-11-20,0,0
M152,2025-11-21,0,0
M152,2025-11-22,2,184160
M152,2025-11-23,5,837065
M152,2025-11-24,2,126292
M152,2025-11-25,1,95332
M152,2025-11-26,4,429924
M152,2025-11-27,3,247602
M152,2025-11-28,0,0
M152,2025-11-29,0,0
M152,2025-11-30,5,214090
M152,2025-12-01,2,189542
M152,2025-12-02,7,1028650
M152,2025-12-03,2,219032
M152,2025-12-04,3,483654
M152,2025-12-05,4,366296
M152,2025-12-06,0,0
M152,2025-12-07,2,356820
M152,2025-12-08,10,921060
M152,2025-12-09,5,610405
M152,2025-12-10,3,353358
M152,2025-12-11,0,0
M152,2025-12-12,5,323180
M152,2025-12-13,4,150888
M152,2025-12-14,6,278682
M152,2025-12-15,7,749980
M152,2025-12-16,0,0
M152,2025-12-17,0,0
M152,2025-12-18,2,99508
M152,2025-12-19,0,0
M152,2025-12-20,6,1017216
M152,2025-12-21,1,150069
M152,2025-12-22,0,0
M152,2025-12-23,6,770556
M152,2025-12-24,0,0
M152,2025-12-25,3,291570
M152,2025-12-26,0,0
M152,2025-12-27,0,0
M152,2025-12-28,0,0
M152,2025-12-29,1,137645
M152,2025-12-30,0,0
M152,2025-12-31,0,0
M152,2026-01-01,3,513249
M152,2026-01-02,0,0
M152,2026-01-03,5,574480
M152,2026-01-04,2,287118
M152,2026-01-05,0,0
M152,2026-01-06,3,405405
M152,2026-01-07,0,0
M152,2026-01-08,2,73038
M152,2026-01-09,0,0
M152,2026-01-10,0,0
M152,2026-01-11,4,399044
M152,2026-01-12,6,701568
M152,2026-01-13,3,514227
M152,2026-01-14,0,0
M152,2026-01-15,3,107970
M152,2026-01-16,0,0
M152,2026-01-17,0,0
M152,2026-01-18,7,1212939
M152,2026-01-19,0,0
M152,2026-01-20,7,952427
M152,2026-01-21,0,0
M152,2026-01-22,0,0
M152,2026-01-23,2,242524
M152,2026-01-24,1,44288
M152,2026-01-25,0,0
M152,2026-01-26,8,826824
M152,2026-01-27,4,186328
M152,2026-01-28,3,302715
M152,2026-01-29,0,0
M152,2026-01-30,0,0
M152,2026-01-31,8,642712
M152,2026-02-01,1,161848
M152,2026-02-02,0,0
M152,2026-02-03,6,834492
M152,2026-02-04,6,682962
M152,2026-02-05,1,81605
M152,2026-02-06,4,648076
M152,2026-02-07,0,0
M152,2026-02-08,7,919121
M152,2026-02-09,4,181808
M152,2026-02-10,5,688710
M152,2026-02-11,0,0
M152,2026-02-12,0,0
M152,2026-02-13,1,126054
M152,2026-02-14,4,702932
M152,2026-02-15,8,681152
M152,2026-02-16,4,482716
M152,2026-02-17,3,384153
M152,2026-02-18,1,58633
M152,2026-02-19,6,953010
M152,2026-02-20,0,0
M152,2026-02-21,0,0
M152,2026-02-22,2,333554
M152,2026-02-23,0,0
M152,2026-02-24,0,0
M152,2026-02-25,0,0
M152,2026-02-26,7,433174
M152,2026-02-27,4,281272
M152,2026-02-28,0,0
M152,2026-03-01,0,0
M152,2026-03-02,8,1106544
M152,2026-03-03,0,0
M152,2026-03-04,0,0
M152,2026-03-05,4,366968
M152,2026-03-06,6,317310
M152,2026-03-07,1,164445
M152,2026-03-08,5,719905
M152,2026-03-09,0,0
M152,2026-03-10,3,257085
M152,2026-03-11,0,0
M152,2026-03-12,0,0
M152,2026-03-13,0,0
M152,2026-03-14,4,541080
M152,2026-03-15,1,50197
M152,2026-03-16,4,577232
M152,2026-03-17,5,868845
M152,2026-03-18,0,0
M152,2026-03-19,2,341684
M152,2026-03-20,0,0
M152,2026-03-21,4,435052
M152,2026-03-22,4,290988
M152,2026-03-23,5,736820
M152,2026-03-24,0,0
M152,2026-03-25,0,0
M152,2026-03-26,5,244405
M152,2026-03-27,0,0
M152,2026-03-28,3,535305
M152,2026-03-29,5,443660
M152,2026-03-30,3,347028
M152,2026-03-31,0,0
M152,2026-04-01,3,297153
M152,2026-04-02,0,0
M152,2026-04-03,0,0
M152,2026-04-04,1,85538
M152,2026-04-05,4,557428
M152,2026-04-06,4,453792
M152,2026-04-07,0,0
M152,2026-04-08,6,371832
M152,2026-04-09,4,231664
M152,2026-04-10,4,285684
M152,2026-04-11,3,424992
M152,2026-04-12,8,1232360
M152,2026-04-13,3,234783
M152,2026-04-14,6,286770
M152,2026-04-15,0,0
M152,2026-04-16,1,118900
M152,2026-04-17,5,790415
M152,2026-04-18,4,428636
M152,2026-04-19,2,168862
M152,2026-04-20,6,1058856
M152,2026-04-21,0,0
M152,2026-04-22,5,581625
M152,2026-04-23,6,634338
M152,2026-04-24,0,0
M152,2026-04-25,9,766854
M152,2026-04-26,0,0
M152,2026-04-27,4,177492
M152,2026-04-28,0,0
M152,2026-04-29,5,656780
M152,2026-04-30,0,0
M152,2026-05-01,3,200472
M152,2026-05-02,6,251580
M152,2026-05-03,2,291312
M152,2026-05-04,0,0
M152,2026-05-05,5,473855
M152,2026-05-06,0,0
M152,2026-05-07,0,0
M152,2026-05-08,6,432276
M152,2026-05-09,4,318040
M152,2026-05-10,6,961554
M152,2026-05-11,9,1172439
M152,2026-05-12,0,0
M152,2026-05-13,6,994632
M152,2026-05-14,0,0
M152,2026-05-15,5,282965
M152,2026-05-16,0,0
M152,2026-05-17,1,93776
M152,2026-05-18,1,155703
M152,2026-05-19,0,0
M152,2026-05-20,4,426716
M152,2026-05-21,3,531606
M152,2026-05-22,4,202884
M152,2026-05-23,0,0
M152,2026-05-24,0,0
M152,2026-05-25,3,366387
M152,2026-05-26,0,0
M152,2026-05-27,2,141082
M152,2026-05-28,0,0
M152,2026-05-29,0,0
M152,2026-05-30,4,363244
M152,2026-05-31,5,194490
M152,2026-06-01,0,0
M152,2026-06-02,3,161673
M152,2026-06-03,0,0
M152,2026-06-04,3,466011
M152,2026-06-05,4,587572
M152,2026-06-06,5,286425
M152,2026-06-07,0,0
M152,2026-06-08,4,433764
M152,2026-06-09,3,445695
M152,2026-06-10,0,0
M152,2026-06-11,2,260130
M152,2026-06-12,0,0
M152,2026-06-13,0,0
M152,2026-06-14,2,240082
M152,2026-06-15,0,0
M152,2026-06-16,5,875810
M152,2026-06-17,1,178800
M152,2026-06-18,4,550796
M152,2026-06-19,0,0
M152,2026-06-20,0,0
M152,2026-06-21,0,0
M152,2026-06-22,0,0
M152,2026-06-23,0,0
M152,2026-06-24,3,163344
M152,2026-06-25,0,0
M152,2026-06-26,0,0
M152,2026-06-27,8,365760
M152,2026-06-28,0,0
M152,2026-06-29,4,300608
M152,2026-06-30,4,147696
M152,2026-07-01,12,1365060
M152,2026-07-02,0,0
M152,2026-07-03,0,0
M152,2026-07-04,7,604443
M152,2026-07-05,0,0
M152,2026-07-06,0,0
M152,2026-07-07,6,534579
M152,2026-07-08,5,467044
M152,2026-07-09,1,61897
M152,2026-07-10,2,196946
M152,2026-07-11,6,523314
M152,2026-07-12,4,337622
M152,2026-07-13,3,309487
M152,2026-07-14,3,298232
M152,2026-07-15,6,545822
M152,2026-07-16,2,208200
M152,2026-07-17,4,399519
M152,2026-07-18,2,208200
M152,2026-07-19,4,360130
M152,2026-07-20,3,225081
M152,2026-07-21,1,118167
M152,2026-07-22,1,56270
M152,2026-07-23,2,191319
M152,2026-07-24,3,298232
M152,2026-07-25,3,236335
M152,2026-07-26,0,0
M152,2026-07-27,5,405146
M152,2026-07-28,1,11254
M152,2026-07-29,3,258843
M152,2026-07-30,0,0
M152,2026-07-31,4,393892
M152,2026-08-01,0,0
M152,2026-08-02,0,0
M152,2026-08-03,1,61897
M152,2026-08-04,1,93539
M152,2026-08-05,0,0
M152,2026-08-06,5,433637
M152,2026-08-07,7,620697
M152,2026-08-08,0,0
M152,2026-08-09,4,374118
M152,2026-08-10,2,187059
M152,2026-08-11,5,467648
M152,2026-08-12,3,289091
M152,2026-08-13,0,0
M152,2026-08-14,0,0
M152,2026-08-15,7,637702
M152,2026-08-16,8,680216
M152,2026-08-17,0,0
M152,2026-08-18,2,153048
M152,2026-08-19,0,0
M152,2026-08-20,0,0
M152,2026-08-21,2,221070
M152,2026-08-22,9,841767
M152,2026-08-23,6,544172
M152,2026-08-24,0,0
M152,2026-08-25,1,8502
M152,2026-08-26,1,102032
M152,2026-08-27,1,17005
M152,2026-08-28,0,0
M152,2026-08-29,7,620697
M152,2026-08-30,0,0
M152,2026-08-31,0,0
M153,2026-08-15,0,0
M153,2026-08-16,0,0
M153,2026-08-17,1,113013
M153,2026-08-18,6,945138
M153,2026-08-19,2,188224
M153,2026-08-20,3,111090
M153,2026-08-21,0,0
M153,2026-08-22,0,0
M153,2026-08-23,0,0
M153,2026-08-24,6,580560
M153,2026-08-25,0,0
M153,2026-08-26,4,475624
M153,2026-08-27,6,735780
M153,2026-08-28,4,188504
M153,2026-08-29,3,254697
M153,2026-08-30,7,839657
M153,2026-08-31,7,953337
M156,2026-07-06,0,0
M156,2026-07-07,0,0
M156,2026-07-08,0,0
M156,2026-07-09,4,210136
M156,2026-07-10,6,786690
M156,2026-07-11,4,522168
M156,2026-07-12,0,0
M156,2026-07-13,0,0
M156,2026-07-14,6,297960
M156,2026-07-15,4,546464
M156,2026-07-16,2,276988
M156,2026-07-17,0,0
M156,2026-07-18,1,81161
M156,2026-07-19,0,0
M156,2026-07-20,0,0
M156,2026-07-21,0,0
M156,2026-07-22,0,0
M156,2026-07-23,3,368100
M156,2026-07-24,4,600100
M156,2026-07-25,3,442806
M156,2026-07-26,5,640820
M156,2026-07-27,7,627354
M156,2026-07-28,0,0
M156,2026-07-29,0,0
M156,2026-07-30,0,0
M156,2026-07-31,4,664416
M156,2026-08-01,2,227044
M156,2026-08-02,4,645840
M156,2026-08-03,5,201220
M156,2026-08-04,0,0
M156,2026-08-05,0,0
M156,2026-08-06,3,430218
M156,2026-08-07,3,439968
M156,2026-08-08,5,568575
M156,2026-08-09,0,0
M156,2026-08-10,4,524212
M156,2026-08-11,1,132562
M156,2026-08-12,3,131436
M156,2026-08-13,0,0
M156,2026-08-14,4,175136
M156,2026-08-15,4,288892
M156,2026-08-16,0,0
M156,2026-08-17,1,131195
M156,2026-08-18,0,0
M156,2026-08-19,4,353772
M156,2026-08-20,6,989304
M156,2026-08-21,6,646110
M156,2026-08-22,7,671818
M156,2026-08-23,6,888492
M156,2026-08-24,3,278721
M156,2026-08-25,0,0
M156,2026-08-26,1,36527
M156,2026-08-27,0,0
M156,2026-08-28,4,318944
M156,2026-08-29,0,0
M156,2026-08-30,4,704156
M156,2026-08-31,0,0
M158,2026-07-02,0,0
M158,2026-07-03,0,0
M158,2026-07-04,0,0
M158,2026-07-05,0,0
M158,2026-07-06,0,0
M158,2026-07-07,0,0
M158,2026-07-08,0,0
M158,2026-07-09,3,517266
M158,2026-07-10,0,0
M158,2026-07-11,13,2784418
M158,2026-07-12,4,392836
M158,2026-07-13,8,2001640
M158,2026-07-14,7,1275911
M158,2026-07-15,0,0
M158,2026-07-16,12,1802328
M158,2026-07-17,7,532238
M158,2026-07-18,10,843210
M158,2026-07-19,8,1469256
M158,2026-07-20,10,1691270
M158,2026-07-21,3,681081
M158,2026-07-22,9,1970037
M158,2026-07-23,10,1081710
M158,2026-07-24,8,1990760
M158,2026-07-25,0,0
M158,2026-07-26,8,1296568
M158,2026-07-27,14,3579072
M158,2026-07-28,0,0
M158,2026-07-29,0,0
M158,2026-07-30,5,1136530
M158,2026-07-31,7,1345001
M158,2026-08-01,14,2692522
M158,2026-08-02,4,281976
M158,2026-08-03,5,398940
M158,2026-08-04,7,1232700
M158,2026-08-05,11,1286329
M158,2026-08-06,0,0
M158,2026-08-07,4,919236
M158,2026-08-08,6,626694
M158,2026-08-09,9,1485477
M158,2026-08-10,0,0
M158,2026-08-11,0,0
M158,2026-08-12,0,0
M158,2026-08-13,7,1413139
M158,2026-08-14,6,481002
M158,2026-08-15,10,1907090
M158,2026-08-16,4,956668
M158,2026-08-17,12,2962296
M158,2026-08-18,0,0
M158,2026-08-19,8,1503312
M158,2026-08-20,9,2250603
M158,2026-08-21,0,0
M158,2026-08-22,11,1997666
M158,2026-08-23,9,1757889
M158,2026-08-24,5,606255
M158,2026-08-25,4,809876
M158,2026-08-26,6,1237284
M158,2026-08-27,6,895914
M158,2026-08-28,0,0
M158,2026-08-29,0,0
M158,2026-08-30,4,325804
M158,2026-08-31,0,0
M159,2026-05-29,0,0
M159,2026-05-30,0,0
M159,2026-05-31,0,0
M159,2026-06-01,0,0
M159,2026-06-02,0,0
M159,2026-06-03,0,0
M159,2026-06-04,14,1130710
M159,2026-06-05,13,1060800
M159,2026-06-06,9,1497393
M159,2026-06-07,11,2319207
M159,2026-06-08,11,1529858
M159,2026-06-09,7,1354143
M159,2026-06-10,7,1727166
M159,2026-06-11,0,0
M159,2026-06-12,0,0
M159,2026-06-13,10,2297660
M159,2026-06-14,3,269928
M159,2026-06-15,0,0
M159,2026-06-16,12,2792040
M159,2026-06-17,11,2146617
M159,2026-06-18,0,0
M159,2026-06-19,10,846650
M159,2026-06-20,6,1166334
M159,2026-06-21,5,780835
M159,2026-06-22,7,922306
M159,2026-06-23,0,0
M159,2026-06-24,11,2452285
M159,2026-06-25,6,583224
M159,2026-06-26,12,1190496
M159,2026-06-27,6,1429086
M159,2026-06-28,5,1008180
M159,2026-06-29,0,0
M159,2026-06-30,4,674368
M159,2026-07-01,0,0
M159,2026-07-02,6,1469178
M159,2026-07-03,5,568140
M159,2026-07-04,0,0
M159,2026-07-05,0,0
M159,2026-07-06,0,0
M159,2026-07-07,0,0
M159,2026-07-08,13,1944911
M159,2026-07-09,10,1508976
M159,2026-07-10,0,0
M159,2026-07-11,15,2313763
M159,2026-07-12,5,771254
M159,2026-07-13,6,905385
M159,2026-07-14,3,469459
M159,2026-07-15,0,0
M159,2026-07-16,8,1207180
M159,2026-07-17,9,1307779
M159,2026-07-18,16,2447894
M159,2026-07-19,0,0
M159,2026-07-20,4,536524
M159,2026-07-21,20,3017952
M159,2026-07-22,22,3319747
M159,2026-07-23,12,1743705
M159,2026-07-24,15,2280230
M159,2026-07-25,0,0
M159,2026-07-26,0,0
M159,2026-07-27,0,0
M159,2026-07-28,20,2984419
M159,2026-07-29,10,1542508
M159,2026-07-30,6,938918
M159,2026-07-31,0,0
M159,2026-08-01,0,0
M159,2026-08-02,3,469459
M159,2026-08-03,0,0
M159,2026-08-04,2,285539
M159,2026-08-05,6,856584
M159,2026-08-06,0,0
M159,2026-08-07,24,3671075
M159,2026-08-08,16,2447383
M159,2026-08-09,0,0
M159,2026-08-10,0,0
M159,2026-08-11,19,2814490
M159,2026-08-12,25,3793444
M159,2026-08-13,2,244738
M159,2026-08-14,0,0
M159,2026-08-15,20,3059229
M159,2026-08-16,24,3671075
M159,2026-08-17,12,1794747
M159,2026-08-18,24,3589495
M159,2026-08-19,27,3997392
M159,2026-08-20,21,3140808
M159,2026-08-21,20,3018439
M159,2026-08-22,2,285528
M159,2026-08-23,10,1509219
M159,2026-08-24,7,1019743
M159,2026-08-25,1,40789
M159,2026-08-26,24,3548705
M159,2026-08-27,1,81579
M159,2026-08-28,11,1590799
M159,2026-08-29,7,978953
M159,2026-08-30,19,2814490
M159,2026-08-31,22,3344757
M160,2025-05-12,0,0
M160,2025-05-13,0,0
M160,2025-05-14,10,1200790
M160,2025-05-15,9,1685583
M160,2025-05-16,0,0
M160,2025-05-17,12,3032472
M160,2025-05-18,9,1996605
M160,2025-05-19,5,782830
M160,2025-05-20,7,1566635
M160,2025-05-21,9,1649205
M160,2025-05-22,0,0
M160,2025-05-23,6,531642
M160,2025-05-24,9,1894680
M160,2025-05-25,7,966595
M160,2025-05-26,0,0
M160,2025-05-27,0,0
M160,2025-05-28,0,0
M160,2025-05-29,6,694434
M160,2025-05-30,3,307149
M160,2025-05-31,0,0
M160,2025-06-01,0,0
M160,2025-06-02,0,0
M160,2025-06-03,7,959805
M160,2025-06-04,0,0
M160,2025-06-05,0,0
M160,2025-06-06,5,653605
M160,2025-06-07,9,1350306
M160,2025-06-08,6,1410702
M160,2025-06-09,13,2281799
M160,2025-06-10,0,0
M160,2025-06-11,0,0
M160,2025-06-12,0,0
M160,2025-06-13,7,755916
M160,2025-06-14,0,0
M160,2025-06-15,0,0
M160,2025-06-16,7,989884
M160,2025-06-17,8,1495200
M160,2025-06-18,10,1412130
M160,2025-06-19,6,1288080
M160,2025-06-20,0,0
M160,2025-06-21,9,2035602
M160,2025-06-22,9,893034
M160,2025-06-23,0,0
M160,2025-06-24,10,1952420
M160,2025-06-25,13,1320579
M160,2025-06-26,9,1085409
M160,2025-06-27,0,0
M160,2025-06-28,0,0
M160,2025-06-29,8,1970856
M160,2025-06-30,13,2870673
M160,2025-07-01,5,595675
M160,2025-07-02,6,988188
M160,2025-07-03,11,1407054
M160,2025-07-04,6,955998
M160,2025-07-05,7,584514
M160,2025-07-06,0,0
M160,2025-07-07,0,0
M160,2025-07-08,0,0
M160,2025-07-09,5,938765
M160,2025-07-10,6,1349448
M160,2025-07-11,2,232186
M160,2025-07-12,10,2488020
M160,2025-07-13,7,1360324
M160,2025-07-14,6,654372
M160,2025-07-15,0,0
M160,2025-07-16,2,319128
M160,2025-07-17,9,1370952
M160,2025-07-18,6,1058322
M160,2025-07-19,7,1252055
M160,2025-07-20,10,2516430
M160,2025-07-21,3,562560
M160,2025-07-22,0,0
M160,2025-07-23,6,1142946
M160,2025-07-24,15,2988915
M160,2025-07-25,7,1025423
M160,2025-07-26,0,0
M160,2025-07-27,0,0
M160,2025-07-28,0,0
M160,2025-07-29,0,0
M160,2025-07-30,7,1739584
M160,2025-07-31,7,1609804
M160,2025-08-01,6,577482
M160,2025-08-02,4,956636
M160,2025-08-03,0,0
M160,2025-08-04,4,802776
M160,2025-08-05,8,835616
M160,2025-08-06,12,2582988
M160,2025-08-07,0,0
M160,2025-08-08,7,1325814
M160,2025-08-09,8,1805792
M160,2025-08-10,12,1284228
M160,2025-08-11,9,1920321
M160,2025-08-12,14,2993396
M160,2025-08-13,5,756055
M160,2025-08-14,7,1125474
M160,2025-08-15,9,1332711
M160,2025-08-16,0,0
M160,2025-08-17,7,1355088
M160,2025-08-18,3,566622
M160,2025-08-19,6,861840
M160,2025-08-20,9,722619
M160,2025-08-21,6,1443960
M160,2025-08-22,8,841184
M160,2025-08-23,6,800142
M160,2025-08-24,5,683530
M160,2025-08-25,0,0
M160,2025-08-26,8,916896
M160,2025-08-27,9,1587555
M160,2025-08-28,8,1105568
M160,2025-08-29,9,1401498
M160,2025-08-30,12,1439448
M160,2025-08-31,0,0
M160,2025-09-01,0,0
M160,2025-09-02,8,579840
M160,2025-09-03,8,1824584
M160,2025-09-04,8,710184
M160,2025-09-05,9,949365
M160,2025-09-06,8,951768
M160,2025-09-07,6,1556724
M160,2025-09-08,5,1274600
M160,2025-09-09,8,1385712
M160,2025-09-10,9,1931805
M160,2025-09-11,7,1641850
M160,2025-09-12,9,711900
M160,2025-09-13,0,0
M160,2025-09-14,6,1002342
M160,2025-09-15,8,991384
M160,2025-09-16,7,1447327
M160,2025-09-17,10,2181560
M160,2025-09-18,11,1620421
M160,2025-09-19,12,2258688
M160,2025-09-20,7,1534869
M160,2025-09-21,11,1099725
M160,2025-09-22,8,699800
M160,2025-09-23,7,700000
M160,2025-09-24,0,0
M160,2025-09-25,8,1154728
M160,2025-09-26,11,957693
M160,2025-09-27,9,1888029
M160,2025-09-28,4,299588
M160,2025-09-29,0,0
M160,2025-09-30,13,2263898
M160,2025-10-01,10,1315330
M160,2025-10-02,15,3089310
M160,2025-10-03,0,0
M160,2025-10-04,7,1737176
M160,2025-10-05,0,0
M160,2025-10-06,2,404864
M160,2025-10-07,9,1982124
M160,2025-10-08,12,1031004
M160,2025-10-09,0,0
M160,2025-10-10,17,2371551
M160,2025-10-11,13,1835379
M160,2025-10-12,10,2214470
M160,2025-10-13,11,817927
M160,2025-10-14,0,0
M160,2025-10-15,4,819992
M160,2025-10-16,7,1224545
M160,2025-10-17,6,501402
M160,2025-10-18,0,0
M160,2025-10-19,11,2165097
M160,2025-10-20,0,0
M160,2025-10-21,6,1292706
M160,2025-10-22,0,0
M160,2025-10-23,12,1843056
M160,2025-10-24,7,762853
M160,2025-10-25,8,1892992
M160,2025-10-26,8,1228496
M160,2025-10-27,0,0
M160,2025-10-28,10,1583230
M160,2025-10-29,8,1361640
M160,2025-10-30,12,1186212
M160,2025-10-31,11,2510013
M160,2025-11-01,5,531455
M160,2025-11-02,0,0
M160,2025-11-03,7,768453
M160,2025-11-04,0,0
M160,2025-11-05,5,882335
M160,2025-11-06,9,1029231
M160,2025-11-07,4,557092
M160,2025-11-08,9,1684098
M160,2025-11-09,6,1243626
M160,2025-11-10,6,876300
M160,2025-11-11,0,0
M160,2025-11-12,0,0
M160,2025-11-13,0,0
M160,2025-11-14,0,0
M160,2025-11-15,0,0
M160,2025-11-16,6,795330
M160,2025-11-17,0,0
M160,2025-11-18,9,731439
M160,2025-11-19,6,552870
M160,2025-11-20,13,2907970
M160,2025-11-21,0,0
M160,2025-11-22,11,2013748
M160,2025-11-23,0,0
M160,2025-11-24,6,524436
M160,2025-11-25,11,1950190
M160,2025-11-26,5,1186275
M160,2025-11-27,7,1609790
M160,2025-11-28,6,887706
M160,2025-11-29,0,0
M160,2025-11-30,6,1015644
M160,2025-12-01,6,1500852
M160,2025-12-02,0,0
M160,2025-12-03,7,783902
M160,2025-12-04,9,813627
M160,2025-12-05,11,2649911
M160,2025-12-06,0,0
M160,2025-12-07,10,1353650
M160,2025-12-08,8,920312
M160,2025-12-09,0,0
M160,2025-12-10,7,880397
M160,2025-12-11,7,1763496
M160,2025-12-12,16,2187360
M160,2025-12-13,12,1874652
M160,2025-12-14,12,1127328
M160,2025-12-15,3,421320
M160,2025-12-16,12,2349804
M160,2025-12-17,8,905512
M160,2025-12-18,4,1011628
M160,2025-12-19,9,675396
M160,2025-12-20,0,0
M160,2025-12-21,13,1773304
M160,2025-12-22,10,1695360
M160,2025-12-23,7,1588524
M160,2025-12-24,0,0
M160,2025-12-25,4,519672
M160,2025-12-26,6,917004
M160,2025-12-27,0,0
M160,2025-12-28,7,1536808
M160,2025-12-29,5,610265
M160,2025-12-30,7,1724471
M160,2025-12-31,0,0
M160,2026-01-01,6,1205298
M160,2026-01-02,10,1657390
M160,2026-01-03,13,1033474
M160,2026-01-04,0,0
M160,2026-01-05,15,1745010
M160,2026-01-06,7,1010870
M160,2026-01-07,16,1685520
M160,2026-01-08,11,2451317
M160,2026-01-09,0,0
M160,2026-01-10,5,475355
M160,2026-01-11,0,0
M160,2026-01-12,5,944465
M160,2026-01-13,8,1735208
M160,2026-01-14,12,2262060
M160,2026-01-15,0,0
M160,2026-01-16,0,0
M160,2026-01-17,7,1238230
M160,2026-01-18,12,2132340
M160,2026-01-19,0,0
M160,2026-01-20,6,1124340
M160,2026-01-21,5,427255
M160,2026-01-22,9,791379
M160,2026-01-23,8,1306976
M160,2026-01-24,0,0
M160,2026-01-25,0,0
M160,2026-01-26,10,1621860
M160,2026-01-27,7,1229137
M160,2026-01-28,0,0
M160,2026-01-29,8,1437616
M160,2026-01-30,9,1209609
M160,2026-01-31,9,1354626
M160,2026-02-01,0,0
M160,2026-02-02,12,2767368
M160,2026-02-03,11,2189341
M160,2026-02-04,0,0
M160,2026-02-05,0,0
M160,2026-02-06,0,0
M160,2026-02-07,11,1798005
M160,2026-02-08,0,0
M160,2026-02-09,8,1743704
M160,2026-02-10,0,0
M160,2026-02-11,5,390965
M160,2026-02-12,7,1208501
M160,2026-02-13,9,2092626
M160,2026-02-14,7,1539573
M160,2026-02-15,10,2536010
M160,2026-02-16,0,0
M160,2026-02-17,0,0
M160,2026-02-18,7,1361024
M160,2026-02-19,4,773020
M160,2026-02-20,9,1508787
M160,2026-02-21,0,0
M160,2026-02-22,6,1140912
M160,2026-02-23,11,1946626
M160,2026-02-24,5,1135065
M160,2026-02-25,14,2083550
M160,2026-02-26,13,2838875
M160,2026-02-27,4,565108
M160,2026-02-28,7,657055
M160,2026-03-01,5,545665
M160,2026-03-02,9,949545
M160,2026-03-03,0,0
M160,2026-03-04,0,0
M160,2026-03-05,0,0
M160,2026-03-06,10,2388310
M160,2026-03-07,7,1194802
M160,2026-03-08,7,531643
M160,2026-03-09,11,2433926
M160,2026-03-10,10,1330570
M160,2026-03-11,12,1610076
M160,2026-03-12,7,1244348
M160,2026-03-13,0,0
M160,2026-03-14,0,0
M160,2026-03-15,13,1557881
M160,2026-03-16,10,1608870
M160,2026-03-17,8,1405928
M160,2026-03-18,0,0
M160,2026-03-19,4,724832
M160,2026-03-20,11,1994036
M160,2026-03-21,8,1191040
M160,2026-03-22,8,1696456
M160,2026-03-23,8,1454472
M160,2026-03-24,7,511896
M160,2026-03-25,13,1295658
M160,2026-03-26,3,530481
M160,2026-03-27,8,561112
M160,2026-03-28,9,953352
M160,2026-03-29,8,1011664
M160,2026-03-30,7,582295
M160,2026-03-31,7,1701910
M160,2026-04-01,8,1342096
M160,2026-04-02,0,0
M160,2026-04-03,6,967638
M160,2026-04-04,5,1299045
M160,2026-04-05,0,0
M160,2026-04-06,8,1770360
M160,2026-04-07,11,1390598
M160,2026-04-08,6,699432
M160,2026-04-09,13,1380067
M160,2026-04-10,8,1845696
M160,2026-04-11,0,0
M160,2026-04-12,7,1735321
M160,2026-04-13,11,1019172
M160,2026-04-14,0,0
M160,2026-04-15,13,2397538
M160,2026-04-16,8,831424
M160,2026-04-17,9,1532286
M160,2026-04-18,0,0
M160,2026-04-19,5,1050880
M160,2026-04-20,13,1745692
M160,2026-04-21,8,1577120
M160,2026-04-22,10,2040190
M160,2026-04-23,0,0
M160,2026-04-24,0,0
M160,2026-04-25,0,0
M160,2026-04-26,0,0
M160,2026-04-27,8,891992
M160,2026-04-28,0,0
M160,2026-04-29,0,0
M160,2026-04-30,9,2107089
M160,2026-05-01,16,3164016
M160,2026-05-02,4,327448
M160,2026-05-03,10,1439040
M160,2026-05-04,6,458046
M160,2026-05-05,0,0
M160,2026-05-06,9,2208465
M160,2026-05-07,16,2383184
M160,2026-05-08,7,1681323
M160,2026-05-09,6,780000
M160,2026-05-10,11,1588697
M160,2026-05-11,6,1114278
M160,2026-05-12,11,1969726
M160,2026-05-13,4,684752
M160,2026-05-14,0,0
M160,2026-05-15,13,2330224
M160,2026-05-16,6,1225290
M160,2026-05-17,5,1172675
M160,2026-05-18,7,606676
M160,2026-05-19,0,0
M160,2026-05-20,8,632408
M160,2026-05-21,0,0
M160,2026-05-22,12,1321392
M160,2026-05-23,4,952884
M160,2026-05-24,6,628446
M160,2026-05-25,0,0
M160,2026-05-26,6,710274
M160,2026-05-27,10,1115080
M160,2026-05-28,0,0
M160,2026-05-29,7,1764630
M160,2026-05-30,8,983072
M160,2026-05-31,0,0
M160,2026-06-01,4,484488
M160,2026-06-02,13,1706172
M160,2026-06-03,8,784008
M160,2026-06-04,5,1208265
M160,2026-06-05,7,909069
M160,2026-06-06,5,1233575
M160,2026-06-07,0,0
M160,2026-06-08,2,402770
M160,2026-06-09,13,2640222
M160,2026-06-10,8,2054784
M160,2026-06-11,10,1973770
M160,2026-06-12,3,521985
M160,2026-06-13,9,1891827
M160,2026-06-14,9,1060083
M160,2026-06-15,10,1996490
M160,2026-06-16,2,515734
M160,2026-06-17,0,0
M160,2026-06-18,7,1461579
M160,2026-06-19,0,0
M160,2026-06-20,0,0
M160,2026-06-21,11,1327062
M160,2026-06-22,0,0
M160,2026-06-23,8,1812440
M160,2026-06-24,5,776425
M160,2026-06-25,0,0
M160,2026-06-26,10,1877750
M160,2026-06-27,0,0
M160,2026-06-28,4,619648
M160,2026-06-29,9,1820484
M160,2026-06-30,0,0
M160,2026-07-01,10,1609030
M160,2026-07-02,5,1178635
M160,2026-07-03,0,0
M160,2026-07-04,9,1686879
M160,2026-07-05,0,0
M160,2026-07-06,9,1911519
M160,2026-07-07,1,130346
M160,2026-07-08,9,1335957
M160,2026-07-09,1,195506
M160,2026-07-10,9,1303373
M160,2026-07-11,14,2117981
M160,2026-07-12,10,1466295
M160,2026-07-13,4,586518
M160,2026-07-14,17,2476409
M160,2026-07-15,0,0
M160,2026-07-16,6,944945
M160,2026-07-17,10,1564048
M160,2026-07-18,8,1173036
M160,2026-07-19,10,1433710
M160,2026-07-20,22,3225849
M160,2026-07-21,2,260674
M160,2026-07-22,18,2769668
M160,2026-07-23,3,488765
M160,2026-07-24,11,1596632
M160,2026-07-25,0,0
M160,2026-07-26,20,2932590
M160,2026-07-27,4,586518
M160,2026-07-28,4,586518
M160,2026-07-29,0,0
M160,2026-07-30,1,32584
M160,2026-07-31,0,0
M160,2026-08-01,2,260674
M160,2026-08-02,4,651686
M160,2026-08-03,0,0
M160,2026-08-04,0,0
M160,2026-08-05,0,0
M160,2026-08-06,25,3792880
M160,2026-08-07,0,0
M160,2026-08-08,0,0
M160,2026-08-09,16,2399571
M160,2026-08-10,0,0
M160,2026-08-11,12,1857732
M160,2026-08-12,0,0
M160,2026-08-13,0,0
M160,2026-08-14,4,541838
M160,2026-08-15,4,619244
M160,2026-08-16,25,3715465
M160,2026-08-17,0,0
M160,2026-08-18,3,464433
M160,2026-08-19,0,0
M160,2026-08-20,18,2747896
M160,2026-08-21,7,1044974
M160,2026-08-22,22,3367141
M160,2026-08-23,21,3212329
M160,2026-08-24,0,0
M160,2026-08-25,26,3870277
M160,2026-08-26,0,0
M160,2026-08-27,0,0
M160,2026-08-28,18,2747896
M160,2026-08-29,0,0
M160,2026-08-30,2,348324
M160,2026-08-31,0,0
M161,2025-02-21,0,0
M161,2025-02-22,0,0
M161,2025-02-23,0,0
M161,2025-02-24,0,0
M161,2025-02-25,4,542452
M161,2025-02-26,4,289364
M161,2025-02-27,3,523524
M161,2025-02-28,0,0
M161,2025-03-01,5,843765
M161,2025-03-02,0,0
M161,2025-03-03,3,186075
M161,2025-03-04,0,0
M161,2025-03-05,0,0
M161,2025-03-06,0,0
M161,2025-03-07,0,0
M161,2025-03-08,0,0
M161,2025-03-09,0,0
M161,2025-03-10,4,162844
M161,2025-03-11,0,0
M161,2025-03-12,0,0
M161,2025-03-13,0,0
M161,2025-03-14,1,158833
M161,2025-03-15,0,0
M161,2025-03-16,3,129516
M161,2025-03-17,3,151632
M161,2025-03-18,0,0
M161,2025-03-19,0,0
M161,2025-03-20,0,0
M161,2025-03-21,0,0
M161,2025-03-22,0,0
M161,2025-03-23,4,299704
M161,2025-03-24,2,218266
M161,2025-03-25,0,0
M161,2025-03-26,3,115977
M161,2025-03-27,0,0
M161,2025-03-28,1,178520
M161,2025-03-29,4,409048
M161,2025-03-30,5,679120
M161,2025-03-31,0,0
M161,2025-04-01,3,498279
M161,2025-04-02,4,278324
M161,2025-04-03,5,370675
M161,2025-04-04,6,270798
M161,2025-04-05,0,0
M161,2025-04-06,2,291810
M161,2025-04-07,0,0
M161,2025-04-08,3,306930
M161,2025-04-09,0,0
M161,2025-04-10,0,0
M161,2025-04-11,1,38464
M161,2025-04-12,0,0
M161,2025-04-13,3,182043
M161,2025-04-14,4,353828
M161,2025-04-15,2,128908
M161,2025-04-16,6,327312
M161,2025-04-17,0,0
M161,2025-04-18,3,122676
M161,2025-04-19,4,695956
M161,2025-04-20,3,360147
M161,2025-04-21,1,114364
M161,2025-04-22,0,0
M161,2025-04-23,1,165747
M161,2025-04-24,2,227858
M161,2025-04-25,3,152919
M161,2025-04-26,1,87202
M161,2025-04-27,0,0
M161,2025-04-28,5,278100
M161,2025-04-29,8,622568
M161,2025-04-30,0,0
M161,2025-05-01,5,419850
M161,2025-05-02,0,0
M161,2025-05-03,0,0
M161,2025-05-04,6,235122
M161,2025-05-05,0,0
M161,2025-05-06,3,405081
M161,2025-05-07,5,334510
M161,2025-05-08,0,0
M161,2025-05-09,0,0
M161,2025-05-10,0,0
M161,2025-05-11,1,59932
M161,2025-05-12,5,567665
M161,2025-05-13,9,914733
M161,2025-05-14,0,0
M161,2025-05-15,7,405566
M161,2025-05-16,6,287946
M161,2025-05-17,5,433135
M161,2025-05-18,2,260750
M161,2025-05-19,6,274866
M161,2025-05-20,0,0
M161,2025-05-21,0,0
M161,2025-05-22,6,331476
M161,2025-05-23,1,155212
M161,2025-05-24,7,998235
M161,2025-05-25,4,193508
M161,2025-05-26,4,324928
M161,2025-05-27,0,0
M161,2025-05-28,1,83665
M161,2025-05-29,0,0
M161,2025-05-30,3,524700
M161,2025-05-31,0,0
M161,2025-06-01,0,0
M161,2025-06-02,4,221392
M161,2025-06-03,3,325323
M161,2025-06-04,0,0
M161,2025-06-05,4,572748
M161,2025-06-06,0,0
M161,2025-06-07,3,494232
M161,2025-06-08,0,0
M161,2025-06-09,1,119191
M161,2025-06-10,0,0
M161,2025-06-11,4,657400
M161,2025-06-12,0,0
M161,2025-06-13,0,0
M161,2025-06-14,5,266530
M161,2025-06-15,6,1037118
M161,2025-06-16,3,490902
M161,2025-06-17,0,0
M161,2025-06-18,4,202200
M161,2025-06-19,5,396510
M161,2025-06-20,6,910212
M161,2025-06-21,5,825880
M161,2025-06-22,2,216382
M161,2025-06-23,0,0
M161,2025-06-24,9,991323
M161,2025-06-25,2,104738
M161,2025-06-26,4,427416
M161,2025-06-27,0,0
M161,2025-06-28,5,301285
M161,2025-06-29,2,302006
M161,2025-06-30,3,236499
M161,2025-07-01,5,638580
M161,2025-07-02,0,0
M161,2025-07-03,0,0
M161,2025-07-04,5,402730
M161,2025-07-05,0,0
M161,2025-07-06,3,192942
M161,2025-07-07,4,482876
M161,2025-07-08,4,285480
M161,2025-07-09,2,329822
M161,2025-07-10,3,270198
M161,2025-07-11,2,185610
M161,2025-07-12,0,0
M161,2025-07-13,4,174008
M161,2025-07-14,5,478175
M161,2025-07-15,6,719538
M161,2025-07-16,8,1064584
M161,2025-07-17,0,0
M161,2025-07-18,6,904896
M161,2025-07-19,0,0
M161,2025-07-20,3,345738
M161,2025-07-21,0,0
M161,2025-07-22,0,0
M161,2025-07-23,0,0
M161,2025-07-24,0,0
M161,2025-07-25,3,495696
M161,2025-07-26,0,0
M161,2025-07-27,4,249336
M161,2025-07-28,0,0
M161,2025-07-29,3,118440
M161,2025-07-30,2,344120
M161,2025-07-31,6,444186
M161,2025-08-01,0,0
M161,2025-08-02,6,729966
M161,2025-08-03,0,0
M161,2025-08-04,6,758136
M161,2025-08-05,5,501165
M161,2025-08-06,2,328030
M161,2025-08-07,0,0
M161,2025-08-08,8,1294192
M161,2025-08-09,2,173168
M161,2025-08-10,2,140438
M161,2025-08-11,7,712243
M161,2025-08-12,0,0
M161,2025-08-13,2,175176
M161,2025-08-14,0,0
M161,2025-08-15,3,273945
M161,2025-08-16,3,506355
M161,2025-08-17,6,1013778
M161,2025-08-18,4,247444
M161,2025-08-19,3,117684
M161,2025-08-20,7,822493
M161,2025-08-21,6,719952
M161,2025-08-22,4,149912
M161,2025-08-23,0,0
M161,2025-08-24,7,363412
M161,2025-08-25,4,253924
M161,2025-08-26,0,0
M161,2025-08-27,3,375240
M161,2025-08-28,3,475317
M161,2025-08-29,9,970119
M161,2025-08-30,6,1055166
M161,2025-08-31,0,0
M161,2025-09-01,4,462820
M161,2025-09-02,1,97001
M161,2025-09-03,2,330918
M161,2025-09-04,3,413511
M161,2025-09-05,2,339830
M161,2025-09-06,0,0
M161,2025-09-07,6,365148
M161,2025-09-08,0,0
M161,2025-09-09,3,414042
M161,2025-09-10,7,275037
M161,2025-09-11,6,1020660
M161,2025-09-12,2,72854
M161,2025-09-13,0,0
M161,2025-09-14,4,196176
M161,2025-09-15,2,86906
M161,2025-09-16,0,0
M161,2025-09-17,4,259444
M161,2025-09-18,7,850388
M161,2025-09-19,0,0
M161,2025-09-20,1,38567
M161,2025-09-21,5,667075
M161,2025-09-22,4,295196
M161,2025-09-23,0,0
M161,2025-09-24,0,0
M161,2025-09-25,4,265648
M161,2025-09-26,7,517727
M161,2025-09-27,6,221280
M161,2025-09-28,4,222496
M161,2025-09-29,4,556744
M161,2025-09-30,7,873327
M161,2025-10-01,0,0
M161,2025-10-02,1,120818
M161,2025-10-03,0,0
M161,2025-10-04,2,337584
M161,2025-10-05,0,0
M161,2025-10-06,1,126527
M161,2025-10-07,5,737540
M161,2025-10-08,0,0
M161,2025-10-09,0,0
M161,2025-10-10,0,0
M161,2025-10-11,0,0
M161,2025-10-12,1,62740
M161,2025-10-13,0,0
M161,2025-10-14,0,0
M161,2025-10-15,6,604272
M161,2025-10-16,0,0
M161,2025-10-17,4,187324
M161,2025-10-18,0,0
M161,2025-10-19,6,666354
M161,2025-10-20,0,0
M161,2025-10-21,7,860258
M161,2025-10-22,3,500040
M161,2025-10-23,6,432438
M161,2025-10-24,4,208080
M161,2025-10-25,0,0
M161,2025-10-26,4,483192
M161,2025-10-27,0,0
M161,2025-10-28,0,0
M161,2025-10-29,4,553460
M161,2025-10-30,0,0
M161,2025-10-31,5,739495
M161,2025-11-01,3,412023
M161,2025-11-02,3,362070
M161,2025-11-03,4,526440
M161,2025-11-04,5,395145
M161,2025-11-05,0,0
M161,2025-11-06,3,524706
M161,2025-11-07,0,0
M161,2025-11-08,0,0
M161,2025-11-09,3,485304
M161,2025-11-10,0,0
M161,2025-11-11,0,0
M161,2025-11-12,5,727030
M161,2025-11-13,4,392032
M161,2025-11-14,0,0
M161,2025-11-15,4,612032
M161,2025-11-16,0,0
M161,2025-11-17,0,0
M161,2025-11-18,9,1565280
M161,2025-11-19,0,0
M161,2025-11-20,0,0
M161,2025-11-21,0,0
M161,2025-11-22,0,0
M161,2025-11-23,0,0
M161,2025-11-24,0,0
M161,2025-11-25,7,486017
M161,2025-11-26,3,169455
M161,2025-11-27,0,0
M161,2025-11-28,8,1248848
M161,2025-11-29,0,0
M161,2025-11-30,6,763968
M161,2025-12-01,3,248838
M161,2025-12-02,5,422310
M161,2025-12-03,0,0
M161,2025-12-04,4,233752
M161,2025-12-05,5,661020
M161,2025-12-06,0,0
M161,2025-12-07,4,416968
M161,2025-12-08,3,233907
M161,2025-12-09,0,0
M161,2025-12-10,0,0
M161,2025-12-11,0,0
M161,2025-12-12,0,0
M161,2025-12-13,3,441255
M161,2025-12-14,0,0
M161,2025-12-15,5,182990
M161,2025-12-16,0,0
M161,2025-12-17,7,250684
M161,2025-12-18,0,0
M161,2025-12-19,0,0
M161,2025-12-20,0,0
M161,2025-12-21,0,0
M161,2025-12-22,5,830950
M161,2025-12-23,0,0
M161,2025-12-24,0,0
M161,2025-12-25,4,517520
M161,2025-12-26,2,151412
M161,2025-12-27,0,0
M161,2025-12-28,3,237225
M161,2025-12-29,2,258056
M161,2025-12-30,0,0
M161,2025-12-31,6,1031370
M161,2026-01-01,3,186804
M161,2026-01-02,0,0
M161,2026-01-03,0,0
M161,2026-01-04,5,866080
M161,2026-01-05,4,401272
M161,2026-01-06,4,318264
M161,2026-01-07,3,315312
M161,2026-01-08,0,0
M161,2026-01-09,0,0
M161,2026-01-10,0,0
M161,2026-01-11,4,216972
M161,2026-01-12,6,521238
M161,2026-01-13,0,0
M161,2026-01-14,0,0
M161,2026-01-15,2,280614
M161,2026-01-16,0,0
M161,2026-01-17,1,98194
M161,2026-01-18,3,405192
M161,2026-01-19,0,0
M161,2026-01-20,0,0
M161,2026-01-21,6,619092
M161,2026-01-22,4,300504
M161,2026-01-23,3,242310
M161,2026-01-24,6,1067634
M161,2026-01-25,0,0
M161,2026-01-26,5,761325
M161,2026-01-27,0,0
M161,2026-01-28,0,0
M161,2026-01-29,5,276840
M161,2026-01-30,0,0
M161,2026-01-31,7,711942
M161,2026-02-01,3,372213
M161,2026-02-02,4,296144
M161,2026-02-03,5,837265
M161,2026-02-04,6,486468
M161,2026-02-05,0,0
M161,2026-02-06,3,267966
M161,2026-02-07,6,341970
M161,2026-02-08,0,0
M161,2026-02-09,5,715340
M161,2026-02-10,1,159074
M161,2026-02-11,0,0
M161,2026-02-12,0,0
M161,2026-02-13,2,101544
M161,2026-02-14,6,676734
M161,2026-02-15,0,0
M161,2026-02-16,8,796376
M161,2026-02-17,5,397510
M161,2026-02-18,3,356463
M161,2026-02-19,2,307868
M161,2026-02-20,0,0
M161,2026-02-21,0,0
M161,2026-02-22,3,155625
M161,2026-02-23,0,0
M161,2026-02-24,0,0
M161,2026-02-25,0,0
M161,2026-02-26,7,1188530
M161,2026-02-27,0,0
M161,2026-02-28,4,381556
M161,2026-03-01,0,0
M161,2026-03-02,4,333924
M161,2026-03-03,9,1125675
M161,2026-03-04,4,235260
M161,2026-03-05,3,500091
M161,2026-03-06,0,0
M161,2026-03-07,4,475388
M161,2026-03-08,0,0
M161,2026-03-09,0,0
M161,2026-03-10,5,752895
M161,2026-03-11,0,0
M161,2026-03-12,3,526425
M161,2026-03-13,3,185922
M161,2026-03-14,3,418629
M161,2026-03-15,1,159986
M161,2026-03-16,0,0
M161,2026-03-17,4,309808
M161,2026-03-18,5,814720
M161,2026-03-19,4,160344
M161,2026-03-20,3,279705
M161,2026-03-21,0,0
M161,2026-03-22,3,416025
M161,2026-03-23,4,542264
M161,2026-03-24,0,0
M161,2026-03-25,0,0
M161,2026-03-26,4,216348
M161,2026-03-27,6,910056
M161,2026-03-28,6,550458
M161,2026-03-29,0,0
M161,2026-03-30,0,0
M161,2026-03-31,6,977190
M161,2026-04-01,0,0
M161,2026-04-02,0,0
M161,2026-04-03,5,687450
M161,2026-04-04,0,0
M161,2026-04-05,5,378315
M161,2026-04-06,3,199428
M161,2026-04-07,4,443220
M161,2026-04-08,6,884892
M161,2026-04-09,4,260664
M161,2026-04-10,4,140812
M161,2026-04-11,1,92769
M161,2026-04-12,1,58218
M161,2026-04-13,0,0
M161,2026-04-14,4,507088
M161,2026-04-15,1,178765
M161,2026-04-16,2,247240
M161,2026-04-17,4,282284
M161,2026-04-18,0,0
M161,2026-04-19,5,513685
M161,2026-04-20,0,0
M161,2026-04-21,0,0
M161,2026-04-22,3,448116
M161,2026-04-23,6,1019760
M161,2026-04-24,3,325458
M161,2026-04-25,3,272631
M161,2026-04-26,2,257860
M161,2026-04-27,2,119878
M161,2026-04-28,6,332544
M161,2026-04-29,0,0
M161,2026-04-30,4,668044
M161,2026-05-01,5,702825
M161,2026-05-02,4,468828
M161,2026-05-03,5,651285
M161,2026-05-04,0,0
M161,2026-05-05,3,477021
M161,2026-05-06,0,0
M161,2026-05-07,0,0
M161,2026-05-08,6,971550
M161,2026-05-09,4,308884
M161,2026-05-10,6,639504
M161,2026-05-11,0,0
M161,2026-05-12,4,259636
M161,2026-05-13,5,588925
M161,2026-05-14,0,0
M161,2026-05-15,5,701145
M161,2026-05-16,5,873370
M161,2026-05-17,5,437040
M161,2026-05-18,0,0
M161,2026-05-19,1,75042
M161,2026-05-20,0,0
M161,2026-05-21,0,0
M161,2026-05-22,5,816005
M161,2026-05-23,0,0
M161,2026-05-24,0,0
M161,2026-05-25,0,0
M161,2026-05-26,5,724905
M161,2026-05-27,0,0
M161,2026-05-28,0,0
M161,2026-05-29,7,508956
M161,2026-05-30,0,0
M161,2026-05-31,0,0
M161,2026-06-01,0,0
M161,2026-06-02,1,98274
M161,2026-06-03,0,0
M161,2026-06-04,0,0
M161,2026-06-05,5,636910
M161,2026-06-06,4,515452
M161,2026-06-07,0,0
M161,2026-06-08,0,0
M161,2026-06-09,0,0
M161,2026-06-10,0,0
M161,2026-06-11,6,387444
M161,2026-06-12,0,0
M161,2026-06-13,3,374286
M161,2026-06-14,3,130647
M161,2026-06-15,3,174153
M161,2026-06-16,1,66487
M161,2026-06-17,0,0
M161,2026-06-18,0,0
M161,2026-06-19,2,96392
M161,2026-06-20,5,427600
M161,2026-06-21,4,173352
M161,2026-06-22,6,667956
M161,2026-06-23,0,0
M161,2026-06-24,0,0
M161,2026-06-25,1,47971
M161,2026-06-26,0,0
M161,2026-06-27,6,1053978
M161,2026-06-28,0,0
M161,2026-06-29,3,114921
M161,2026-06-30,2,329702
M161,2026-07-01,6,640644
M161,2026-07-02,6,278736
M161,2026-07-03,5,528985
M161,2026-07-04,5,537400
M161,2026-07-05,4,259488
M161,2026-07-06,3,416013
M161,2026-07-07,0,0
M161,2026-07-08,1,102948
M161,2026-07-09,0,0
M161,2026-07-10,2,205882
M161,2026-07-11,2,220588
M161,2026-07-12,0,0
M161,2026-07-13,0,0
M161,2026-07-14,0,0
M161,2026-07-15,5,465686
M161,2026-07-16,5,411764
M161,2026-07-17,4,318627
M161,2026-07-18,0,0
M161,2026-07-19,0,0
M161,2026-07-20,1,83333
M161,2026-07-21,5,446078
M161,2026-07-22,3,308823
M161,2026-07-23,0,0
M161,2026-07-24,2,176470
M161,2026-07-25,3,259803
M161,2026-07-26,1,63725
M161,2026-07-27,3,308823
M161,2026-07-28,5,490196
M161,2026-07-29,5,465686
M161,2026-07-30,0,0
M161,2026-07-31,4,348039
M161,2026-08-01,0,0
M161,2026-08-02,0,0
M161,2026-08-03,4,323529
M161,2026-08-04,2,181177
M161,2026-08-05,6,532846
M161,2026-08-06,0,0
M161,2026-08-07,0,0
M161,2026-08-08,4,351678
M161,2026-08-09,6,506204
M161,2026-08-10,1,47956
M161,2026-08-11,0,0
M161,2026-08-12,3,293065
M161,2026-08-13,1,21313
M161,2026-08-14,1,10656
M161,2026-08-15,5,442262
M161,2026-08-16,2,165182
M161,2026-08-17,2,149197
M161,2026-08-18,4,341021
M161,2026-08-19,4,351678
M161,2026-08-20,0,0
M161,2026-08-21,0,0
M161,2026-08-22,0,0
M161,2026-08-23,4,378321
M161,2026-08-24,1,79927
M161,2026-08-25,0,0
M161,2026-08-26,2,175839
M161,2026-08-27,1,79927
M161,2026-08-28,4,378321
M161,2026-08-29,4,383649
M161,2026-08-30,0,0
M161,2026-08-31,3,239781
M163,2025-02-17,0,0
M163,2025-02-18,0,0
M163,2025-02-19,0,0
M163,2025-02-20,0,0
M163,2025-02-21,0,0
M163,2025-02-22,0,0
M163,2025-02-23,0,0
M163,2025-02-24,0,0
M163,2025-02-25,0,0
M163,2025-02-26,0,0
M163,2025-02-27,0,0
M163,2025-02-28,0,0
M163,2025-03-01,0,0
M163,2025-03-02,0,0
M163,2025-03-03,0,0
M163,2025-03-04,0,0
M163,2025-03-05,0,0
M163,2025-03-06,0,0
M163,2025-03-07,0,0
M163,2025-03-08,0,0
M163,2025-03-09,0,0
M163,2025-03-10,0,0
M163,2025-03-11,0,0
M163,2025-03-12,0,0
M163,2025-03-13,0,0
M163,2025-03-14,0,0
M163,2025-03-15,0,0
M163,2025-03-16,0,0
M163,2025-03-17,0,0
M163,2025-03-18,0,0
M163,2025-03-19,0,0
M163,2025-03-20,0,0
M163,2025-03-21,0,0
M163,2025-03-22,0,0
M163,2025-03-23,0,0
M163,2025-03-24,0,0
M163,2025-03-25,0,0
M163,2025-03-26,0,0
M163,2025-03-27,0,0
M163,2025-03-28,0,0
M163,2025-03-29,0,0
M163,2025-03-30,0,0
M163,2025-03-31,0,0
M163,2025-04-01,0,0
M163,2025-04-02,0,0
M163,2025-04-03,0,0
M163,2025-04-04,0,0
M163,2025-04-05,0,0
M163,2025-04-06,0,0
M163,2025-04-07,0,0
M163,2025-04-08,0,0
M163,2025-04-09,0,0
M163,2025-04-10,0,0
M163,2025-04-11,0,0
M163,2025-04-12,0,0
M163,2025-04-13,0,0
M163,2025-04-14,0,0
M163,2025-04-15,0,0
M163,2025-04-16,0,0
M163,2025-04-17,0,0
M163,2025-04-18,0,0
M163,2025-04-19,0,0
M163,2025-04-20,0,0
M163,2025-04-21,0,0
M163,2025-04-22,0,0
M163,2025-04-23,0,0
M163,2025-04-24,0,0
M163,2025-04-25,0,0
M163,2025-04-26,0,0
M163,2025-04-27,0,0
M163,2025-04-28,0,0
M163,2025-04-29,0,0
M163,2025-04-30,0,0
M163,2025-05-01,0,0
M163,2025-05-02,0,0
M163,2025-05-03,0,0
M163,2025-05-04,0,0
M163,2025-05-05,0,0
M163,2025-05-06,0,0
M163,2025-05-07,0,0
M163,2025-05-08,0,0
M163,2025-05-09,0,0
M163,2025-05-10,0,0
M163,2025-05-11,0,0
M163,2025-05-12,0,0
M163,2025-05-13,0,0
M163,2025-05-14,0,0
M163,2025-05-15,0,0
M163,2025-05-16,0,0
M163,2025-05-17,0,0
M163,2025-05-18,0,0
M163,2025-05-19,0,0
M163,2025-05-20,0,0
M163,2025-05-21,0,0
M163,2025-05-22,0,0
M163,2025-05-23,0,0
M163,2025-05-24,0,0
M163,2025-05-25,0,0
M163,2025-05-26,0,0
M163,2025-05-27,0,0
M163,2025-05-28,0,0
M163,2025-05-29,0,0
M163,2025-05-30,0,0
M163,2025-05-31,0,0
M163,2025-06-01,0,0
M163,2025-06-02,0,0
M163,2025-06-03,0,0
M163,2025-06-04,0,0
M163,2025-06-05,0,0
M163,2025-06-06,0,0
M163,2025-06-07,0,0
M163,2025-06-08,0,0
M163,2025-06-09,0,0
M163,2025-06-10,0,0
M163,2025-06-11,0,0
M163,2025-06-12,0,0
M163,2025-06-13,0,0
M163,2025-06-14,0,0
M163,2025-06-15,0,0
M163,2025-06-16,0,0
M163,2025-06-17,0,0
M163,2025-06-18,0,0
M163,2025-06-19,0,0
M163,2025-06-20,0,0
M163,2025-06-21,0,0
M163,2025-06-22,0,0
M163,2025-06-23,0,0
M163,2025-06-24,0,0
M163,2025-06-25,0,0
M163,2025-06-26,0,0
M163,2025-06-27,0,0
M163,2025-06-28,0,0
M163,2025-06-29,0,0
M163,2025-06-30,0,0
M163,2025-07-01,0,0
M163,2025-07-02,0,0
M163,2025-07-03,0,0
M163,2025-07-04,0,0
M163,2025-07-05,0,0
M163,2025-07-06,0,0
M163,2025-07-07,0,0
M163,2025-07-08,0,0
M163,2025-07-09,0,0
M163,2025-07-10,0,0
M163,2025-07-11,0,0
M163,2025-07-12,0,0
M163,2025-07-13,0,0
M163,2025-07-14,0,0
M163,2025-07-15,0,0
M163,2025-07-16,0,0
M163,2025-07-17,0,0
M163,2025-07-18,0,0
M163,2025-07-19,0,0
M163,2025-07-20,0,0
M163,2025-07-21,0,0
M163,2025-07-22,0,0
M163,2025-07-23,0,0
M163,2025-07-24,0,0
M163,2025-07-25,0,0
M163,2025-07-26,0,0
M163,2025-07-27,0,0
M163,2025-07-28,0,0
M163,2025-07-29,0,0
M163,2025-07-30,0,0
M163,2025-07-31,0,0
M163,2025-08-01,0,0
M163,2025-08-02,0,0
M163,2025-08-03,0,0
M163,2025-08-04,0,0
M163,2025-08-05,0,0
M163,2025-08-06,0,0
M163,2025-08-07,0,0
M163,2025-08-08,0,0
M163,2025-08-09,0,0
M163,2025-08-10,0,0
M163,2025-08-11,0,0
M163,2025-08-12,0,0
M163,2025-08-13,0,0
M163,2025-08-14,0,0
M163,2025-08-15,0,0
M163,2025-08-16,0,0
M163,2025-08-17,0,0
M163,2025-08-18,0,0
M163,2025-08-19,0,0
M163,2025-08-20,0,0
M163,2025-08-21,0,0
M163,2025-08-22,0,0
M163,2025-08-23,0,0
M163,2025-08-24,0,0
M163,2025-08-25,0,0
M163,2025-08-26,0,0
M163,2025-08-27,0,0
M163,2025-08-28,0,0
M163,2025-08-29,0,0
M163,2025-08-30,0,0
M163,2025-08-31,0,0
M163,2025-09-01,0,0
M163,2025-09-02,0,0
M163,2025-09-03,0,0
M163,2025-09-04,0,0
M163,2025-09-05,0,0
M163,2025-09-06,0,0
M163,2025-09-07,0,0
M163,2025-09-08,0,0
M163,2025-09-09,0,0
M163,2025-09-10,0,0
M163,2025-09-11,0,0
M163,2025-09-12,0,0
M163,2025-09-13,0,0
M163,2025-09-14,0,0
M163,2025-09-15,0,0
M163,2025-09-16,0,0
M163,2025-09-17,0,0
M163,2025-09-18,0,0
M163,2025-09-19,0,0
M163,2025-09-20,0,0
M163,2025-09-21,0,0
M163,2025-09-22,0,0
M163,2025-09-23,0,0
M163,2025-09-24,0,0
M163,2025-09-25,0,0
M163,2025-09-26,0,0
M163,2025-09-27,0,0
M163,2025-09-28,0,0
M163,2025-09-29,0,0
M163,2025-09-30,0,0
M163,2025-10-01,0,0
M163,2025-10-02,0,0
M163,2025-10-03,0,0
M163,2025-10-04,0,0
M163,2025-10-05,0,0
M163,2025-10-06,0,0
M163,2025-10-07,0,0
M163,2025-10-08,0,0
M163,2025-10-09,0,0
M163,2025-10-10,0,0
M163,2025-10-11,0,0
M163,2025-10-12,0,0
M163,2025-10-13,0,0
M163,2025-10-14,0,0
M163,2025-10-15,0,0
M163,2025-10-16,0,0
M163,2025-10-17,0,0
M163,2025-10-18,0,0
M163,2025-10-19,0,0
M163,2025-10-20,0,0
M163,2025-10-21,0,0
M163,2025-10-22,0,0
M163,2025-10-23,0,0
M163,2025-10-24,0,0
M163,2025-10-25,0,0
M163,2025-10-26,0,0
M163,2025-10-27,0,0
M163,2025-10-28,0,0
M163,2025-10-29,0,0
M163,2025-10-30,0,0
M163,2025-10-31,0,0
M163,2025-11-01,0,0
M163,2025-11-02,0,0
M163,2025-11-03,0,0
M163,2025-11-04,0,0
M163,2025-11-05,0,0
M163,2025-11-06,0,0
M163,2025-11-07,0,0
M163,2025-11-08,0,0
M163,2025-11-09,0,0
M163,2025-11-10,0,0
M163,2025-11-11,0,0
M163,2025-11-12,0,0
M163,2025-11-13,0,0
M163,2025-11-14,0,0
M163,2025-11-15,0,0
M163,2025-11-16,0,0
M163,2025-11-17,0,0
M163,2025-11-18,0,0
M163,2025-11-19,0,0
M163,2025-11-20,0,0
M163,2025-11-21,0,0
M163,2025-11-22,0,0
M163,2025-11-23,0,0
M163,2025-11-24,0,0
M163,2025-11-25,0,0
M163,2025-11-26,0,0
M163,2025-11-27,0,0
M163,2025-11-28,0,0
M163,2025-11-29,0,0
M163,2025-11-30,0,0
M163,2025-12-01,0,0
M163,2025-12-02,0,0
M163,2025-12-03,0,0
M163,2025-12-04,0,0
M163,2025-12-05,0,0
M163,2025-12-06,0,0
M163,2025-12-07,0,0
M163,2025-12-08,0,0
M163,2025-12-09,0,0
M163,2025-12-10,0,0
M163,2025-12-11,0,0
M163,2025-12-12,0,0
M163,2025-12-13,0,0
M163,2025-12-14,0,0
M163,2025-12-15,0,0
M163,2025-12-16,0,0
M163,2025-12-17,0,0
M163,2025-12-18,0,0
M163,2025-12-19,0,0
M163,2025-12-20,0,0
M163,2025-12-21,0,0
M163,2025-12-22,0,0
M163,2025-12-23,0,0
M163,2025-12-24,0,0
M163,2025-12-25,0,0
M163,2025-12-26,0,0
M163,2025-12-27,0,0
M163,2025-12-28,0,0
M163,2025-12-29,0,0
M163,2025-12-30,0,0
M163,2025-12-31,0,0
M163,2026-01-01,0,0
M163,2026-01-02,0,0
M163,2026-01-03,0,0
M163,2026-01-04,0,0
M163,2026-01-05,0,0
M163,2026-01-06,0,0
M163,2026-01-07,0,0
M163,2026-01-08,0,0
M163,2026-01-09,0,0
M163,2026-01-10,0,0
M163,2026-01-11,0,0
M163,2026-01-12,0,0
M163,2026-01-13,0,0
M163,2026-01-14,0,0
M163,2026-01-15,0,0
M163,2026-01-16,0,0
M163,2026-01-17,0,0
M163,2026-01-18,0,0
M163,2026-01-19,0,0
M163,2026-01-20,0,0
M163,2026-01-21,0,0
M163,2026-01-22,0,0
M163,2026-01-23,0,0
M163,2026-01-24,0,0
M163,2026-01-25,0,0
M163,2026-01-26,0,0
M163,2026-01-27,0,0
M163,2026-01-28,0,0
M163,2026-01-29,0,0
M163,2026-01-30,0,0
M163,2026-01-31,0,0
M163,2026-02-01,0,0
M163,2026-02-02,0,0
M163,2026-02-03,0,0
M163,2026-02-04,0,0
M163,2026-02-05,0,0
M163,2026-02-06,0,0
M163,2026-02-07,0,0
M163,2026-02-08,0,0
M163,2026-02-09,0,0
M163,2026-02-10,0,0
M163,2026-02-11,0,0
M163,2026-02-12,0,0
M163,2026-02-13,0,0
M163,2026-02-14,0,0
M163,2026-02-15,0,0
M163,2026-02-16,0,0
M163,2026-02-17,0,0
M163,2026-02-18,0,0
M163,2026-02-19,0,0
M163,2026-02-20,0,0
M163,2026-02-21,0,0
M163,2026-02-22,0,0
M163,2026-02-23,0,0
M163,2026-02-24,0,0
M163,2026-02-25,0,0
M163,2026-02-26,0,0
M163,2026-02-27,0,0
M163,2026-02-28,0,0
M163,2026-03-01,0,0
M163,2026-03-02,0,0
M163,2026-03-03,0,0
M163,2026-03-04,0,0
M163,2026-03-05,0,0
M163,2026-03-06,0,0
M163,2026-03-07,0,0
M163,2026-03-08,0,0
M163,2026-03-09,0,0
M163,2026-03-10,0,0
M163,2026-03-11,0,0
M163,2026-03-12,0,0
M163,2026-03-13,0,0
M163,2026-03-14,0,0
M163,2026-03-15,0,0
M163,2026-03-16,0,0
M163,2026-03-17,0,0
M163,2026-03-18,0,0
M163,2026-03-19,0,0
M163,2026-03-20,0,0
M163,2026-03-21,0,0
M163,2026-03-22,0,0
M163,2026-03-23,0,0
M163,2026-03-24,0,0
M163,2026-03-25,0,0
M163,2026-03-26,0,0
M163,2026-03-27,0,0
M163,2026-03-28,0,0
M163,2026-03-29,0,0
M163,2026-03-30,0,0
M163,2026-03-31,0,0
M163,2026-04-01,0,0
M163,2026-04-02,0,0
M163,2026-04-03,0,0
M163,2026-04-04,0,0
M163,2026-04-05,0,0
M163,2026-04-06,0,0
M163,2026-04-07,0,0
M163,2026-04-08,0,0
M163,2026-04-09,0,0
M163,2026-04-10,0,0
M163,2026-04-11,0,0
M163,2026-04-12,0,0
M163,2026-04-13,0,0
M163,2026-04-14,0,0
M163,2026-04-15,0,0
M163,2026-04-16,0,0
M163,2026-04-17,0,0
M163,2026-04-18,0,0
M163,2026-04-19,0,0
M163,2026-04-20,0,0
M163,2026-04-21,0,0
M163,2026-04-22,0,0
M163,2026-04-23,0,0
M163,2026-04-24,0,0
M163,2026-04-25,0,0
M163,2026-04-26,0,0
M163,2026-04-27,0,0
M163,2026-04-28,0,0
M163,2026-04-29,0,0
M163,2026-04-30,0,0
M163,2026-05-01,0,0
M163,2026-05-02,0,0
M163,2026-05-03,0,0
M163,2026-05-04,0,0
M163,2026-05-05,0,0
M163,2026-05-06,0,0
M163,2026-05-07,0,0
M163,2026-05-08,0,0
M163,2026-05-09,0,0
M163,2026-05-10,0,0
M163,2026-05-11,0,0
M163,2026-05-12,0,0
M163,2026-05-13,0,0
M163,2026-05-14,0,0
M163,2026-05-15,0,0
M163,2026-05-16,0,0
M163,2026-05-17,0,0
M163,2026-05-18,0,0
M163,2026-05-19,0,0
M163,2026-05-20,0,0
M163,2026-05-21,0,0
M163,2026-05-22,0,0
M163,2026-05-23,0,0
M163,2026-05-24,0,0
M163,2026-05-25,0,0
M163,2026-05-26,0,0
M163,2026-05-27,0,0
M163,2026-05-28,0,0
M163,2026-05-29,0,0
M163,2026-05-30,0,0
M163,2026-05-31,0,0
M163,2026-06-01,0,0
M163,2026-06-02,0,0
M163,2026-06-03,0,0
M163,2026-06-04,0,0
M163,2026-06-05,0,0
M163,2026-06-06,0,0
M163,2026-06-07,0,0
M163,2026-06-08,0,0
M163,2026-06-09,0,0
M163,2026-06-10,0,0
M163,2026-06-11,0,0
M163,2026-06-12,0,0
M163,2026-06-13,0,0
M163,2026-06-14,0,0
M163,2026-06-15,0,0
M163,2026-06-16,0,0
M163,2026-06-17,0,0
M163,2026-06-18,0,0
M163,2026-06-19,0,0
M163,2026-06-20,0,0
M163,2026-06-21,0,0
M163,2026-06-22,0,0
M163,2026-06-23,0,0
M163,2026-06-24,0,0
M163,2026-06-25,0,0
M163,2026-06-26,0,0
M163,2026-06-27,0,0
M163,2026-06-28,0,0
M163,2026-06-29,0,0
M163,2026-06-30,0,0
M163,2026-07-01,0,0
M163,2026-07-02,0,0
M163,2026-07-03,0,0
M163,2026-07-04,0,0
M163,2026-07-05,0,0
M163,2026-07-06,0,0
M163,2026-07-07,0,0
M163,2026-07-08,0,0
M163,2026-07-09,0,0
M163,2026-07-10,0,0
M163,2026-07-11,0,0
M163,2026-07-12,0,0
M163,2026-07-13,0,0
M163,2026-07-14,0,0
M163,2026-07-15,0,0
M163,2026-07-16,0,0
M163,2026-07-17,0,0
M163,2026-07-18,0,0
M163,2026-07-19,0,0
M163,2026-07-20,0,0
M163,2026-07-21,0,0
M163,2026-07-22,0,0
M163,2026-07-23,0,0
M163,2026-07-24,0,0
M163,2026-07-25,0,0
M163,2026-07-26,0,0
M163,2026-07-27,0,0
M163,2026-07-28,0,0
M163,2026-07-29,0,0
M163,2026-07-30,0,0
M163,2026-07-31,0,0
M163,2026-08-01,0,0
M163,2026-08-02,0,0
M163,2026-08-03,0,0
M163,2026-08-04,0,0
M163,2026-08-05,0,0
M163,2026-08-06,0,0
M163,2026-08-07,0,0
M163,2026-08-08,0,0
M163,2026-08-09,0,0
M163,2026-08-10,0,0
M163,2026-08-11,0,0
M163,2026-08-12,0,0
M163,2026-08-13,0,0
M163,2026-08-14,0,0
M163,2026-08-15,0,0
M163,2026-08-16,0,0
M163,2026-08-17,0,0
M163,2026-08-18,0,0
M163,2026-08-19,0,0
M163,2026-08-20,0,0
M163,2026-08-21,0,0
M163,2026-08-22,0,0
M163,2026-08-23,0,0
M163,2026-08-24,0,0
M163,2026-08-25,0,0
M163,2026-08-26,0,0
M163,2026-08-27,0,0
M163,2026-08-28,0,0
M163,2026-08-29,0,0
M163,2026-08-30,0,0
M163,2026-08-31,0,0
M165,2025-10-10,0,0
M165,2025-10-11,0,0
M165,2025-10-12,0,0
M165,2025-10-13,0,0
M165,2025-10-14,0,0
M165,2025-10-15,0,0
M165,2025-10-16,0,0
M165,2025-10-17,0,0
M165,2025-10-18,0,0
M165,2025-10-19,0,0
M165,2025-10-20,0,0
M165,2025-10-21,0,0
M165,2025-10-22,0,0
M165,2025-10-23,0,0
M165,2025-10-24,8,666200
M165,2025-10-25,0,0
M165,2025-10-26,5,390930
M165,2025-10-27,2,189966
M165,2025-10-28,0,0
M165,2025-10-29,0,0
M165,2025-10-30,2,154628
M165,2025-10-31,0,0
M165,2025-11-01,7,270319
M165,2025-11-02,0,0
M165,2025-11-03,2,191672
M165,2025-11-04,2,234392
M165,2025-11-05,4,703300
M165,2025-11-06,3,488052
M165,2025-11-07,0,0
M165,2025-11-08,5,320735
M165,2025-11-09,0,0
M165,2025-11-10,0,0
M165,2025-11-11,4,708284
M165,2025-11-12,1,73308
M165,2025-11-13,4,593944
M165,2025-11-14,0,0
M165,2025-11-15,0,0
M165,2025-11-16,0,0
M165,2025-11-17,0,0
M165,2025-11-18,6,363912
M165,2025-11-19,5,315240
M165,2025-11-20,2,247628
M165,2025-11-21,2,129304
M165,2025-11-22,5,585720
M165,2025-11-23,0,0
M165,2025-11-24,0,0
M165,2025-11-25,0,0
M165,2025-11-26,0,0
M165,2025-11-27,3,470322
M165,2025-11-28,0,0
M165,2025-11-29,2,267214
M165,2025-11-30,3,429093
M165,2025-12-01,1,129343
M165,2025-12-02,4,196408
M165,2025-12-03,4,186116
M165,2025-12-04,4,346236
M165,2025-12-05,2,200208
M165,2025-12-06,4,271844
M165,2025-12-07,6,989562
M165,2025-12-08,5,521560
M165,2025-12-09,0,0
M165,2025-12-10,0,0
M165,2025-12-11,0,0
M165,2025-12-12,7,872795
M165,2025-12-13,0,0
M165,2025-12-14,4,478344
M165,2025-12-15,4,712208
M165,2025-12-16,3,139242
M165,2025-12-17,0,0
M165,2025-12-18,3,387078
M165,2025-12-19,1,166945
M165,2025-12-20,0,0
M165,2025-12-21,0,0
M165,2025-12-22,2,120130
M165,2025-12-23,0,0
M165,2025-12-24,0,0
M165,2025-12-25,6,1031742
M165,2025-12-26,3,351819
M165,2025-12-27,0,0
M165,2025-12-28,0,0
M165,2025-12-29,0,0
M165,2025-12-30,2,301054
M165,2025-12-31,3,198222
M165,2026-01-01,0,0
M165,2026-01-02,0,0
M165,2026-01-03,1,77788
M165,2026-01-04,4,508064
M165,2026-01-05,2,84662
M165,2026-01-06,0,0
M165,2026-01-07,4,410092
M165,2026-01-08,0,0
M165,2026-01-09,0,0
M165,2026-01-10,1,126636
M165,2026-01-11,1,104836
M165,2026-01-12,4,669148
M165,2026-01-13,0,0
M165,2026-01-14,3,170403
M165,2026-01-15,2,139946
M165,2026-01-16,3,325167
M165,2026-01-17,5,308960
M165,2026-01-18,0,0
M165,2026-01-19,0,0
M165,2026-01-20,0,0
M165,2026-01-21,0,0
M165,2026-01-22,2,304432
M165,2026-01-23,4,371472
M165,2026-01-24,0,0
M165,2026-01-25,5,548315
M165,2026-01-26,0,0
M165,2026-01-27,0,0
M165,2026-01-28,5,584325
M165,2026-01-29,0,0
M165,2026-01-30,3,517341
M165,2026-01-31,7,921487
M165,2026-02-01,1,159982
M165,2026-02-02,2,191072
M165,2026-02-03,0,0
M165,2026-02-04,5,868190
M165,2026-02-05,1,102619
M165,2026-02-06,0,0
M165,2026-02-07,2,98260
M165,2026-02-08,4,269852
M165,2026-02-09,7,1242339
M165,2026-02-10,0,0
M165,2026-02-11,3,466674
M165,2026-02-12,1,97157
M165,2026-02-13,4,599320
M165,2026-02-14,0,0
M165,2026-02-15,5,269115
M165,2026-02-16,10,1703900
M165,2026-02-17,4,700576
M165,2026-02-18,3,194517
M165,2026-02-19,0,0
M165,2026-02-20,4,514088
M165,2026-02-21,0,0
M165,2026-02-22,5,575580
M165,2026-02-23,0,0
M165,2026-02-24,0,0
M165,2026-02-25,0,0
M165,2026-02-26,0,0
M165,2026-02-27,0,0
M165,2026-02-28,0,0
M165,2026-03-01,9,551763
M165,2026-03-02,3,368115
M165,2026-03-03,6,354384
M165,2026-03-04,0,0
M165,2026-03-05,4,458660
M165,2026-03-06,2,313490
M165,2026-03-07,0,0
M165,2026-03-08,0,0
M165,2026-03-09,0,0
M165,2026-03-10,5,330760
M165,2026-03-11,9,936306
M165,2026-03-12,3,535434
M165,2026-03-13,4,315172
M165,2026-03-14,4,718540
M165,2026-03-15,0,0
M165,2026-03-16,0,0
M165,2026-03-17,8,305136
M165,2026-03-18,0,0
M165,2026-03-19,4,623080
M165,2026-03-20,5,454735
M165,2026-03-21,2,327344
M165,2026-03-22,3,248853
M165,2026-03-23,4,170852
M165,2026-03-24,0,0
M165,2026-03-25,0,0
M165,2026-03-26,0,0
M165,2026-03-27,0,0
M165,2026-03-28,8,642464
M165,2026-03-29,0,0
M165,2026-03-30,3,532155
M165,2026-03-31,0,0
M165,2026-04-01,5,472895
M165,2026-04-02,2,169538
M165,2026-04-03,0,0
M165,2026-04-04,6,306948
M165,2026-04-05,0,0
M165,2026-04-06,0,0
M165,2026-04-07,0,0
M165,2026-04-08,4,250704
M165,2026-04-09,0,0
M165,2026-04-10,4,609832
M165,2026-04-11,1,116706
M165,2026-04-12,5,729685
M165,2026-04-13,4,309736
M165,2026-04-14,4,347872
M165,2026-04-15,3,354876
M165,2026-04-16,4,363836
M165,2026-04-17,1,46036
M165,2026-04-18,0,0
M165,2026-04-19,4,653008
M165,2026-04-20,1,134201
M165,2026-04-21,1,85134
M165,2026-04-22,0,0
M165,2026-04-23,6,666684
M165,2026-04-24,3,230688
M165,2026-04-25,2,215728
M165,2026-04-26,0,0
M165,2026-04-27,0,0
M165,2026-04-28,0,0
M165,2026-04-29,2,92394
M165,2026-04-30,4,267800
M165,2026-05-01,0,0
M165,2026-05-02,0,0
M165,2026-05-03,6,281652
M165,2026-05-04,0,0
M165,2026-05-05,0,0
M165,2026-05-06,5,532100
M165,2026-05-07,8,618936
M165,2026-05-08,2,344186
M165,2026-05-09,0,0
M165,2026-05-10,3,423858
M165,2026-05-11,1,74386
M165,2026-05-12,6,310362
M165,2026-05-13,0,0
M165,2026-05-14,5,393480
M165,2026-05-15,0,0
M165,2026-05-16,0,0
M165,2026-05-17,4,409504
M165,2026-05-18,2,322240
M165,2026-05-19,0,0
M165,2026-05-20,4,175088
M165,2026-05-21,6,439404
M165,2026-05-22,0,0
M165,2026-05-23,6,544344
M165,2026-05-24,0,0
M165,2026-05-25,3,217791
M165,2026-05-26,3,390354
M165,2026-05-27,0,0
M165,2026-05-28,0,0
M165,2026-05-29,6,253224
M165,2026-05-30,0,0
M165,2026-05-31,5,713805
M165,2026-06-01,0,0
M165,2026-06-02,4,431296
M165,2026-06-03,1,172466
M165,2026-06-04,0,0
M165,2026-06-05,5,802350
M165,2026-06-06,0,0
M165,2026-06-07,0,0
M165,2026-06-08,0,0
M165,2026-06-09,0,0
M165,2026-06-10,4,559732
M165,2026-06-11,3,355020
M165,2026-06-12,1,142658
M165,2026-06-13,0,0
M165,2026-06-14,4,554228
M165,2026-06-15,8,640632
M165,2026-06-16,0,0
M165,2026-06-17,6,460158
M165,2026-06-18,9,629064
M165,2026-06-19,5,637225
M165,2026-06-20,5,504835
M165,2026-06-21,6,665988
M165,2026-06-22,1,56397
M165,2026-06-23,0,0
M165,2026-06-24,0,0
M165,2026-06-25,0,0
M165,2026-06-26,0,0
M165,2026-06-27,6,988182
M165,2026-06-28,2,197686
M165,2026-06-29,0,0
M165,2026-06-30,6,959082
M165,2026-07-01,0,0
M165,2026-07-02,6,461304
M165,2026-07-03,0,0
M165,2026-07-04,0,0
M165,2026-07-05,0,0
M165,2026-07-06,5,644970
M165,2026-07-07,6,574779
M165,2026-07-08,0,0
M165,2026-07-09,0,0
M165,2026-07-10,0,0
M165,2026-07-11,10,934005
M165,2026-07-12,0,0
M165,2026-07-13,0,0
M165,2026-07-14,0,0
M165,2026-07-15,0,0
M165,2026-07-16,1,131718
M165,2026-07-17,7,658593
M165,2026-07-18,7,598721
M165,2026-07-19,3,311335
M165,2026-07-20,3,287386
M165,2026-07-21,1,107769
M165,2026-07-22,0,0
M165,2026-07-23,8,718465
M165,2026-07-24,0,0
M165,2026-07-25,10,862158
M165,2026-07-26,7,610695
M165,2026-07-27,4,335283
M165,2026-07-28,0,0
M165,2026-07-29,0,0
M165,2026-07-30,5,478977
M165,2026-07-31,2,215539
M165,2026-08-01,0,0
M165,2026-08-02,11,1029800
M165,2026-08-03,0,0
M165,2026-08-04,6,503155
M165,2026-08-05,9,777594
M165,2026-08-06,5,457408
M165,2026-08-07,10,869076
M165,2026-08-08,5,445973
M165,2026-08-09,0,0
M165,2026-08-10,0,0
M165,2026-08-11,0,0
M165,2026-08-12,0,0
M165,2026-08-13,0,0
M165,2026-08-14,13,1132086
M165,2026-08-15,0,0
M165,2026-08-16,0,0
M165,2026-08-17,0,0
M165,2026-08-18,0,0
M165,2026-08-19,7,640372
M165,2026-08-20,0,0
M165,2026-08-21,0,0
M165,2026-08-22,9,811900
M165,2026-08-23,10,926252
M165,2026-08-24,10,857641
M165,2026-08-25,0,0
M165,2026-08-26,11,994863
M165,2026-08-27,0,0
M165,2026-08-28,5,491714
M165,2026-08-29,0,0
M165,2026-08-30,7,651807
M165,2026-08-31,9,766159
M168,2026-06-24,0,0
M168,2026-06-25,0,0
M168,2026-06-26,0,0
M168,2026-06-27,0,0
M168,2026-06-28,0,0
M168,2026-06-29,0,0
M168,2026-06-30,6,1060860
M168,2026-07-01,0,0
M168,2026-07-02,1,43206
M168,2026-07-03,0,0
M168,2026-07-04,0,0
M168,2026-07-05,2,191870
M168,2026-07-06,0,0
M168,2026-07-07,1,15089
M168,2026-07-08,2,188489
M168,2026-07-09,7,663482
M168,2026-07-10,0,0
M168,2026-07-11,0,0
M168,2026-07-12,0,0
M168,2026-07-13,6,520230
M168,2026-07-14,2,180949
M168,2026-07-15,0,0
M168,2026-07-16,8,716259
M168,2026-07-17,2,211108
M168,2026-07-18,8,731338
M168,2026-07-19,0,0
M168,2026-07-20,0,0
M168,2026-07-21,6,557928
M168,2026-07-22,8,686101
M168,2026-07-23,1,120633
M168,2026-07-24,6,573007
M168,2026-07-25,1,37697
M168,2026-07-26,6,520230
M168,2026-07-27,0,0
M168,2026-07-28,0,0
M168,2026-07-29,1,82935
M168,2026-07-30,1,7539
M168,2026-07-31,0,0
M168,2026-08-01,2,196028
M168,2026-08-02,6,550388
M168,2026-08-03,0,0
M168,2026-08-04,3,310159
M168,2026-08-05,0,0
M168,2026-08-06,0,0
M168,2026-08-07,6,516910
M168,2026-08-08,4,390554
M168,2026-08-09,0,0
M168,2026-08-10,1,57434
M168,2026-08-11,3,287172
M168,2026-08-12,4,350350
M168,2026-08-13,0,0
M168,2026-08-14,2,166560
M168,2026-08-15,1,103382
M168,2026-08-16,6,557115
M168,2026-08-17,2,201020
M168,2026-08-18,0,0
M168,2026-08-19,6,545628
M168,2026-08-20,1,28717
M168,2026-08-21,1,91895
M168,2026-08-22,4,373324
M168,2026-08-23,2,183790
M168,2026-08-24,5,488193
M168,2026-08-25,5,453732
M168,2026-08-26,4,338863
M168,2026-08-27,2,137842
M168,2026-08-28,3,292916
M168,2026-08-29,3,229738
M168,2026-08-30,3,292916
M168,2026-08-31,2,183790
M169,2025-03-21,0,0
M169,2025-03-22,0,0
M169,2025-03-23,0,0
M169,2025-03-24,0,0
M169,2025-03-25,0,0
M169,2025-03-26,6,914472
M169,2025-03-27,5,576085
M169,2025-03-28,3,348699
M169,2025-03-29,4,450952
M169,2025-03-30,0,0
M169,2025-03-31,6,894282
M169,2025-04-01,6,961530
M169,2025-04-02,6,531396
M169,2025-04-03,1,177385
M169,2025-04-04,0,0
M169,2025-04-05,6,406512
M169,2025-04-06,5,606065
M169,2025-04-07,2,238042
M169,2025-04-08,4,483108
M169,2025-04-09,6,901974
M169,2025-04-10,4,158800
M169,2025-04-11,0,0
M169,2025-04-12,6,302052
M169,2025-04-13,4,639416
M169,2025-04-14,4,607012
M169,2025-04-15,8,1054304
M169,2025-04-16,0,0
M169,2025-04-17,0,0
M169,2025-04-18,0,0
M169,2025-04-19,0,0
M169,2025-04-20,0,0
M169,2025-04-21,0,0
M169,2025-04-22,0,0
M169,2025-04-23,0,0
M169,2025-04-24,1,35221
M169,2025-04-25,6,658416
M169,2025-04-26,2,207916
M169,2025-04-27,2,280434
M169,2025-04-28,4,624756
M169,2025-04-29,0,0
M169,2025-04-30,0,0
M169,2025-05-01,0,0
M169,2025-05-02,7,295078
M169,2025-05-03,3,118329
M169,2025-05-04,4,263820
M169,2025-05-05,2,132080
M169,2025-05-06,1,95594
M169,2025-05-07,1,76295
M169,2025-05-08,2,185924
M169,2025-05-09,4,211812
M169,2025-05-10,0,0
M169,2025-05-11,3,509316
M169,2025-05-12,0,0
M169,2025-05-13,4,606672
M169,2025-05-14,1,94074
M169,2025-05-15,0,0
M169,2025-05-16,5,419615
M169,2025-05-17,5,234210
M169,2025-05-18,0,0
M169,2025-05-19,5,445795
M169,2025-05-20,0,0
M169,2025-05-21,0,0
M169,2025-05-22,2,187602
M169,2025-05-23,2,75730
M169,2025-05-24,2,320532
M169,2025-05-25,2,292360
M169,2025-05-26,1,142613
M169,2025-05-27,3,406566
M169,2025-05-28,4,168348
M169,2025-05-29,0,0
M169,2025-05-30,1,167574
M169,2025-05-31,3,327693
M169,2025-06-01,3,247974
M169,2025-06-02,0,0
M169,2025-06-03,0,0
M169,2025-06-04,4,243440
M169,2025-06-05,5,820000
M169,2025-06-06,0,0
M169,2025-06-07,3,284919
M169,2025-06-08,0,0
M169,2025-06-09,0,0
M169,2025-06-10,0,0
M169,2025-06-11,6,822924
M169,2025-06-12,4,641480
M169,2025-06-13,3,328521
M169,2025-06-14,0,0
M169,2025-06-15,5,886750
M169,2025-06-16,1,71207
M169,2025-06-17,0,0
M169,2025-06-18,0,0
M169,2025-06-19,3,443043
M169,2025-06-20,0,0
M169,2025-06-21,0,0
M169,2025-06-22,4,162072
M169,2025-06-23,0,0
M169,2025-06-24,2,339504
M169,2025-06-25,0,0
M169,2025-06-26,0,0
M169,2025-06-27,0,0
M169,2025-06-28,0,0
M169,2025-06-29,0,0
M169,2025-06-30,0,0
M169,2025-07-01,8,826608
M169,2025-07-02,6,445230
M169,2025-07-03,0,0
M169,2025-07-04,0,0
M169,2025-07-05,4,247340
M169,2025-07-06,0,0
M169,2025-07-07,0,0
M169,2025-07-08,0,0
M169,2025-07-09,3,334281
M169,2025-07-10,0,0
M169,2025-07-11,4,675732
M169,2025-07-12,0,0
M169,2025-07-13,3,316998
M169,2025-07-14,2,309884
M169,2025-07-15,2,353524
M169,2025-07-16,3,356517
M169,2025-07-17,6,904788
M169,2025-07-18,0,0
M169,2025-07-19,4,454520
M169,2025-07-20,7,480851
M169,2025-07-21,6,1002384
M169,2025-07-22,5,687890
M169,2025-07-23,4,234260
M169,2025-07-24,3,266511
M169,2025-07-25,1,136021
M169,2025-07-26,0,0
M169,2025-07-27,0,0
M169,2025-07-28,4,561256
M169,2025-07-29,6,554898
M169,2025-07-30,5,863090
M169,2025-07-31,5,628680
M169,2025-08-01,2,119632
M169,2025-08-02,6,558666
M169,2025-08-03,2,119856
M169,2025-08-04,2,265132
M169,2025-08-05,3,287037
M169,2025-08-06,5,220220
M169,2025-08-07,0,0
M169,2025-08-08,3,386226
M169,2025-08-09,5,378375
M169,2025-08-10,0,0
M169,2025-08-11,0,0
M169,2025-08-12,0,0
M169,2025-08-13,3,364626
M169,2025-08-14,5,685350
M169,2025-08-15,6,373740
M169,2025-08-16,0,0
M169,2025-08-17,0,0
M169,2025-08-18,1,144047
M169,2025-08-19,5,899475
M169,2025-08-20,0,0
M169,2025-08-21,8,958056
M169,2025-08-22,0,0
M169,2025-08-23,3,303600
M169,2025-08-24,2,88478
M169,2025-08-25,3,161703
M169,2025-08-26,0,0
M169,2025-08-27,0,0
M169,2025-08-28,0,0
M169,2025-08-29,4,289136
M169,2025-08-30,2,202832
M169,2025-08-31,4,672084
M169,2025-09-01,2,346734
M169,2025-09-02,0,0
M169,2025-09-03,0,0
M169,2025-09-04,3,355188
M169,2025-09-05,2,161628
M169,2025-09-06,2,196748
M169,2025-09-07,0,0
M169,2025-09-08,0,0
M169,2025-09-09,0,0
M169,2025-09-10,0,0
M169,2025-09-11,3,232623
M169,2025-09-12,4,394072
M169,2025-09-13,0,0
M169,2025-09-14,4,230996
M169,2025-09-15,3,115833
M169,2025-09-16,0,0
M169,2025-09-17,0,0
M169,2025-09-18,1,44712
M169,2025-09-19,2,77198
M169,2025-09-20,0,0
M169,2025-09-21,4,600232
M169,2025-09-22,5,506025
M169,2025-09-23,0,0
M169,2025-09-24,2,212398
M169,2025-09-25,0,0
M169,2025-09-26,3,300651
M169,2025-09-27,3,465627
M169,2025-09-28,4,370436
M169,2025-09-29,4,219856
M169,2025-09-30,3,267393
M169,2025-10-01,2,338634
M169,2025-10-02,2,186414
M169,2025-10-03,1,168763
M169,2025-10-04,0,0
M169,2025-10-05,3,519177
M169,2025-10-06,0,0
M169,2025-10-07,8,728160
M169,2025-10-08,0,0
M169,2025-10-09,0,0
M169,2025-10-10,2,219596
M169,2025-10-11,6,930918
M169,2025-10-12,3,336168
M169,2025-10-13,0,0
M169,2025-10-14,4,692680
M169,2025-10-15,5,205545
M169,2025-10-16,1,106676
M169,2025-10-17,3,122844
M169,2025-10-18,4,175856
M169,2025-10-19,0,0
M169,2025-10-20,0,0
M169,2025-10-21,0,0
M169,2025-10-22,1,70293
M169,2025-10-23,5,881025
M169,2025-10-24,4,653792
M169,2025-10-25,6,873954
M169,2025-10-26,4,643908
M169,2025-10-27,4,469656
M169,2025-10-28,5,545180
M169,2025-10-29,2,238712
M169,2025-10-30,4,541096
M169,2025-10-31,6,901680
M169,2025-11-01,0,0
M169,2025-11-02,4,431756
M169,2025-11-03,5,647060
M169,2025-11-04,0,0
M169,2025-11-05,4,453604
M169,2025-11-06,0,0
M169,2025-11-07,0,0
M169,2025-11-08,6,618534
M169,2025-11-09,0,0
M169,2025-11-10,5,633675
M169,2025-11-11,4,671544
M169,2025-11-12,0,0
M169,2025-11-13,1,56212
M169,2025-11-14,3,280701
M169,2025-11-15,6,822258
M169,2025-11-16,1,108157
M169,2025-11-17,5,791315
M169,2025-11-18,0,0
M169,2025-11-19,4,361684
M169,2025-11-20,0,0
M169,2025-11-21,3,194403
M169,2025-11-22,0,0
M169,2025-11-23,4,372408
M169,2025-11-24,7,572271
M169,2025-11-25,4,539084
M169,2025-11-26,0,0
M169,2025-11-27,0,0
M169,2025-11-28,0,0
M169,2025-11-29,1,137495
M169,2025-11-30,0,0
M169,2025-12-01,0,0
M169,2025-12-02,0,0
M169,2025-12-03,4,633644
M169,2025-12-04,6,415716
M169,2025-12-05,5,798275
M169,2025-12-06,2,179506
M169,2025-12-07,0,0
M169,2025-12-08,6,850662
M169,2025-12-09,4,354972
M169,2025-12-10,4,244308
M169,2025-12-11,0,0
M169,2025-12-12,5,869220
M169,2025-12-13,4,162552
M169,2025-12-14,1,130439
M169,2025-12-15,0,0
M169,2025-12-16,8,1013360
M169,2025-12-17,6,582336
M169,2025-12-18,4,224720
M169,2025-12-19,8,823824
M169,2025-12-20,0,0
M169,2025-12-21,0,0
M169,2025-12-22,0,0
M169,2025-12-23,2,212182
M169,2025-12-24,4,635568
M169,2025-12-25,2,290742
M169,2025-12-26,5,452615
M169,2025-12-27,0,0
M169,2025-12-28,5,747710
M169,2025-12-29,6,776166
M169,2025-12-30,0,0
M169,2025-12-31,0,0
M169,2026-01-01,4,250300
M169,2026-01-02,5,412950
M169,2026-01-03,0,0
M169,2026-01-04,2,106978
M169,2026-01-05,0,0
M169,2026-01-06,0,0
M169,2026-01-07,0,0
M169,2026-01-08,0,0
M169,2026-01-09,2,160980
M169,2026-01-10,2,306828
M169,2026-01-11,3,267297
M169,2026-01-12,0,0
M169,2026-01-13,2,75970
M169,2026-01-14,0,0
M169,2026-01-15,8,910728
M169,2026-01-16,7,286405
M169,2026-01-17,0,0
M169,2026-01-18,5,829070
M169,2026-01-19,1,129866
M169,2026-01-20,5,854345
M169,2026-01-21,3,151155
M169,2026-01-22,3,107196
M169,2026-01-23,5,356950
M169,2026-01-24,5,442425
M169,2026-01-25,0,0
M169,2026-01-26,2,114596
M169,2026-01-27,6,297234
M169,2026-01-28,0,0
M169,2026-01-29,3,384795
M169,2026-01-30,0,0
M169,2026-01-31,0,0
M169,2026-02-01,3,133413
M169,2026-02-02,0,0
M169,2026-02-03,0,0
M169,2026-02-04,4,293752
M169,2026-02-05,0,0
M169,2026-02-06,4,318068
M169,2026-02-07,4,182944
M169,2026-02-08,0,0
M169,2026-02-09,4,716584
M169,2026-02-10,6,286680
M169,2026-02-11,2,102592
M169,2026-02-12,5,281905
M169,2026-02-13,0,0
M169,2026-02-14,2,219418
M169,2026-02-15,2,355246
M169,2026-02-16,4,332400
M169,2026-02-17,1,157010
M169,2026-02-18,5,773375
M169,2026-02-19,6,707610
M169,2026-02-20,0,0
M169,2026-02-21,3,379356
M169,2026-02-22,0,0
M169,2026-02-23,2,288062
M169,2026-02-24,0,0
M169,2026-02-25,0,0
M169,2026-02-26,5,435270
M169,2026-02-27,0,0
M169,2026-02-28,0,0
M169,2026-03-01,0,0
M169,2026-03-02,1,36888
M169,2026-03-03,5,313750
M169,2026-03-04,2,162366
M169,2026-03-05,4,499408
M169,2026-03-06,4,402084
M169,2026-03-07,1,133246
M169,2026-03-08,4,442832
M169,2026-03-09,0,0
M169,2026-03-10,2,125302
M169,2026-03-11,0,0
M169,2026-03-12,0,0
M169,2026-03-13,1,58381
M169,2026-03-14,3,466968
M169,2026-03-15,10,1681340
M169,2026-03-16,0,0
M169,2026-03-17,3,256506
M169,2026-03-18,2,199342
M169,2026-03-19,2,136876
M169,2026-03-20,0,0
M169,2026-03-21,0,0
M169,2026-03-22,0,0
M169,2026-03-23,3,298923
M169,2026-03-24,2,298586
M169,2026-03-25,0,0
M169,2026-03-26,7,557032
M169,2026-03-27,3,344358
M169,2026-03-28,5,427645
M169,2026-03-29,0,0
M169,2026-03-30,6,668334
M169,2026-03-31,0,0
M169,2026-04-01,2,332622
M169,2026-04-02,0,0
M169,2026-04-03,2,181182
M169,2026-04-04,0,0
M169,2026-04-05,0,0
M169,2026-04-06,6,1039908
M169,2026-04-07,0,0
M169,2026-04-08,4,286236
M169,2026-04-09,0,0
M169,2026-04-10,3,313569
M169,2026-04-11,5,295470
M169,2026-04-12,0,0
M169,2026-04-13,0,0
M169,2026-04-14,5,695850
M169,2026-04-15,2,107758
M169,2026-04-16,3,368385
M169,2026-04-17,5,645115
M169,2026-04-18,5,551625
M169,2026-04-19,0,0
M169,2026-04-20,5,228350
M169,2026-04-21,1,91339
M169,2026-04-22,6,568422
M169,2026-04-23,0,0
M169,2026-04-24,0,0
M169,2026-04-25,6,701808
M169,2026-04-26,4,697420
M169,2026-04-27,5,548530
M169,2026-04-28,4,418460
M169,2026-04-29,1,67626
M169,2026-04-30,4,237100
M169,2026-05-01,0,0
M169,2026-05-02,6,559974
M169,2026-05-03,1,126734
M169,2026-05-04,2,326572
M169,2026-05-05,3,520050
M169,2026-05-06,2,270916
M169,2026-05-07,5,549855
M169,2026-05-08,3,373818
M169,2026-05-09,8,1015272
M169,2026-05-10,5,458700
M169,2026-05-11,0,0
M169,2026-05-12,5,432295
M169,2026-05-13,2,260866
M169,2026-05-14,0,0
M169,2026-05-15,2,223104
M169,2026-05-16,0,0
M169,2026-05-17,4,610276
M169,2026-05-18,6,228786
M169,2026-05-19,0,0
M169,2026-05-20,0,0
M169,2026-05-21,4,445740
M169,2026-05-22,5,491275
M169,2026-05-23,0,0
M169,2026-05-24,8,644840
M169,2026-05-25,2,319662
M169,2026-05-26,1,132204
M169,2026-05-27,7,427343
M169,2026-05-28,5,323595
M169,2026-05-29,3,179607
M169,2026-05-30,6,213768
M169,2026-05-31,0,0
M169,2026-06-01,4,681880
M169,2026-06-02,5,348895
M169,2026-06-03,2,143866
M169,2026-06-04,0,0
M169,2026-06-05,0,0
M169,2026-06-06,6,556278
M169,2026-06-07,6,452376
M169,2026-06-08,0,0
M169,2026-06-09,4,169720
M169,2026-06-10,1,101444
M169,2026-06-11,0,0
M169,2026-06-12,0,0
M169,2026-06-13,0,0
M169,2026-06-14,6,556608
M169,2026-06-15,2,202984
M169,2026-06-16,0,0
M169,2026-06-17,5,298935
M169,2026-06-18,4,209572
M169,2026-06-19,1,176812
M169,2026-06-20,2,351758
M169,2026-06-21,0,0
M169,2026-06-22,0,0
M169,2026-06-23,0,0
M169,2026-06-24,3,375561
M169,2026-06-25,0,0
M169,2026-06-26,4,685320
M169,2026-06-27,1,73533
M169,2026-06-28,6,735426
M169,2026-06-29,4,401436
M169,2026-06-30,2,100038
M169,2026-07-01,2,323534
M169,2026-07-02,3,539853
M169,2026-07-03,5,188650
M169,2026-07-04,3,530055
M169,2026-07-05,3,307191
M169,2026-07-06,0,0
M169,2026-07-07,3,268566
M169,2026-07-08,2,154937
M169,2026-07-09,1,61974
M169,2026-07-10,0,0
M169,2026-07-11,0,0
M169,2026-07-12,0,0
M169,2026-07-13,0,0
M169,2026-07-14,9,836660
M169,2026-07-15,5,413165
M169,2026-07-16,11,1032913
M169,2026-07-17,5,475140
M169,2026-07-18,4,392507
M169,2026-07-19,3,309874
M169,2026-07-20,1,72303
M169,2026-07-21,2,144607
M169,2026-07-22,8,692052
M169,2026-07-23,0,0
M169,2026-07-24,2,175595
M169,2026-07-25,0,0
M169,2026-07-26,3,289215
M169,2026-07-27,0,0
M169,2026-07-28,0,0
M169,2026-07-29,7,640406
M169,2026-07-30,9,785014
M169,2026-07-31,0,0
M169,2026-08-01,0,0
M169,2026-08-02,5,464811
M169,2026-08-03,10,877976
M169,2026-08-04,4,325828
M169,2026-08-05,0,0
M169,2026-08-06,3,310666
M169,2026-08-07,0,0
M169,2026-08-08,0,0
M169,2026-08-09,0,0
M169,2026-08-10,7,659220
M169,2026-08-11,7,628911
M169,2026-08-12,5,431902
M169,2026-08-13,7,666797
M169,2026-08-14,7,613756
M169,2026-08-15,6,560716
M169,2026-08-16,0,0
M169,2026-08-17,0,0
M169,2026-08-18,4,325821
M169,2026-08-19,4,340975
M169,2026-08-20,0,0
M169,2026-08-21,7,628911
M169,2026-08-22,7,598602
M169,2026-08-23,5,439480
M169,2026-08-24,6,500098
M169,2026-08-25,0,0
M169,2026-08-26,0,0
M169,2026-08-27,5,439480
M169,2026-08-28,1,45463
M169,2026-08-29,0,0
M169,2026-08-30,1,37886
M169,2026-08-31,7,636488
M171,2026-08-28,0,0
M171,2026-08-29,0,0
M171,2026-08-30,0,0
M171,2026-08-31,4,347496
M173,2026-05-09,0,0
M173,2026-05-10,0,0
M173,2026-05-11,0,0
M173,2026-05-12,2,192804
M173,2026-05-13,4,371860
M173,2026-05-14,6,416568
M173,2026-05-15,5,356585
M173,2026-05-16,3,294186
M173,2026-05-17,7,1003030
M173,2026-05-18,4,635092
M173,2026-05-19,0,0
M173,2026-05-20,0,0
M173,2026-05-21,4,444944
M173,2026-05-22,6,960240
M173,2026-05-23,0,0
M173,2026-05-24,6,649014
M173,2026-05-25,2,181782
M173,2026-05-26,4,441212
M173,2026-05-27,0,0
M173,2026-05-28,5,452220
M173,2026-05-29,3,152817
M173,2026-05-30,0,0
M173,2026-05-31,5,678760
M173,2026-06-01,5,487920
M173,2026-06-02,0,0
M173,2026-06-03,6,278898
M173,2026-06-04,4,488224
M173,2026-06-05,4,283620
M173,2026-06-06,2,254684
M173,2026-06-07,0,0
M173,2026-06-08,6,629028
M173,2026-06-09,0,0
M173,2026-06-10,2,249024
M173,2026-06-11,1,171039
M173,2026-06-12,0,0
M173,2026-06-13,0,0
M173,2026-06-14,2,189480
M173,2026-06-15,3,421209
M173,2026-06-16,0,0
M173,2026-06-17,0,0
M173,2026-06-18,4,601348
M173,2026-06-19,4,718048
M173,2026-06-20,10,742450
M173,2026-06-21,0,0
M173,2026-06-22,0,0
M173,2026-06-23,0,0
M173,2026-06-24,0,0
M173,2026-06-25,0,0
M173,2026-06-26,0,0
M173,2026-06-27,7,834561
M173,2026-06-28,0,0
M173,2026-06-29,2,341882
M173,2026-06-30,4,681556
M173,2026-07-01,3,407640
M173,2026-07-02,8,682240
M173,2026-07-03,4,647764
M173,2026-07-04,0,0
M173,2026-07-05,2,102218
M173,2026-07-06,0,0
M173,2026-07-07,0,0
M173,2026-07-08,4,390235
M173,2026-07-09,0,0
M173,2026-07-10,9,811675
M173,2026-07-11,3,312182
M173,2026-07-12,0,0
M173,2026-07-13,17,1545305
M173,2026-07-14,4,359010
M173,2026-07-15,8,733629
M173,2026-07-16,0,0
M173,2026-07-17,5,483883
M173,2026-07-18,0,0
M173,2026-07-19,0,0
M173,2026-07-20,13,1170685
M173,2026-07-21,0,0
M173,2026-07-22,0,0
M173,2026-07-23,10,858503
M173,2026-07-24,0,0
M173,2026-07-25,4,327792
M173,2026-07-26,3,265355
M173,2026-07-27,0,0
M173,2026-07-28,2,218528
M173,2026-07-29,0,0
M173,2026-07-30,1,31218
M173,2026-07-31,9,796066
M173,2026-08-01,0,0
M173,2026-08-02,0,0
M173,2026-08-03,0,0
M173,2026-08-04,0,0
M173,2026-08-05,11,972618
M173,2026-08-06,8,707352
M173,2026-08-07,2,167013
M173,2026-08-08,9,766298
M173,2026-08-09,11,952960
M173,2026-08-10,9,805595
M173,2026-08-11,10,903838
M173,2026-08-12,10,943136
M173,2026-08-13,6,510865
M173,2026-08-14,0,0
M173,2026-08-15,4,334027
M173,2026-08-16,11,962784
M173,2026-08-17,4,343851
M173,2026-08-18,1,127716
M173,2026-08-19,6,559987
M173,2026-08-20,4,343851
M173,2026-08-21,0,0
M173,2026-08-22,0,0
M173,2026-08-23,7,658230
M173,2026-08-24,9,835068
M173,2026-08-25,4,392973
M173,2026-08-26,5,481392
M173,2026-08-27,4,353676
M173,2026-08-28,6,520689
M173,2026-08-29,0,0
M173,2026-08-30,9,776122
M173,2026-08-31,3,225959
M174,2025-09-09,0,0
M174,2025-09-10,0,0
M174,2025-09-11,0,0
M174,2025-09-12,0,0
M174,2025-09-13,0,0
M174,2025-09-14,14,2611070
M174,2025-09-15,5,674520
M174,2025-09-16,7,1544459
M174,2025-09-17,8,1431544
M174,2025-09-18,0,0
M174,2025-09-19,4,901976
M174,2025-09-20,9,2277891
M174,2025-09-21,0,0
M174,2025-09-22,5,525320
M174,2025-09-23,5,1279565
M174,2025-09-24,5,366425
M174,2025-09-25,8,1285768
M174,2025-09-26,0,0
M174,2025-09-27,6,1548054
M174,2025-09-28,9,1014363
M174,2025-09-29,5,636720
M174,2025-09-30,8,800456
M174,2025-10-01,10,1752300
M174,2025-10-02,6,1369158
M174,2025-10-03,15,1703985
M174,2025-10-04,8,1901824
M174,2025-10-05,0,0
M174,2025-10-06,8,1943392
M174,2025-10-07,5,784905
M174,2025-10-08,7,1202236
M174,2025-10-09,5,995150
M174,2025-10-10,16,4003760
M174,2025-10-11,0,0
M174,2025-10-12,0,0
M174,2025-10-13,0,0
M174,2025-10-14,8,619912
M174,2025-10-15,6,490980
M174,2025-10-16,8,798696
M174,2025-10-17,8,1879392
M174,2025-10-18,9,990738
M174,2025-10-19,0,0
M174,2025-10-20,9,1946259
M174,2025-10-21,12,1900644
M174,2025-10-22,6,442098
M174,2025-10-23,5,668560
M174,2025-10-24,10,1493620
M174,2025-10-25,0,0
M174,2025-10-26,7,749994
M174,2025-10-27,10,1488960
M174,2025-10-28,0,0
M174,2025-10-29,0,0
M174,2025-10-30,10,1795530
M174,2025-10-31,7,1745303
M174,2025-11-01,8,604296
M174,2025-11-02,8,1065200
M174,2025-11-03,0,0
M174,2025-11-04,7,736526
M174,2025-11-05,0,0
M174,2025-11-06,7,554827
M174,2025-11-07,7,1277836
M174,2025-11-08,0,0
M174,2025-11-09,0,0
M174,2025-11-10,8,1894200
M174,2025-11-11,17,1637015
M174,2025-11-12,9,1583271
M174,2025-11-13,12,912696
M174,2025-11-14,9,1357272
M174,2025-11-15,8,574384
M174,2025-11-16,0,0
M174,2025-11-17,9,2207196
M174,2025-11-18,11,1872728
M174,2025-11-19,8,1010376
M174,2025-11-20,0,0
M174,2025-11-21,5,769065
M174,2025-11-22,11,1650044
M174,2025-11-23,0,0
M174,2025-11-24,0,0
M174,2025-11-25,9,797544
M174,2025-11-26,10,1650730
M174,2025-11-27,4,858252
M174,2025-11-28,0,0
M174,2025-11-29,6,1418370
M174,2025-11-30,11,1124486
M174,2025-12-01,0,0
M174,2025-12-02,0,0
M174,2025-12-03,7,1086610
M174,2025-12-04,4,540408
M174,2025-12-05,0,0
M174,2025-12-06,5,773455
M174,2025-12-07,9,2144601
M174,2025-12-08,5,700835
M174,2025-12-09,9,2336454
M174,2025-12-10,0,0
M174,2025-12-11,10,2131600
M174,2025-12-12,0,0
M174,2025-12-13,7,1297338
M174,2025-12-14,9,1623717
M174,2025-12-15,11,1563023
M174,2025-12-16,8,1936184
M174,2025-12-17,4,612356
M174,2025-12-18,8,1494696
M174,2025-12-19,11,1145133
M174,2025-12-20,6,528636
M174,2025-12-21,0,0
M174,2025-12-22,4,756192
M174,2025-12-23,0,0
M174,2025-12-24,9,973629
M174,2025-12-25,3,508824
M174,2025-12-26,0,0
M174,2025-12-27,13,1853137
M174,2025-12-28,0,0
M174,2025-12-29,6,1297740
M174,2025-12-30,6,1267056
M174,2025-12-31,7,1361381
M174,2026-01-01,3,590217
M174,2026-01-02,11,1139732
M174,2026-01-03,5,620755
M174,2026-01-04,10,2132250
M174,2026-01-05,10,2241160
M174,2026-01-06,7,1017107
M174,2026-01-07,8,1402464
M174,2026-01-08,9,699678
M174,2026-01-09,7,838075
M174,2026-01-10,4,712604
M174,2026-01-11,2,419350
M174,2026-01-12,8,1240104
M174,2026-01-13,5,548565
M174,2026-01-14,0,0
M174,2026-01-15,7,1648339
M174,2026-01-16,0,0
M174,2026-01-17,8,1426488
M174,2026-01-18,7,986321
M174,2026-01-19,5,1016010
M174,2026-01-20,3,304272
M174,2026-01-21,6,1465104
M174,2026-01-22,5,374415
M174,2026-01-23,10,992900
M174,2026-01-24,3,587736
M174,2026-01-25,8,1228216
M174,2026-01-26,4,938192
M174,2026-01-27,8,1623416
M174,2026-01-28,4,911960
M174,2026-01-29,9,935415
M174,2026-01-30,9,1491399
M174,2026-01-31,5,982075
M174,2026-02-01,11,1169047
M174,2026-02-02,8,779176
M174,2026-02-03,7,1511797
M174,2026-02-04,13,947362
M174,2026-02-05,6,441222
M174,2026-02-06,17,1472863
M174,2026-02-07,15,3737865
M174,2026-02-08,3,530559
M174,2026-02-09,10,1327060
M174,2026-02-10,6,1388280
M174,2026-02-11,12,2751252
M174,2026-02-12,7,1214262
M174,2026-02-13,12,2268384
M174,2026-02-14,4,854384
M174,2026-02-15,10,1162590
M174,2026-02-16,6,1270038
M174,2026-02-17,8,1603096
M174,2026-02-18,0,0
M174,2026-02-19,13,920907
M174,2026-02-20,5,604690
M174,2026-02-21,0,0
M174,2026-02-22,7,1136835
M174,2026-02-23,7,567364
M174,2026-02-24,7,597065
M174,2026-02-25,13,2228122
M174,2026-02-26,10,1023610
M174,2026-02-27,12,1028964
M174,2026-02-28,6,555996
M174,2026-03-01,0,0
M174,2026-03-02,5,765645
M174,2026-03-03,10,2153720
M174,2026-03-04,0,0
M174,2026-03-05,0,0
M174,2026-03-06,0,0
M174,2026-03-07,4,475932
M174,2026-03-08,8,1853208
M174,2026-03-09,0,0
M174,2026-03-10,9,1622646
M174,2026-03-11,10,947430
M174,2026-03-12,3,267339
M174,2026-03-13,0,0
M174,2026-03-14,4,304288
M174,2026-03-15,0,0
M174,2026-03-16,10,1675600
M174,2026-03-17,0,0
M174,2026-03-18,9,1595844
M174,2026-03-19,5,451035
M174,2026-03-20,6,885786
M174,2026-03-21,7,825594
M174,2026-03-22,4,893020
M174,2026-03-23,11,1716561
M174,2026-03-24,0,0
M174,2026-03-25,4,436616
M174,2026-03-26,9,2331099
M174,2026-03-27,6,1393278
M174,2026-03-28,0,0
M174,2026-03-29,10,2335360
M174,2026-03-30,11,2235860
M174,2026-03-31,12,2046768
M174,2026-04-01,0,0
M174,2026-04-02,2,283930
M174,2026-04-03,7,1781535
M174,2026-04-04,0,0
M174,2026-04-05,0,0
M174,2026-04-06,6,913764
M174,2026-04-07,7,851025
M174,2026-04-08,6,1002918
M174,2026-04-09,7,1472793
M174,2026-04-10,5,923540
M174,2026-04-11,8,1626104
M174,2026-04-12,7,740754
M174,2026-04-13,0,0
M174,2026-04-14,0,0
M174,2026-04-15,8,1809088
M174,2026-04-16,9,1255248
M174,2026-04-17,6,926448
M174,2026-04-18,11,1674211
M174,2026-04-19,7,1164128
M174,2026-04-20,8,1901040
M174,2026-04-21,6,1488012
M174,2026-04-22,0,0
M174,2026-04-23,10,2349060
M174,2026-04-24,7,1203286
M174,2026-04-25,8,620736
M174,2026-04-26,9,1478430
M174,2026-04-27,10,1507640
M174,2026-04-28,10,1203420
M174,2026-04-29,0,0
M174,2026-04-30,12,2516700
M174,2026-05-01,0,0
M174,2026-05-02,4,999428
M174,2026-05-03,7,1417507
M174,2026-05-04,12,2093424
M174,2026-05-05,8,1371440
M174,2026-05-06,8,1400872
M174,2026-05-07,3,630915
M174,2026-05-08,7,1800519
M174,2026-05-09,3,421854
M174,2026-05-10,9,2001132
M174,2026-05-11,8,1444928
M174,2026-05-12,9,1151901
M174,2026-05-13,4,872504
M174,2026-05-14,15,2938425
M174,2026-05-15,13,2853435
M174,2026-05-16,6,490206
M174,2026-05-17,7,681240
M174,2026-05-18,4,405008
M174,2026-05-19,9,858771
M174,2026-05-20,6,615432
M174,2026-05-21,11,873807
M174,2026-05-22,0,0
M174,2026-05-23,6,883650
M174,2026-05-24,10,865270
M174,2026-05-25,0,0
M174,2026-05-26,5,1266525
M174,2026-05-27,8,1812552
M174,2026-05-28,0,0
M174,2026-05-29,7,1683164
M174,2026-05-30,13,3118427
M174,2026-05-31,11,945791
M174,2026-06-01,8,1265568
M174,2026-06-02,7,596190
M174,2026-06-03,8,1156736
M174,2026-06-04,6,432042
M174,2026-06-05,2,308096
M174,2026-06-06,0,0
M174,2026-06-07,4,910396
M174,2026-06-08,10,1657110
M174,2026-06-09,6,1506360
M174,2026-06-10,13,1962766
M174,2026-06-11,6,462372
M174,2026-06-12,14,3099306
M174,2026-06-13,8,1810464
M174,2026-06-14,3,356862
M174,2026-06-15,6,1448376
M174,2026-06-16,7,1448202
M174,2026-06-17,10,2027640
M174,2026-06-18,13,2507700
M174,2026-06-19,7,924952
M174,2026-06-20,9,1716066
M174,2026-06-21,12,1718868
M174,2026-06-22,6,1367784
M174,2026-06-23,5,1277775
M174,2026-06-24,5,1226075
M174,2026-06-25,9,1072746
M174,2026-06-26,5,1003405
M174,2026-06-27,0,0
M174,2026-06-28,11,1961036
M174,2026-06-29,9,835326
M174,2026-06-30,0,0
M174,2026-07-01,0,0
M174,2026-07-02,0,0
M174,2026-07-03,3,254871
M174,2026-07-04,7,1164590
M174,2026-07-05,9,869508
M174,2026-07-06,8,985224
M174,2026-07-07,0,0
M174,2026-07-08,8,1255568
M174,2026-07-09,0,0
M174,2026-07-10,13,1956337
M174,2026-07-11,0,0
M174,2026-07-12,0,0
M174,2026-07-13,11,1635147
M174,2026-07-14,8,1226360
M174,2026-07-15,0,0
M174,2026-07-16,0,0
M174,2026-07-17,10,1518351
M174,2026-07-18,1,204393
M174,2026-07-19,0,0
M174,2026-07-20,9,1284758
M174,2026-07-21,10,1489152
M174,2026-07-22,0,0
M174,2026-07-23,17,2540318
M174,2026-07-24,11,1693545
M174,2026-07-25,17,2540318
M174,2026-07-26,11,1576749
M174,2026-07-27,0,0
M174,2026-07-28,0,0
M174,2026-07-29,19,2919906
M174,2026-07-30,13,1897939
M174,2026-07-31,8,1167962
M174,2026-08-01,0,0
M174,2026-08-02,6,905170
M174,2026-08-03,0,0
M174,2026-08-04,11,1626886
M174,2026-08-05,2,254198
M174,2026-08-06,10,1550612
M174,2026-08-07,2,355878
M174,2026-08-08,3,457557
M174,2026-08-09,0,0
M174,2026-08-10,15,2262369
M174,2026-08-11,7,1067635
M174,2026-08-12,1,127099
M174,2026-08-13,0,0
M174,2026-08-14,12,1804811
M174,2026-08-15,13,2008170
M174,2026-08-16,11,1652292
M174,2026-08-17,8,1194734
M174,2026-08-18,0,0
M174,2026-08-19,10,1550612
M174,2026-08-20,0,0
M174,2026-08-21,0,0
M174,2026-08-22,5,686336
M174,2026-08-23,9,1321833
M174,2026-08-24,16,2440308
M174,2026-08-25,8,1194734
M174,2026-08-26,1,152519
M174,2026-08-27,7,1067635
M174,2026-08-28,11,1626872
M174,2026-08-29,0,0
M174,2026-08-30,5,813436
M174,2026-08-31,7,1118474
M175,2026-01-28,0,0
M175,2026-01-29,0,0
M175,2026-01-30,0,0
M175,2026-01-31,0,0
M175,2026-02-01,0,0
M175,2026-02-02,1,162763
M175,2026-02-03,0,0
M175,2026-02-04,0,0
M175,2026-02-05,5,889160
M175,2026-02-06,0,0
M175,2026-02-07,3,487770
M175,2026-02-08,4,342292
M175,2026-02-09,4,379788
M175,2026-02-10,0,0
M175,2026-02-11,2,205666
M175,2026-02-12,0,0
M175,2026-02-13,5,850320
M175,2026-02-14,7,1155343
M175,2026-02-15,4,298988
M175,2026-02-16,0,0
M175,2026-02-17,3,126924
M175,2026-02-18,0,0
M175,2026-02-19,1,39553
M175,2026-02-20,3,145089
M175,2026-02-21,3,449337
M175,2026-02-22,7,810684
M175,2026-02-23,0,0
M175,2026-02-24,1,173505
M175,2026-02-25,0,0
M175,2026-02-26,0,0
M175,2026-02-27,0,0
M175,2026-02-28,2,101988
M175,2026-03-01,3,327840
M175,2026-03-02,0,0
M175,2026-03-03,3,391212
M175,2026-03-04,3,426528
M175,2026-03-05,4,479820
M175,2026-03-06,0,0
M175,2026-03-07,4,506608
M175,2026-03-08,2,132612
M175,2026-03-09,4,543828
M175,2026-03-10,4,230632
M175,2026-03-11,5,571545
M175,2026-03-12,1,83082
M175,2026-03-13,2,291108
M175,2026-03-14,0,0
M175,2026-03-15,4,298000
M175,2026-03-16,4,489204
M175,2026-03-17,7,302939
M175,2026-03-18,0,0
M175,2026-03-19,0,0
M175,2026-03-20,4,246948
M175,2026-03-21,6,347466
M175,2026-03-22,6,339954
M175,2026-03-23,0,0
M175,2026-03-24,6,214410
M175,2026-03-25,3,231006
M175,2026-03-26,11,1219592
M175,2026-03-27,0,0
M175,2026-03-28,7,1109360
M175,2026-03-29,5,770865
M175,2026-03-30,0,0
M175,2026-03-31,2,144322
M175,2026-04-01,0,0
M175,2026-04-02,0,0
M175,2026-04-03,3,404967
M175,2026-04-04,3,364224
M175,2026-04-05,6,913188
M175,2026-04-06,0,0
M175,2026-04-07,0,0
M175,2026-04-08,0,0
M175,2026-04-09,2,212896
M175,2026-04-10,1,135023
M175,2026-04-11,0,0
M175,2026-04-12,5,258565
M175,2026-04-13,3,357639
M175,2026-04-14,0,0
M175,2026-04-15,3,477630
M175,2026-04-16,3,189435
M175,2026-04-17,0,0
M175,2026-04-18,0,0
M175,2026-04-19,0,0
M175,2026-04-20,0,0
M175,2026-04-21,2,223752
M175,2026-04-22,4,600664
M175,2026-04-23,0,0
M175,2026-04-24,4,309480
M175,2026-04-25,5,275880
M175,2026-04-26,3,470121
M175,2026-04-27,4,671372
M175,2026-04-28,4,675044
M175,2026-04-29,5,747625
M175,2026-04-30,0,0
M175,2026-05-01,2,299030
M175,2026-05-02,4,287276
M175,2026-05-03,6,456654
M175,2026-05-04,0,0
M175,2026-05-05,5,186200
M175,2026-05-06,0,0
M175,2026-05-07,4,140948
M175,2026-05-08,0,0
M175,2026-05-09,3,473997
M175,2026-05-10,4,651360
M175,2026-05-11,4,653552
M175,2026-05-12,0,0
M175,2026-05-13,4,572556
M175,2026-05-14,2,161718
M175,2026-05-15,1,132376
M175,2026-05-16,6,881358
M175,2026-05-17,4,684420
M175,2026-05-18,3,243387
M175,2026-05-19,1,145843
M175,2026-05-20,0,0
M175,2026-05-21,0,0
M175,2026-05-22,1,103977
M175,2026-05-23,0,0
M175,2026-05-24,4,424076
M175,2026-05-25,0,0
M175,2026-05-26,0,0
M175,2026-05-27,0,0
M175,2026-05-28,3,187188
M175,2026-05-29,9,415134
M175,2026-05-30,6,226200
M175,2026-05-31,0,0
M175,2026-06-01,0,0
M175,2026-06-02,2,293238
M175,2026-06-03,4,441464
M175,2026-06-04,4,633448
M175,2026-06-05,2,212802
M175,2026-06-06,0,0
M175,2026-06-07,0,0
M175,2026-06-08,0,0
M175,2026-06-09,5,211595
M175,2026-06-10,8,943768
M175,2026-06-11,0,0
M175,2026-06-12,9,1554030
M175,2026-06-13,3,419064
M175,2026-06-14,4,241796
M175,2026-06-15,0,0
M175,2026-06-16,0,0
M175,2026-06-17,3,206292
M175,2026-06-18,0,0
M175,2026-06-19,6,983970
M175,2026-06-20,0,0
M175,2026-06-21,0,0
M175,2026-06-22,4,431912
M175,2026-06-23,0,0
M175,2026-06-24,4,439476
M175,2026-06-25,4,609908
M175,2026-06-26,3,434913
M175,2026-06-27,3,350337
M175,2026-06-28,5,653400
M175,2026-06-29,0,0
M175,2026-06-30,1,89844
M175,2026-07-01,4,702140
M175,2026-07-02,4,234656
M175,2026-07-03,0,0
M175,2026-07-04,0,0
M175,2026-07-05,5,474235
M175,2026-07-06,0,0
M175,2026-07-07,2,168227
M175,2026-07-08,0,0
M175,2026-07-09,0,0
M175,2026-07-10,0,0
M175,2026-07-11,0,0
M175,2026-07-12,7,623407
M175,2026-07-13,0,0
M175,2026-07-14,2,197906
M175,2026-07-15,1,19790
M175,2026-07-16,1,98953
M175,2026-07-17,1,59372
M175,2026-07-18,1,89058
M175,2026-07-19,0,0
M175,2026-07-20,0,0
M175,2026-07-21,7,603616
M175,2026-07-22,0,0
M175,2026-07-23,2,178116
M175,2026-07-24,10,880686
M175,2026-07-25,1,79162
M175,2026-07-26,0,0
M175,2026-07-27,1,59372
M175,2026-07-28,0,0
M175,2026-07-29,6,514558
M175,2026-07-30,10,890581
M175,2026-07-31,0,0
M175,2026-08-01,9,841104
M175,2026-08-02,1,118744
M175,2026-08-03,11,969744
M175,2026-08-04,2,142540
M175,2026-08-05,0,0
M175,2026-08-06,2,179708
M175,2026-08-07,2,173511
M175,2026-08-08,1,37181
M175,2026-08-09,6,557716
M175,2026-08-10,7,588700
M175,2026-08-11,2,136330
M175,2026-08-12,6,514338
M175,2026-08-13,1,86755
M175,2026-08-14,4,384204
M175,2026-08-15,6,495748
M175,2026-08-16,0,0
M175,2026-08-17,0,0
M175,2026-08-18,2,223086
M175,2026-08-19,1,61968
M175,2026-08-20,6,563913
M175,2026-08-21,3,254070
M175,2026-08-22,7,594897
M175,2026-08-23,0,0
M175,2026-08-24,2,192102
M175,2026-08-25,1,6196
M175,2026-08-26,4,347023
M175,2026-08-27,2,142527
M175,2026-08-28,0,0
M175,2026-08-29,1,123937
M175,2026-08-30,4,334629
M175,2026-08-31,2,154921
M176,2025-02-27,0,0
M176,2025-02-28,0,0
M176,2025-03-01,0,0
M176,2025-03-02,0,0
M176,2025-03-03,0,0
M176,2025-03-04,0,0
M176,2025-03-05,0,0
M176,2025-03-06,0,0
M176,2025-03-07,0,0
M176,2025-03-08,0,0
M176,2025-03-09,0,0
M176,2025-03-10,0,0
M176,2025-03-11,0,0
M176,2025-03-12,0,0
M176,2025-03-13,0,0
M176,2025-03-14,0,0
M176,2025-03-15,0,0
M176,2025-03-16,0,0
M176,2025-03-17,0,0
M176,2025-03-18,0,0
M176,2025-03-19,0,0
M176,2025-03-20,0,0
M176,2025-03-21,3,202587
M176,2025-03-22,0,0
M176,2025-03-23,0,0
M176,2025-03-24,0,0
M176,2025-03-25,0,0
M176,2025-03-26,0,0
M176,2025-03-27,6,388080
M176,2025-03-28,0,0
M176,2025-03-29,0,0
M176,2025-03-30,0,0
M176,2025-03-31,5,553515
M176,2025-04-01,3,247272
M176,2025-04-02,0,0
M176,2025-04-03,6,680118
M176,2025-04-04,0,0
M176,2025-04-05,0,0
M176,2025-04-06,3,260403
M176,2025-04-07,4,407056
M176,2025-04-08,4,670404
M176,2025-04-09,3,379134
M176,2025-04-10,4,568160
M176,2025-04-11,0,0
M176,2025-04-12,4,693216
M176,2025-04-13,0,0
M176,2025-04-14,0,0
M176,2025-04-15,2,252576
M176,2025-04-16,2,194842
M176,2025-04-17,6,858024
M176,2025-04-18,0,0
M176,2025-04-19,0,0
M176,2025-04-20,4,605712
M176,2025-04-21,0,0
M176,2025-04-22,0,0
M176,2025-04-23,3,309288
M176,2025-04-24,3,448161
M176,2025-04-25,0,0
M176,2025-04-26,0,0
M176,2025-04-27,6,1018380
M176,2025-04-28,0,0
M176,2025-04-29,4,414632
M176,2025-04-30,10,1388520
M176,2025-05-01,3,192684
M176,2025-05-02,7,416360
M176,2025-05-03,0,0
M176,2025-05-04,0,0
M176,2025-05-05,0,0
M176,2025-05-06,7,410914
M176,2025-05-07,0,0
M176,2025-05-08,3,316641
M176,2025-05-09,7,1008063
M176,2025-05-10,4,656408
M176,2025-05-11,4,313900
M176,2025-05-12,2,348892
M176,2025-05-13,5,885785
M176,2025-05-14,2,236078
M176,2025-05-15,0,0
M176,2025-05-16,0,0
M176,2025-05-17,2,219722
M176,2025-05-18,3,481140
M176,2025-05-19,1,84949
M176,2025-05-20,0,0
M176,2025-05-21,4,526592
M176,2025-05-22,0,0
M176,2025-05-23,1,138377
M176,2025-05-24,3,281793
M176,2025-05-25,5,302870
M176,2025-05-26,1,161048
M176,2025-05-27,2,336308
M176,2025-05-28,0,0
M176,2025-05-29,8,666952
M176,2025-05-30,7,418992
M176,2025-05-31,0,0
M176,2025-06-01,5,225030
M176,2025-06-02,0,0
M176,2025-06-03,0,0
M176,2025-06-04,0,0
M176,2025-06-05,1,116904
M176,2025-06-06,3,539037
M176,2025-06-07,0,0
M176,2025-06-08,4,659096
M176,2025-06-09,0,0
M176,2025-06-10,3,435927
M176,2025-06-11,2,104552
M176,2025-06-12,0,0
M176,2025-06-13,0,0
M176,2025-06-14,0,0
M176,2025-06-15,4,170144
M176,2025-06-16,3,525816
M176,2025-06-17,0,0
M176,2025-06-18,0,0
M176,2025-06-19,5,878585
M176,2025-06-20,6,649230
M176,2025-06-21,4,621728
M176,2025-06-22,0,0
M176,2025-06-23,0,0
M176,2025-06-24,6,885714
M176,2025-06-25,4,678512
M176,2025-06-26,3,450900
M176,2025-06-27,0,0
M176,2025-06-28,0,0
M176,2025-06-29,4,408832
M176,2025-06-30,7,606389
M176,2025-07-01,3,486387
M176,2025-07-02,2,343578
M176,2025-07-03,0,0
M176,2025-07-04,0,0
M176,2025-07-05,3,467547
M176,2025-07-06,9,844767
M176,2025-07-07,2,158400
M176,2025-07-08,0,0
M176,2025-07-09,0,0
M176,2025-07-10,0,0
M176,2025-07-11,0,0
M176,2025-07-12,0,0
M176,2025-07-13,0,0
M176,2025-07-14,0,0
M176,2025-07-15,5,253960
M176,2025-07-16,6,580854
M176,2025-07-17,2,268874
M176,2025-07-18,7,1211616
M176,2025-07-19,2,331460
M176,2025-07-20,0,0
M176,2025-07-21,0,0
M176,2025-07-22,0,0
M176,2025-07-23,3,338679
M176,2025-07-24,3,333522
M176,2025-07-25,9,353871
M176,2025-07-26,5,307115
M176,2025-07-27,2,85018
M176,2025-07-28,3,405861
M176,2025-07-29,3,231444
M176,2025-07-30,2,85636
M176,2025-07-31,1,71331
M176,2025-08-01,3,196182
M176,2025-08-02,3,520086
M176,2025-08-03,4,211032
M176,2025-08-04,6,1058328
M176,2025-08-05,5,595015
M176,2025-08-06,3,345039
M176,2025-08-07,3,457476
M176,2025-08-08,0,0
M176,2025-08-09,6,778194
M176,2025-08-10,2,174920
M176,2025-08-11,0,0
M176,2025-08-12,2,281376
M176,2025-08-13,3,311076
M176,2025-08-14,0,0
M176,2025-08-15,0,0
M176,2025-08-16,3,486114
M176,2025-08-17,5,630595
M176,2025-08-18,0,0
M176,2025-08-19,2,192606
M176,2025-08-20,3,232434
M176,2025-08-21,2,136178
M176,2025-08-22,0,0
M176,2025-08-23,0,0
M176,2025-08-24,8,301184
M176,2025-08-25,3,219924
M176,2025-08-26,0,0
M176,2025-08-27,0,0
M176,2025-08-28,0,0
M176,2025-08-29,8,1344056
M176,2025-08-30,6,734568
M176,2025-08-31,5,209285
M176,2025-09-01,3,189882
M176,2025-09-02,7,1050868
M176,2025-09-03,4,395876
M176,2025-09-04,7,932715
M176,2025-09-05,0,0
M176,2025-09-06,4,553444
M176,2025-09-07,0,0
M176,2025-09-08,0,0
M176,2025-09-09,0,0
M176,2025-09-10,0,0
M176,2025-09-11,2,252730
M176,2025-09-12,7,747677
M176,2025-09-13,7,327047
M176,2025-09-14,1,142145
M176,2025-09-15,4,348684
M176,2025-09-16,0,0
M176,2025-09-17,2,275160
M176,2025-09-18,0,0
M176,2025-09-19,0,0
M176,2025-09-20,2,169160
M176,2025-09-21,0,0
M176,2025-09-22,0,0
M176,2025-09-23,2,240214
M176,2025-09-24,6,1018914
M176,2025-09-25,4,225024
M176,2025-09-26,6,619416
M176,2025-09-27,3,245979
M176,2025-09-28,3,283674
M176,2025-09-29,0,0
M176,2025-09-30,0,0
M176,2025-10-01,0,0
M176,2025-10-02,1,179121
M176,2025-10-03,4,333992
M176,2025-10-04,4,297588
M176,2025-10-05,0,0
M176,2025-10-06,5,490670
M176,2025-10-07,4,218564
M176,2025-10-08,0,0
M176,2025-10-09,1,108947
M176,2025-10-10,4,221116
M176,2025-10-11,1,70814
M176,2025-10-12,0,0
M176,2025-10-13,0,0
M176,2025-10-14,5,754005
M176,2025-10-15,7,445543
M176,2025-10-16,0,0
M176,2025-10-17,0,0
M176,2025-10-18,3,199359
M176,2025-10-19,5,438450
M176,2025-10-20,0,0
M176,2025-10-21,4,220068
M176,2025-10-22,0,0
M176,2025-10-23,2,287244
M176,2025-10-24,2,189208
M176,2025-10-25,0,0
M176,2025-10-26,8,705480
M176,2025-10-27,3,250887
M176,2025-10-28,5,854945
M176,2025-10-29,0,0
M176,2025-10-30,2,197176
M176,2025-10-31,3,449466
M176,2025-11-01,4,247588
M176,2025-11-02,5,206430
M176,2025-11-03,4,694628
M176,2025-11-04,8,439096
M176,2025-11-05,0,0
M176,2025-11-06,5,701365
M176,2025-11-07,6,750900
M176,2025-11-08,0,0
M176,2025-11-09,0,0
M176,2025-11-10,0,0
M176,2025-11-11,5,283685
M176,2025-11-12,6,930894
M176,2025-11-13,1,76630
M176,2025-11-14,2,188800
M176,2025-11-15,0,0
M176,2025-11-16,2,167206
M176,2025-11-17,3,166449
M176,2025-11-18,0,0
M176,2025-11-19,2,206662
M176,2025-11-20,3,383103
M176,2025-11-21,2,129988
M176,2025-11-22,4,260476
M176,2025-11-23,2,233330
M176,2025-11-24,4,583372
M176,2025-11-25,7,929096
M176,2025-11-26,0,0
M176,2025-11-27,1,120305
M176,2025-11-28,5,430725
M176,2025-11-29,4,292216
M176,2025-11-30,6,664992
M176,2025-12-01,0,0
M176,2025-12-02,3,377511
M176,2025-12-03,0,0
M176,2025-12-04,0,0
M176,2025-12-05,0,0
M176,2025-12-06,3,278757
M176,2025-12-07,0,0
M176,2025-12-08,1,133669
M176,2025-12-09,2,207150
M176,2025-12-10,13,1252082
M176,2025-12-11,2,264704
M176,2025-12-12,2,180954
M176,2025-12-13,0,0
M176,2025-12-14,5,614750
M176,2025-12-15,3,140103
M176,2025-12-16,0,0
M176,2025-12-17,3,172779
M176,2025-12-18,3,158928
M176,2025-12-19,6,337182
M176,2025-12-20,6,998268
M176,2025-12-21,6,603084
M176,2025-12-22,0,0
M176,2025-12-23,4,170356
M176,2025-12-24,0,0
M176,2025-12-25,5,377405
M176,2025-12-26,2,341806
M176,2025-12-27,1,86125
M176,2025-12-28,0,0
M176,2025-12-29,2,252058
M176,2025-12-30,0,0
M176,2025-12-31,5,800720
M176,2026-01-01,5,591130
M176,2026-01-02,9,802836
M176,2026-01-03,4,340488
M176,2026-01-04,0,0
M176,2026-01-05,5,772195
M176,2026-01-06,6,268524
M176,2026-01-07,7,838558
M176,2026-01-08,2,223346
M176,2026-01-09,4,540536
M176,2026-01-10,4,142416
M176,2026-01-11,1,101534
M176,2026-01-12,0,0
M176,2026-01-13,3,329289
M176,2026-01-14,4,427168
M176,2026-01-15,1,156408
M176,2026-01-16,0,0
M176,2026-01-17,3,329703
M176,2026-01-18,4,485384
M176,2026-01-19,5,643465
M176,2026-01-20,1,162829
M176,2026-01-21,7,565544
M176,2026-01-22,4,261912
M176,2026-01-23,0,0
M176,2026-01-24,0,0
M176,2026-01-25,0,0
M176,2026-01-26,4,229892
M176,2026-01-27,0,0
M176,2026-01-28,2,341676
M176,2026-01-29,4,361304
M176,2026-01-30,4,262312
M176,2026-01-31,3,240504
M176,2026-02-01,0,0
M176,2026-02-02,4,192480
M176,2026-02-03,0,0
M176,2026-02-04,3,177069
M176,2026-02-05,1,109884
M176,2026-02-06,5,566315
M176,2026-02-07,5,211100
M176,2026-02-08,0,0
M176,2026-02-09,3,188664
M176,2026-02-10,5,414455
M176,2026-02-11,5,657995
M176,2026-02-12,0,0
M176,2026-02-13,0,0
M176,2026-02-14,0,0
M176,2026-02-15,6,740898
M176,2026-02-16,5,293750
M176,2026-02-17,0,0
M176,2026-02-18,0,0
M176,2026-02-19,0,0
M176,2026-02-20,5,565095
M176,2026-02-21,8,449264
M176,2026-02-22,3,414027
M176,2026-02-23,4,172040
M176,2026-02-24,6,886008
M176,2026-02-25,1,173043
M176,2026-02-26,2,89308
M176,2026-02-27,8,641216
M176,2026-02-28,0,0
M176,2026-03-01,0,0
M176,2026-03-02,2,110054
M176,2026-03-03,0,0
M176,2026-03-04,0,0
M176,2026-03-05,2,225124
M176,2026-03-06,2,173084
M176,2026-03-07,0,0
M176,2026-03-08,0,0
M176,2026-03-09,0,0
M176,2026-03-10,3,465033
M176,2026-03-11,0,0
M176,2026-03-12,0,0
M176,2026-03-13,8,833976
M176,2026-03-14,4,604936
M176,2026-03-15,0,0
M176,2026-03-16,6,468858
M176,2026-03-17,4,257884
M176,2026-03-18,0,0
M176,2026-03-19,2,133338
M176,2026-03-20,8,1132848
M176,2026-03-21,0,0
M176,2026-03-22,0,0
M176,2026-03-23,7,1017471
M176,2026-03-24,5,509340
M176,2026-03-25,4,445924
M176,2026-03-26,0,0
M176,2026-03-27,2,225746
M176,2026-03-28,0,0
M176,2026-03-29,0,0
M176,2026-03-30,8,1198096
M176,2026-03-31,2,124954
M176,2026-04-01,0,0
M176,2026-04-02,3,405789
M176,2026-04-03,0,0
M176,2026-04-04,5,447465
M176,2026-04-05,4,359652
M176,2026-04-06,7,302281
M176,2026-04-07,4,551040
M176,2026-04-08,1,87042
M176,2026-04-09,0,0
M176,2026-04-10,4,693748
M176,2026-04-11,0,0
M176,2026-04-12,2,271422
M176,2026-04-13,4,231052
M176,2026-04-14,3,394278
M176,2026-04-15,0,0
M176,2026-04-16,8,1265392
M176,2026-04-17,0,0
M176,2026-04-18,1,105056
M176,2026-04-19,5,268465
M176,2026-04-20,8,495312
M176,2026-04-21,0,0
M176,2026-04-22,0,0
M176,2026-04-23,4,572488
M176,2026-04-24,8,1061064
M176,2026-04-25,0,0
M176,2026-04-26,0,0
M176,2026-04-27,2,118956
M176,2026-04-28,3,277734
M176,2026-04-29,0,0
M176,2026-04-30,0,0
M176,2026-05-01,0,0
M176,2026-05-02,1,140667
M176,2026-05-03,5,802645
M176,2026-05-04,3,267942
M176,2026-05-05,5,298110
M176,2026-05-06,5,645735
M176,2026-05-07,2,196470
M176,2026-05-08,1,144595
M176,2026-05-09,6,364554
M176,2026-05-10,0,0
M176,2026-05-11,4,187548
M176,2026-05-12,1,46302
M176,2026-05-13,0,0
M176,2026-05-14,6,870780
M176,2026-05-15,9,978831
M176,2026-05-16,0,0
M176,2026-05-17,4,483104
M176,2026-05-18,0,0
M176,2026-05-19,1,171088
M176,2026-05-20,2,281348
M176,2026-05-21,0,0
M176,2026-05-22,0,0
M176,2026-05-23,0,0
M176,2026-05-24,3,295383
M176,2026-05-25,1,147223
M176,2026-05-26,6,760056
M176,2026-05-27,3,479736
M176,2026-05-28,1,78544
M176,2026-05-29,4,165332
M176,2026-05-30,0,0
M176,2026-05-31,9,569178
M176,2026-06-01,5,380305
M176,2026-06-02,1,85398
M176,2026-06-03,1,132835
M176,2026-06-04,3,122835
M176,2026-06-05,6,486870
M176,2026-06-06,4,623672
M176,2026-06-07,7,1123787
M176,2026-06-08,3,153549
M176,2026-06-09,2,310326
M176,2026-06-10,0,0
M176,2026-06-11,4,201660
M176,2026-06-12,4,634228
M176,2026-06-13,2,93418
M176,2026-06-14,5,269685
M176,2026-06-15,6,496866
M176,2026-06-16,4,314764
M176,2026-06-17,7,769244
M176,2026-06-18,5,351300
M176,2026-06-19,0,0
M176,2026-06-20,4,567288
M176,2026-06-21,0,0
M176,2026-06-22,2,279676
M176,2026-06-23,5,673165
M176,2026-06-24,5,528430
M176,2026-06-25,3,493014
M176,2026-06-26,2,310326
M176,2026-06-27,0,0
M176,2026-06-28,3,419568
M176,2026-06-29,4,532168
M176,2026-06-30,0,0
M176,2026-07-01,0,0
M176,2026-07-02,4,535656
M176,2026-07-03,3,380478
M176,2026-07-04,0,0
M176,2026-07-05,0,0
M176,2026-07-06,0,0
M176,2026-07-07,0,0
M176,2026-07-08,0,0
M176,2026-07-09,3,267638
M176,2026-07-10,3,260395
M176,2026-07-11,4,318260
M176,2026-07-12,1,65098
M176,2026-07-13,7,643754
M176,2026-07-14,1,65098
M176,2026-07-15,0,0
M176,2026-07-16,7,614821
M176,2026-07-17,3,238695
M176,2026-07-18,0,0
M176,2026-07-19,2,188063
M176,2026-07-20,7,614821
M176,2026-07-21,0,0
M176,2026-07-22,1,86798
M176,2026-07-23,0,0
M176,2026-07-24,0,0
M176,2026-07-25,6,528023
M176,2026-07-26,6,549722
M176,2026-07-27,7,585888
M176,2026-07-28,8,687153
M176,2026-07-29,3,289327
M176,2026-07-30,6,528023
M176,2026-07-31,1,14466
M176,2026-08-01,1,21699
M176,2026-08-02,0,0
M176,2026-08-03,1,57865
M176,2026-08-04,0,0
M176,2026-08-05,6,581327
M176,2026-08-06,2,219184
M176,2026-08-07,4,371661
M176,2026-08-08,0,0
M176,2026-08-09,0,0
M176,2026-08-10,6,524137
M176,2026-08-11,10,886269
M176,2026-08-12,0,0
M176,2026-08-13,10,857680
M176,2026-08-14,3,228714
M176,2026-08-15,0,0
M176,2026-08-16,0,0
M176,2026-08-17,3,238244
M176,2026-08-18,7,628965
M176,2026-08-19,0,0
M176,2026-08-20,6,562257
M176,2026-08-21,7,619435
M176,2026-08-22,8,686144
M176,2026-08-23,1,9529
M176,2026-08-24,8,724263
M176,2026-08-25,0,0
M176,2026-08-26,2,190595
M176,2026-08-27,5,438369
M176,2026-08-28,0,0
M176,2026-08-29,9,810031
M176,2026-08-30,1,19059
M176,2026-08-31,6,524137
M177,2025-10-30,0,0
M177,2025-10-31,0,0
M177,2025-11-01,0,0
M177,2025-11-02,0,0
M177,2025-11-03,0,0
M177,2025-11-04,0,0
M177,2025-11-05,0,0
M177,2025-11-06,0,0
M177,2025-11-07,0,0
M177,2025-11-08,0,0
M177,2025-11-09,0,0
M177,2025-11-10,0,0
M177,2025-11-11,0,0
M177,2025-11-12,0,0
M177,2025-11-13,0,0
M177,2025-11-14,0,0
M177,2025-11-15,0,0
M177,2025-11-16,0,0
M177,2025-11-17,0,0
M177,2025-11-18,0,0
M177,2025-11-19,0,0
M177,2025-11-20,0,0
M177,2025-11-21,0,0
M177,2025-11-22,0,0
M177,2025-11-23,0,0
M177,2025-11-24,0,0
M177,2025-11-25,0,0
M177,2025-11-26,0,0
M177,2025-11-27,0,0
M177,2025-11-28,0,0
M177,2025-11-29,0,0
M177,2025-11-30,0,0
M177,2025-12-01,0,0
M177,2025-12-02,0,0
M177,2025-12-03,0,0
M177,2025-12-04,0,0
M177,2025-12-05,0,0
M177,2025-12-06,0,0
M177,2025-12-07,0,0
M177,2025-12-08,0,0
M177,2025-12-09,0,0
M177,2025-12-10,0,0
M177,2025-12-11,0,0
M177,2025-12-12,0,0
M177,2025-12-13,0,0
M177,2025-12-14,0,0
M177,2025-12-15,0,0
M177,2025-12-16,0,0
M177,2025-12-17,0,0
M177,2025-12-18,0,0
M177,2025-12-19,0,0
M177,2025-12-20,0,0
M177,2025-12-21,0,0
M177,2025-12-22,0,0
M177,2025-12-23,0,0
M177,2025-12-24,0,0
M177,2025-12-25,0,0
M177,2025-12-26,0,0
M177,2025-12-27,0,0
M177,2025-12-28,0,0
M177,2025-12-29,0,0
M177,2025-12-30,0,0
M177,2025-12-31,0,0
M177,2026-01-01,0,0
M177,2026-01-02,0,0
M177,2026-01-03,0,0
M177,2026-01-04,0,0
M177,2026-01-05,0,0
M177,2026-01-06,0,0
M177,2026-01-07,0,0
M177,2026-01-08,0,0
M177,2026-01-09,0,0
M177,2026-01-10,0,0
M177,2026-01-11,0,0
M177,2026-01-12,0,0
M177,2026-01-13,0,0
M177,2026-01-14,0,0
M177,2026-01-15,0,0
M177,2026-01-16,0,0
M177,2026-01-17,0,0
M177,2026-01-18,0,0
M177,2026-01-19,0,0
M177,2026-01-20,0,0
M177,2026-01-21,0,0
M177,2026-01-22,0,0
M177,2026-01-23,0,0
M177,2026-01-24,0,0
M177,2026-01-25,0,0
M177,2026-01-26,0,0
M177,2026-01-27,0,0
M177,2026-01-28,0,0
M177,2026-01-29,0,0
M177,2026-01-30,0,0
M177,2026-01-31,0,0
M177,2026-02-01,0,0
M177,2026-02-02,0,0
M177,2026-02-03,0,0
M177,2026-02-04,0,0
M177,2026-02-05,0,0
M177,2026-02-06,0,0
M177,2026-02-07,0,0
M177,2026-02-08,0,0
M177,2026-02-09,0,0
M177,2026-02-10,0,0
M177,2026-02-11,0,0
M177,2026-02-12,0,0
M177,2026-02-13,0,0
M177,2026-02-14,0,0
M177,2026-02-15,0,0
M177,2026-02-16,0,0
M177,2026-02-17,0,0
M177,2026-02-18,0,0
M177,2026-02-19,0,0
M177,2026-02-20,0,0
M177,2026-02-21,0,0
M177,2026-02-22,0,0
M177,2026-02-23,0,0
M177,2026-02-24,0,0
M177,2026-02-25,0,0
M177,2026-02-26,0,0
M177,2026-02-27,0,0
M177,2026-02-28,0,0
M177,2026-03-01,0,0
M177,2026-03-02,0,0
M177,2026-03-03,0,0
M177,2026-03-04,0,0
M177,2026-03-05,0,0
M177,2026-03-06,0,0
M177,2026-03-07,0,0
M177,2026-03-08,0,0
M177,2026-03-09,0,0
M177,2026-03-10,0,0
M177,2026-03-11,0,0
M177,2026-03-12,0,0
M177,2026-03-13,0,0
M177,2026-03-14,0,0
M177,2026-03-15,0,0
M177,2026-03-16,0,0
M177,2026-03-17,0,0
M177,2026-03-18,0,0
M177,2026-03-19,0,0
M177,2026-03-20,0,0
M177,2026-03-21,0,0
M177,2026-03-22,0,0
M177,2026-03-23,0,0
M177,2026-03-24,0,0
M177,2026-03-25,0,0
M177,2026-03-26,0,0
M177,2026-03-27,0,0
M177,2026-03-28,0,0
M177,2026-03-29,0,0
M177,2026-03-30,0,0
M177,2026-03-31,0,0
M177,2026-04-01,0,0
M177,2026-04-02,0,0
M177,2026-04-03,0,0
M177,2026-04-04,0,0
M177,2026-04-05,0,0
M177,2026-04-06,0,0
M177,2026-04-07,0,0
M177,2026-04-08,0,0
M177,2026-04-09,0,0
M177,2026-04-10,0,0
M177,2026-04-11,0,0
M177,2026-04-12,0,0
M177,2026-04-13,0,0
M177,2026-04-14,0,0
M177,2026-04-15,0,0
M177,2026-04-16,0,0
M177,2026-04-17,0,0
M177,2026-04-18,0,0
M177,2026-04-19,0,0
M177,2026-04-20,0,0
M177,2026-04-21,0,0
M177,2026-04-22,0,0
M177,2026-04-23,0,0
M177,2026-04-24,0,0
M177,2026-04-25,0,0
M177,2026-04-26,0,0
M177,2026-04-27,0,0
M177,2026-04-28,0,0
M177,2026-04-29,0,0
M177,2026-04-30,0,0
M177,2026-05-01,0,0
M177,2026-05-02,0,0
M177,2026-05-03,0,0
M177,2026-05-04,0,0
M177,2026-05-05,0,0
M177,2026-05-06,0,0
M177,2026-05-07,0,0
M177,2026-05-08,0,0
M177,2026-05-09,0,0
M177,2026-05-10,0,0
M177,2026-05-11,0,0
M177,2026-05-12,0,0
M177,2026-05-13,0,0
M177,2026-05-14,0,0
M177,2026-05-15,0,0
M177,2026-05-16,0,0
M177,2026-05-17,0,0
M177,2026-05-18,0,0
M177,2026-05-19,0,0
M177,2026-05-20,0,0
M177,2026-05-21,0,0
M177,2026-05-22,0,0
M177,2026-05-23,0,0
M177,2026-05-24,0,0
M177,2026-05-25,0,0
M177,2026-05-26,0,0
M177,2026-05-27,0,0
M177,2026-05-28,0,0
M177,2026-05-29,0,0
M177,2026-05-30,0,0
M177,2026-05-31,0,0
M177,2026-06-01,0,0
M177,2026-06-02,0,0
M177,2026-06-03,0,0
M177,2026-06-04,0,0
M177,2026-06-05,0,0
M177,2026-06-06,0,0
M177,2026-06-07,0,0
M177,2026-06-08,0,0
M177,2026-06-09,0,0
M177,2026-06-10,0,0
M177,2026-06-11,0,0
M177,2026-06-12,0,0
M177,2026-06-13,0,0
M177,2026-06-14,0,0
M177,2026-06-15,0,0
M177,2026-06-16,0,0
M177,2026-06-17,0,0
M177,2026-06-18,0,0
M177,2026-06-19,0,0
M177,2026-06-20,0,0
M177,2026-06-21,0,0
M177,2026-06-22,0,0
M177,2026-06-23,0,0
M177,2026-06-24,0,0
M177,2026-06-25,0,0
M177,2026-06-26,0,0
M177,2026-06-27,0,0
M177,2026-06-28,0,0
M177,2026-06-29,0,0
M177,2026-06-30,0,0
M177,2026-07-01,0,0
M177,2026-07-02,0,0
M177,2026-07-03,0,0
M177,2026-07-04,0,0
M177,2026-07-05,0,0
M177,2026-07-06,0,0
M177,2026-07-07,0,0
M177,2026-07-08,0,0
M177,2026-07-09,0,0
M177,2026-07-10,0,0
M177,2026-07-11,0,0
M177,2026-07-12,0,0
M177,2026-07-13,0,0
M177,2026-07-14,0,0
M177,2026-07-15,0,0
M177,2026-07-16,0,0
M177,2026-07-17,0,0
M177,2026-07-18,0,0
M177,2026-07-19,0,0
M177,2026-07-20,0,0
M177,2026-07-21,0,0
M177,2026-07-22,0,0
M177,2026-07-23,0,0
M177,2026-07-24,0,0
M177,2026-07-25,0,0
M177,2026-07-26,0,0
M177,2026-07-27,0,0
M177,2026-07-28,0,0
M177,2026-07-29,0,0
M177,2026-07-30,0,0
M177,2026-07-31,0,0
M177,2026-08-01,0,0
M177,2026-08-02,0,0
M177,2026-08-03,0,0
M177,2026-08-04,0,0
M177,2026-08-05,0,0
M177,2026-08-06,0,0
M177,2026-08-07,0,0
M177,2026-08-08,0,0
M177,2026-08-09,0,0
M177,2026-08-10,0,0
M177,2026-08-11,0,0
M177,2026-08-12,0,0
M177,2026-08-13,0,0
M177,2026-08-14,0,0
M177,2026-08-15,0,0
M177,2026-08-16,0,0
M177,2026-08-17,0,0
M177,2026-08-18,0,0
M177,2026-08-19,0,0
M177,2026-08-20,0,0
M177,2026-08-21,0,0
M177,2026-08-22,0,0
M177,2026-08-23,0,0
M177,2026-08-24,0,0
M177,2026-08-25,0,0
M177,2026-08-26,0,0
M177,2026-08-27,0,0
M177,2026-08-28,0,0
M177,2026-08-29,0,0
M177,2026-08-30,0,0
M177,2026-08-31,0,0
M179,2026-03-25,0,0
M179,2026-03-26,0,0
M179,2026-03-27,0,0
M179,2026-03-28,3,149412
M179,2026-03-29,3,149250
M179,2026-03-30,0,0
M179,2026-03-31,2,199746
M179,2026-04-01,2,142010
M179,2026-04-02,0,0
M179,2026-04-03,5,700680
M179,2026-04-04,0,0
M179,2026-04-05,2,263568
M179,2026-04-06,1,56803
M179,2026-04-07,5,584750
M179,2026-04-08,7,619073
M179,2026-04-09,0,0
M179,2026-04-10,6,534174
M179,2026-04-11,4,709164
M179,2026-04-12,5,482100
M179,2026-04-13,3,279867
M179,2026-04-14,7,518805
M179,2026-04-15,0,0
M179,2026-04-16,5,533350
M179,2026-04-17,0,0
M179,2026-04-18,0,0
M179,2026-04-19,2,194330
M179,2026-04-20,5,481250
M179,2026-04-21,6,550620
M179,2026-04-22,6,543474
M179,2026-04-23,0,0
M179,2026-04-24,0,0
M179,2026-04-25,5,503915
M179,2026-04-26,2,340484
M179,2026-04-27,0,0
M179,2026-04-28,5,670710
M179,2026-04-29,6,337902
M179,2026-04-30,6,458346
M179,2026-05-01,2,210094
M179,2026-05-02,0,0
M179,2026-05-03,0,0
M179,2026-05-04,0,0
M179,2026-05-05,4,168536
M179,2026-05-06,0,0
M179,2026-05-07,3,113466
M179,2026-05-08,4,246156
M179,2026-05-09,0,0
M179,2026-05-10,0,0
M179,2026-05-11,3,438462
M179,2026-05-12,2,83406
M179,2026-05-13,0,0
M179,2026-05-14,0,0
M179,2026-05-15,4,188384
M179,2026-05-16,0,0
M179,2026-05-17,4,608060
M179,2026-05-18,0,0
M179,2026-05-19,0,0
M179,2026-05-20,0,0
M179,2026-05-21,4,337256
M179,2026-05-22,0,0
M179,2026-05-23,0,0
M179,2026-05-24,0,0
M179,2026-05-25,2,278730
M179,2026-05-26,0,0
M179,2026-05-27,0,0
M179,2026-05-28,7,425033
M179,2026-05-29,0,0
M179,2026-05-30,7,1120000
M179,2026-05-31,5,502250
M179,2026-06-01,2,337360
M179,2026-06-02,0,0
M179,2026-06-03,2,293046
M179,2026-06-04,3,208086
M179,2026-06-05,1,88309
M179,2026-06-06,3,325821
M179,2026-06-07,3,183585
M179,2026-06-08,0,0
M179,2026-06-09,6,475506
M179,2026-06-10,6,936840
M179,2026-06-11,5,625055
M179,2026-06-12,0,0
M179,2026-06-13,0,0
M179,2026-06-14,4,249448
M179,2026-06-15,5,282115
M179,2026-06-16,5,345635
M179,2026-06-17,0,0
M179,2026-06-18,7,531972
M179,2026-06-19,2,259468
M179,2026-06-20,0,0
M179,2026-06-21,6,451986
M179,2026-06-22,0,0
M179,2026-06-23,2,78694
M179,2026-06-24,4,366968
M179,2026-06-25,0,0
M179,2026-06-26,0,0
M179,2026-06-27,3,368862
M179,2026-06-28,5,849005
M179,2026-06-29,1,89430
M179,2026-06-30,4,227452
M179,2026-07-01,5,771840
M179,2026-07-02,5,843615
M179,2026-07-03,0,0
M179,2026-07-04,0,0
M179,2026-07-05,3,300900
M179,2026-07-06,0,0
M179,2026-07-07,8,762323
M179,2026-07-08,1,48658
M179,2026-07-09,1,32439
M179,2026-07-10,6,502804
M179,2026-07-11,0,0
M179,2026-07-12,0,0
M179,2026-07-13,0,0
M179,2026-07-14,0,0
M179,2026-07-15,9,802865
M179,2026-07-16,2,218963
M179,2026-07-17,5,446036
M179,2026-07-18,6,510914
M179,2026-07-19,0,0
M179,2026-07-20,1,121646
M179,2026-07-21,7,640670
M179,2026-07-22,0,0
M179,2026-07-23,0,0
M179,2026-07-24,4,356829
M179,2026-07-25,0,0
M179,2026-07-26,0,0
M179,2026-07-27,4,340609
M179,2026-07-28,1,24329
M179,2026-07-29,6,519024
M179,2026-07-30,5,405487
M179,2026-07-31,0,0
M179,2026-08-01,6,527133
M179,2026-08-02,0,0
M179,2026-08-03,1,64878
M179,2026-08-04,0,0
M179,2026-08-05,2,161637
M179,2026-08-06,4,362437
M179,2026-08-07,4,372232
M179,2026-08-08,4,396721
M179,2026-08-09,3,298765
M179,2026-08-10,0,0
M179,2026-08-11,4,333050
M179,2026-08-12,1,58773
M179,2026-08-13,0,0
M179,2026-08-14,0,0
M179,2026-08-15,4,367334
M179,2026-08-16,5,406517
M179,2026-08-17,5,450597
M179,2026-08-18,0,0
M179,2026-08-19,0,0
M179,2026-08-20,1,73466
M179,2026-08-21,5,426108
M179,2026-08-22,2,151831
M179,2026-08-23,3,239992
M179,2026-08-24,4,386926
M179,2026-08-25,5,475086
M179,2026-08-26,0,0
M179,2026-08-27,5,470188
M179,2026-08-28,0,0
M179,2026-08-29,1,68569
M179,2026-08-30,4,367334
M179,2026-08-31,4,362437
